city,latitude,longitude,weather_main,weather_description,base,temperature,feels_like,minimum_temperature,maximum_temperature,pressure,humidity,sea_level,ground_level,visibility,wind_speed,wind_direction,gust,clouds,weather_time,sunrise,sunset,country,location_name,extraction_time,weather_hour,date,time,day_of_week
panda,9.2624,7.8385,rain,light rain,stations,30.57,34.66,30.57,30.57,1012,63,1012,969,10000,2.64,145,2.31,68,2026-06-05 12:23:20,2026-06-05 05:08:05,2026-06-05 17:46:26,NG,Maitama,2026-06-05 12:23:21.472807,12,2026-06-05,12:23:20,Friday
gurara,9.322,7.0232,rain,light rain,stations,30.47,34.21,30.47,30.47,1011,62,1011,971,10000,2.06,184,1.91,89,2026-06-05 12:23:21,2026-06-05 05:11:15,2026-06-05 17:49:48,NG,Suleja,2026-06-05 12:23:22.115248,12,2026-06-05,12:23:21,Friday
bwari,9.2856,7.3787,rain,light rain,stations,29.73,32.51,29.73,29.73,1012,61,1012,950,10000,1.84,181,1.81,80,2026-06-05 12:23:22,2026-06-05 05:09:53,2026-06-05 17:48:19,NG,Maitama,2026-06-05 12:23:22.780795,12,2026-06-05,12:23:22,Friday
gwagwalada,9.0764,6.9854,rain,light rain,stations,33.29,37.82,33.29,33.29,1011,53,1011,988,10000,1.73,160,1.71,87,2026-06-05 12:23:22,2026-06-05 05:11:49,2026-06-05 17:49:32,NG,Kwali,2026-06-05 12:23:23.445441,12,2026-06-05,12:23:22,Friday
makurdi,7.7306,8.5361,clouds,overcast clouds,stations,30.16,34.0,30.16,30.16,1011,64,1011,1000,10000,2.34,199,2.81,100,2026-06-05 12:23:23,2026-06-05 05:07:55,2026-06-05 17:41:02,NG,Walmayo,2026-06-05 12:23:23.804682,12,2026-06-05,12:23:23,Friday
panda,9.2624,7.8385,rain,light rain,stations,29.99,33.43,29.99,29.99,1009,63,1009,966,10000,2.87,187,3.5,100,2026-06-05 15:14:59,2026-06-05 05:08:05,2026-06-05 17:46:26,NG,Maitama,2026-06-05 15:15:00.189868,15,2026-06-05,15:14:59,Friday
gurara,9.322,7.0232,clouds,overcast clouds,stations,31.9,34.91,31.9,31.9,1009,53,1009,969,10000,1.36,134,1.63,100,2026-06-05 15:15:00,2026-06-05 05:11:15,2026-06-05 17:49:48,NG,Suleja,2026-06-05 15:15:00.760855,15,2026-06-05,15:15:00,Friday
bwari,9.2856,7.3787,rain,light rain,stations,29.39,31.88,29.39,29.39,1009,61,1009,948,10000,1.47,172,1.62,99,2026-06-05 15:15:00,2026-06-05 05:09:53,2026-06-05 17:48:19,NG,Maitama,2026-06-05 15:15:01.331294,15,2026-06-05,15:15:00,Friday
gwagwalada,9.0764,6.9854,clouds,overcast clouds,stations,33.48,36.97,33.48,33.48,1008,49,1008,986,10000,1.86,120,1.74,100,2026-06-05 15:15:01,2026-06-05 05:11:49,2026-06-05 17:49:32,NG,Kwali,2026-06-05 15:15:01.911450,15,2026-06-05,15:15:01,Friday
makurdi,7.7306,8.5361,clouds,overcast clouds,stations,31.26,35.14,31.26,31.26,1009,59,1009,998,10000,1.69,175,1.88,100,2026-06-05 15:15:01,2026-06-05 05:07:55,2026-06-05 17:41:02,NG,Walmayo,2026-06-05 15:15:02.487608,15,2026-06-05,15:15:01,Friday
panda,9.2624,7.8385,rain,moderate rain,stations,25.03,25.86,25.03,25.03,1011,87,1011,968,5009,2.01,104,3.08,100,2026-06-05 17:59:38,2026-06-05 05:08:05,2026-06-05 17:46:26,NG,Maitama,2026-06-05 17:59:39.059772,17,2026-06-05,17:59:38,Friday
gurara,9.322,7.0232,rain,moderate rain,stations,27.25,29.58,27.25,27.25,1010,73,1010,969,10000,1.61,132,1.7,100,2026-06-05 17:59:39,2026-06-05 05:11:15,2026-06-05 17:49:48,NG,Suleja,2026-06-05 17:59:39.616595,17,2026-06-05,17:59:39,Friday
bwari,9.2856,7.3787,rain,moderate rain,stations,24.34,25.05,24.34,24.34,1011,85,1011,949,4553,1.94,123,2.24,99,2026-06-05 17:59:39,2026-06-05 05:09:53,2026-06-05 17:48:19,NG,Maitama,2026-06-05 17:59:40.170828,17,2026-06-05,17:59:39,Friday
gwagwalada,9.0764,6.9854,rain,light rain,stations,29.27,32.37,29.27,29.27,1009,65,1009,986,10000,2.31,151,4.59,91,2026-06-05 17:59:40,2026-06-05 05:11:49,2026-06-05 17:49:32,NG,Kwali,2026-06-05 17:59:40.727756,17,2026-06-05,17:59:40,Friday
makurdi,7.7306,8.5361,clouds,overcast clouds,stations,27.82,30.83,27.82,27.82,1010,74,1010,999,10000,2.78,163,6.61,100,2026-06-05 17:59:40,2026-06-05 05:07:55,2026-06-05 17:41:02,NG,Walmayo,2026-06-05 17:59:41.198584,17,2026-06-05,17:59:40,Friday
panda,9.2624,7.8385,rain,moderate rain,stations,24.55,25.33,24.55,24.55,1014,87,1014,970,10000,1.73,20,2.23,82,2026-06-05 20:05:55,2026-06-05 05:08:05,2026-06-05 17:46:26,NG,Maitama,2026-06-05 20:05:56.199461,20,2026-06-05,20:05:55,Friday
gurara,9.322,7.0232,rain,moderate rain,stations,25.1,25.83,25.1,25.1,1013,83,1013,972,3803,2.66,84,4.71,99,2026-06-05 20:05:56,2026-06-05 05:11:15,2026-06-05 17:49:48,NG,Suleja,2026-06-05 20:05:56.755821,20,2026-06-05,20:05:56,Friday
bwari,9.2856,7.3787,rain,moderate rain,stations,23.3,23.98,23.3,23.3,1014,88,1014,951,9821,2.72,62,5.76,79,2026-06-05 20:05:56,2026-06-05 05:09:53,2026-06-05 17:48:19,NG,Maitama,2026-06-05 20:05:57.306906,20,2026-06-05,20:05:56,Friday
gwagwalada,9.0764,6.9854,rain,moderate rain,stations,26.41,26.41,26.41,26.41,1012,81,1012,989,10000,1.91,80,2.51,98,2026-06-05 20:05:57,2026-06-05 05:11:49,2026-06-05 17:49:32,NG,Kwali,2026-06-05 20:05:57.515731,20,2026-06-05,20:05:57,Friday
makurdi,7.7306,8.5361,clouds,overcast clouds,stations,25.9,26.71,25.9,25.9,1012,83,1012,1001,10000,2.17,152,5.94,98,2026-06-05 20:05:57,2026-06-05 05:07:55,2026-06-05 17:41:02,NG,Walmayo,2026-06-05 20:05:58.070442,20,2026-06-05,20:05:57,Friday
panda,9.2624,7.8385,clouds,overcast clouds,stations,24.12,24.89,24.12,24.12,1014,88,1014,970,10000,0.6,339,0.69,93,2026-06-05 23:14:36,2026-06-06 05:08:11,2026-06-06 17:46:42,NG,Maitama,2026-06-05 23:14:37.159742,23,2026-06-05,23:14:36,Friday
gurara,9.322,7.0232,rain,moderate rain,stations,22.07,22.76,22.07,22.07,1013,93,1013,972,10000,1.38,303,2.57,100,2026-06-05 23:14:37,2026-06-06 05:11:20,2026-06-06 17:50:04,NG,Suleja,2026-06-05 23:14:37.753728,23,2026-06-05,23:14:37,Friday
bwari,9.2856,7.3787,clouds,overcast clouds,stations,22.96,23.64,22.96,22.96,1014,89,1014,951,10000,0.13,143,0.87,92,2026-06-05 23:14:37,2026-06-06 05:09:59,2026-06-06 17:48:35,NG,Maitama,2026-06-05 23:14:38.354678,23,2026-06-05,23:14:37,Friday
gwagwalada,9.0764,6.9854,rain,moderate rain,stations,23.62,24.41,23.62,23.62,1013,91,1013,990,10000,2.38,311,4.67,99,2026-06-05 23:14:38,2026-06-06 05:11:55,2026-06-06 17:49:47,NG,Kwali,2026-06-05 23:14:38.954634,23,2026-06-05,23:14:38,Friday
makurdi,7.7306,8.5361,clouds,overcast clouds,stations,24.74,25.65,24.74,24.74,1013,91,1013,1002,10000,1.77,180,3.68,95,2026-06-05 23:14:39,2026-06-06 05:08:01,2026-06-06 17:41:16,NG,Walmayo,2026-06-05 23:14:39.548354,23,2026-06-05,23:14:39,Friday
panda,9.2624,7.8385,clouds,overcast clouds,stations,22.78,23.59,22.78,22.78,1013,95,1013,969,10000,0.82,157,0.9,95,2026-06-06 03:56:31,2026-06-06 05:08:11,2026-06-06 17:46:42,NG,Maitama,2026-06-06 03:56:31.897319,3,2026-06-06,03:56:31,Saturday
gurara,9.322,7.0232,clouds,overcast clouds,stations,23.14,23.96,23.14,23.14,1012,94,1012,971,10000,1.45,189,3.42,100,2026-06-06 03:56:31,2026-06-06 05:11:20,2026-06-06 17:50:04,NG,Suleja,2026-06-06 03:56:32.499472,3,2026-06-06,03:56:31,Saturday
bwari,9.2856,7.3787,clouds,overcast clouds,stations,21.98,22.71,21.98,21.98,1013,95,1013,950,10000,1.16,206,1.78,100,2026-06-06 03:56:32,2026-06-06 05:09:59,2026-06-06 17:48:35,NG,Maitama,2026-06-06 03:56:32.914759,3,2026-06-06,03:56:32,Saturday
gwagwalada,9.0764,6.9854,clouds,overcast clouds,stations,23.99,24.9,23.99,23.99,1012,94,1012,989,10000,1.3,187,2.53,100,2026-06-06 03:56:32,2026-06-06 05:11:55,2026-06-06 17:49:47,NG,Kwali,2026-06-06 03:56:33.505801,3,2026-06-06,03:56:32,Saturday
makurdi,7.7306,8.5361,clouds,overcast clouds,stations,23.62,24.49,23.62,23.62,1012,94,1012,1001,10000,1.56,209,4.83,95,2026-06-06 03:56:33,2026-06-06 05:08:01,2026-06-06 17:41:16,NG,Walmayo,2026-06-06 03:56:34.097150,3,2026-06-06,03:56:33,Saturday
panda,9.2624,7.8385,clouds,overcast clouds,stations,23.96,24.68,23.96,23.96,1014,87,1014,971,10000,1.06,146,1.56,100,2026-06-06 07:21:32,2026-06-06 05:08:11,2026-06-06 17:46:42,NG,Maitama,2026-06-06 07:21:32.670715,7,2026-06-06,07:21:32,Saturday
gurara,9.322,7.0232,clouds,overcast clouds,stations,24.3,25.06,24.3,24.3,1014,87,1014,973,10000,2.17,184,3.98,94,2026-06-06 07:21:32,2026-06-06 05:11:20,2026-06-06 17:50:04,NG,Suleja,2026-06-06 07:21:33.322765,7,2026-06-06,07:21:32,Saturday
bwari,9.2856,7.3787,clouds,overcast clouds,stations,23.35,24.01,23.35,23.35,1014,87,1014,951,10000,1.47,167,2.57,97,2026-06-06 07:21:33,2026-06-06 05:09:59,2026-06-06 17:48:35,NG,Maitama,2026-06-06 07:21:33.948567,7,2026-06-06,07:21:33,Saturday
gwagwalada,9.0764,6.9854,clouds,overcast clouds,stations,25.49,26.26,25.49,25.49,1014,83,1014,990,10000,1.81,189,3.38,99,2026-06-06 07:21:34,2026-06-06 05:11:55,2026-06-06 17:49:47,NG,Kwali,2026-06-06 07:21:34.607033,7,2026-06-06,07:21:34,Saturday
makurdi,7.7306,8.5361,clouds,overcast clouds,stations,25.3,26.0,25.3,25.3,1014,81,1014,1003,10000,1.53,210,2.43,100,2026-06-06 07:21:34,2026-06-06 05:08:01,2026-06-06 17:41:16,NG,Walmayo,2026-06-06 07:21:35.130055,7,2026-06-06,07:21:34,Saturday
panda,9.2624,7.8385,clouds,overcast clouds,stations,29.61,32.67,29.61,29.61,1014,63,1014,971,10000,1.05,203,0.79,100,2026-06-06 10:09:48,2026-06-06 05:08:11,2026-06-06 17:46:42,NG,Maitama,2026-06-06 10:09:49.041326,10,2026-06-06,10:09:48,Saturday
gurara,9.322,7.0232,clouds,overcast clouds,stations,28.86,31.57,28.86,28.86,1014,65,1014,973,10000,2.23,190,2.22,96,2026-06-06 10:09:49,2026-06-06 05:11:20,2026-06-06 17:50:04,NG,Suleja,2026-06-06 10:09:49.594538,10,2026-06-06,10:09:49,Saturday
bwari,9.2856,7.3787,clouds,overcast clouds,stations,27.67,29.7,27.67,27.67,1014,67,1014,952,10000,1.51,199,1.33,99,2026-06-06 10:09:49,2026-06-06 05:09:59,2026-06-06 17:48:35,NG,Maitama,2026-06-06 10:09:50.152526,10,2026-06-06,10:09:49,Saturday
gwagwalada,9.0764,6.9854,clouds,overcast clouds,stations,30.25,33.53,30.25,30.25,1013,61,1013,990,10000,1.87,202,1.96,98,2026-06-06 10:09:50,2026-06-06 05:11:55,2026-06-06 17:49:47,NG,Kwali,2026-06-06 10:09:50.706054,10,2026-06-06,10:09:50,Saturday
makurdi,7.7306,8.5361,clouds,broken clouds,stations,30.74,33.62,30.74,30.74,1013,57,1013,1002,10000,2.36,180,2.46,73,2026-06-06 10:09:50,2026-06-06 05:08:01,2026-06-06 17:41:16,NG,Walmayo,2026-06-06 10:09:51.256792,10,2026-06-06,10:09:50,Saturday
panda,9.2624,7.8385,rain,light rain,stations,30.59,33.33,30.59,30.59,1011,57,1011,968,10000,1.3,62,2.75,96,2026-06-06 13:54:03,2026-06-06 05:08:11,2026-06-06 17:46:42,NG,Maitama,2026-06-06 13:54:03.950833,13,2026-06-06,13:54:03,Saturday
gurara,9.322,7.0232,rain,light rain,stations,30.15,33.12,30.15,30.15,1011,60,1011,971,10000,2.69,107,2.67,100,2026-06-06 13:54:04,2026-06-06 05:11:20,2026-06-06 17:50:04,NG,Suleja,2026-06-06 13:54:04.550452,13,2026-06-06,13:54:04,Saturday
bwari,9.2856,7.3787,rain,moderate rain,stations,28.15,30.68,28.15,28.15,1011,68,1011,950,10000,0.47,103,1.6,100,2026-06-06 13:54:04,2026-06-06 05:09:59,2026-06-06 17:48:35,NG,Maitama,2026-06-06 13:54:05.145660,13,2026-06-06,13:54:04,Saturday
gwagwalada,9.0764,6.9854,rain,light rain,stations,31.75,34.87,31.75,31.75,1010,54,1010,988,10000,2.5,101,2.44,100,2026-06-06 13:54:05,2026-06-06 05:11:55,2026-06-06 17:49:47,NG,Kwali,2026-06-06 13:54:05.737269,13,2026-06-06,13:54:05,Saturday
makurdi,7.7306,8.5361,rain,light rain,stations,33.09,35.36,33.09,33.09,1010,46,1010,999,10000,2.03,157,1.96,98,2026-06-06 13:54:05,2026-06-06 05:08:01,2026-06-06 17:41:16,NG,Walmayo,2026-06-06 13:54:06.335869,13,2026-06-06,13:54:05,Saturday
panda,9.2624,7.8385,rain,light rain,stations,29.64,33.12,29.64,29.64,1011,65,1011,968,10000,1.71,118,3.03,99,2026-06-06 15:19:52,2026-06-06 05:08:11,2026-06-06 17:46:42,NG,Maitama,2026-06-06 15:19:53.428029,15,2026-06-06,15:19:52,Saturday
gurara,9.322,7.0232,clouds,overcast clouds,stations,30.15,32.92,30.15,30.15,1010,59,1010,970,10000,3.17,129,3.13,100,2026-06-06 15:19:53,2026-06-06 05:11:20,2026-06-06 17:50:04,NG,Suleja,2026-06-06 15:19:53.933657,15,2026-06-06,15:19:53,Saturday
bwari,9.2856,7.3787,rain,light rain,stations,27.41,29.78,27.41,27.41,1011,72,1011,949,10000,2.04,148,2.53,100,2026-06-06 15:19:53,2026-06-06 05:09:59,2026-06-06 17:48:35,NG,Maitama,2026-06-06 15:19:54.491246,15,2026-06-06,15:19:53,Saturday
gwagwalada,9.0764,6.9854,rain,light rain,stations,29.87,33.6,29.87,29.87,1010,65,1010,987,10000,1.14,165,2.53,100,2026-06-06 15:19:54,2026-06-06 05:11:55,2026-06-06 17:49:47,NG,Kwali,2026-06-06 15:19:55.051266,15,2026-06-06,15:19:54,Saturday
makurdi,7.7306,8.5361,clouds,overcast clouds,stations,30.23,33.07,30.23,30.23,1010,59,1010,999,10000,2.33,175,4.43,99,2026-06-06 15:19:55,2026-06-06 05:08:01,2026-06-06 17:41:16,NG,Walmayo,2026-06-06 15:19:55.603452,15,2026-06-06,15:19:55,Saturday
panda,9.2624,7.8385,rain,light rain,stations,27.73,30.52,27.73,27.73,1011,73,1011,968,10000,1.29,160,2.33,96,2026-06-06 17:19:47,2026-06-06 05:08:11,2026-06-06 17:46:42,NG,Maitama,2026-06-06 17:19:48.474624,17,2026-06-06,17:19:47,Saturday
gurara,9.322,7.0232,rain,light rain,stations,27.44,30.16,27.44,27.44,1011,75,1011,971,8295,0.93,80,1.3,100,2026-06-06 17:19:48,2026-06-06 05:11:20,2026-06-06 17:50:04,NG,Suleja,2026-06-06 17:19:49.040390,17,2026-06-06,17:19:48,Saturday
bwari,9.2856,7.3787,rain,light rain,stations,25.95,25.95,25.95,25.95,1011,79,1011,949,10000,1.29,150,1.99,100,2026-06-06 17:19:49,2026-06-06 05:09:59,2026-06-06 17:48:35,NG,Maitama,2026-06-06 17:19:49.515991,17,2026-06-06,17:19:49,Saturday
gwagwalada,9.0764,6.9854,rain,light rain,stations,29.6,32.84,29.6,29.6,1010,64,1010,987,10000,2.08,113,3.62,100,2026-06-06 17:19:49,2026-06-06 05:11:55,2026-06-06 17:49:47,NG,Kwali,2026-06-06 17:19:50.069718,17,2026-06-06,17:19:49,Saturday
makurdi,7.7306,8.5361,clouds,overcast clouds,stations,29.48,32.23,29.48,29.48,1010,62,1010,999,10000,2.48,205,5.02,100,2026-06-06 17:19:50,2026-06-06 05:08:01,2026-06-06 17:41:16,NG,Walmayo,2026-06-06 17:19:50.622957,17,2026-06-06,17:19:50,Saturday
panda,9.2624,7.8385,clouds,overcast clouds,stations,25.09,25.69,25.09,25.09,1014,78,1014,971,10000,0.82,257,0.83,90,2026-06-06 19:39:06,2026-06-06 05:08:11,2026-06-06 17:46:42,NG,Maitama,2026-06-06 19:39:06.091754,19,2026-06-06,19:39:06,Saturday
gurara,9.322,7.0232,clouds,overcast clouds,stations,24.98,25.6,24.98,24.98,1014,79,1014,973,10000,1.12,48,1.11,89,2026-06-06 19:39:06,2026-06-06 05:11:20,2026-06-06 17:50:04,NG,Suleja,2026-06-06 19:39:06.202420,19,2026-06-06,19:39:06,Saturday
bwari,9.2856,7.3787,clouds,overcast clouds,stations,23.7,24.24,23.7,23.7,1014,81,1014,952,10000,0.32,74,0.57,92,2026-06-06 19:39:06,2026-06-06 05:09:59,2026-06-06 17:48:35,NG,Maitama,2026-06-06 19:39:06.306697,19,2026-06-06,19:39:06,Saturday
gwagwalada,9.0764,6.9854,rain,light rain,stations,26.57,26.57,26.57,26.57,1013,73,1013,990,10000,0.79,93,1.04,88,2026-06-06 19:39:06,2026-06-06 05:11:55,2026-06-06 17:49:47,NG,Kwali,2026-06-06 19:39:06.416422,19,2026-06-06,19:39:06,Saturday
makurdi,7.7306,8.5361,rain,light rain,stations,25.64,26.37,25.64,25.64,1014,81,1014,1003,10000,2.86,183,7.78,100,2026-06-06 19:39:06,2026-06-06 05:08:01,2026-06-06 17:41:16,NG,Walmayo,2026-06-06 19:39:06.507482,19,2026-06-06,19:39:06,Saturday
panda,9.2624,7.8385,clouds,overcast clouds,stations,24.77,25.34,24.77,24.77,1015,78,1015,972,10000,0.66,194,0.85,94,2026-06-06 21:09:35,2026-06-06 05:08:11,2026-06-06 17:46:42,NG,Maitama,2026-06-06 21:09:35.233371,21,2026-06-06,21:09:35,Saturday
gurara,9.322,7.0232,clouds,overcast clouds,stations,24.71,25.33,24.71,24.71,1014,80,1014,974,10000,0.96,99,1.04,93,2026-06-06 21:09:35,2026-06-06 05:11:20,2026-06-06 17:50:04,NG,Suleja,2026-06-06 21:09:35.321354,21,2026-06-06,21:09:35,Saturday
bwari,9.2856,7.3787,clouds,overcast clouds,stations,23.5,24.02,23.5,23.5,1015,81,1015,952,10000,0.72,144,0.88,94,2026-06-06 21:09:35,2026-06-06 05:09:59,2026-06-06 17:48:35,NG,Maitama,2026-06-06 21:09:35.408640,21,2026-06-06,21:09:35,Saturday
gwagwalada,9.0764,6.9854,rain,light rain,stations,25.6,26.25,25.6,25.6,1014,78,1014,991,10000,0.86,151,1.06,92,2026-06-06 21:09:35,2026-06-06 05:11:55,2026-06-06 17:49:47,NG,Kwali,2026-06-06 21:09:35.500070,21,2026-06-06,21:09:35,Saturday
makurdi,7.7306,8.5361,clouds,overcast clouds,stations,25.74,26.48,25.74,25.74,1014,81,1014,1003,10000,3.24,192,8.62,98,2026-06-06 21:09:35,2026-06-06 05:08:01,2026-06-06 17:41:16,NG,Walmayo,2026-06-06 21:09:35.585849,21,2026-06-06,21:09:35,Saturday
panda,9.2624,7.8385,rain,light rain,stations,23.46,24.21,23.46,23.46,1016,90,1016,972,10000,1.57,165,1.61,92,2026-06-06 23:08:24,2026-06-07 05:08:16,2026-06-07 17:46:57,NG,Maitama,2026-06-06 23:08:24.402976,23,2026-06-06,23:08:24,Saturday
gurara,9.322,7.0232,clouds,overcast clouds,stations,23.67,24.42,23.67,23.67,1015,89,1015,974,10000,2.18,162,4.91,100,2026-06-06 23:08:24,2026-06-07 05:11:26,2026-06-07 17:50:19,NG,Suleja,2026-06-06 23:08:24.993398,23,2026-06-06,23:08:24,Saturday
bwari,9.2856,7.3787,clouds,overcast clouds,stations,22.43,23.05,22.43,22.43,1015,89,1015,952,10000,1.99,164,3.01,100,2026-06-06 23:08:25,2026-06-07 05:10:04,2026-06-07 17:48:50,NG,Maitama,2026-06-06 23:08:25.590530,23,2026-06-06,23:08:25,Saturday
gwagwalada,9.0764,6.9854,rain,light rain,stations,24.69,25.41,24.69,24.69,1015,84,1015,992,10000,2.48,171,6.51,99,2026-06-06 23:08:25,2026-06-07 05:12:01,2026-06-07 17:50:03,NG,Kwali,2026-06-06 23:08:26.186174,23,2026-06-06,23:08:25,Saturday
makurdi,7.7306,8.5361,clouds,overcast clouds,stations,25.05,25.86,25.05,25.05,1015,86,1015,1003,10000,3.88,196,9.31,94,2026-06-06 23:08:26,2026-06-07 05:08:08,2026-06-07 17:41:31,NG,Walmayo,2026-06-06 23:08:26.776589,23,2026-06-06,23:08:26,Saturday
panda,9.2624,7.8385,clouds,broken clouds,stations,22.53,23.16,22.53,22.53,1015,89,1015,971,10000,0.28,343,0.33,68,2026-06-07 04:22:44,2026-06-07 05:08:16,2026-06-07 17:46:57,NG,Maitama,2026-06-07 04:22:44.585117,4,2026-06-07,04:22:44,Sunday
gurara,9.322,7.0232,clouds,overcast clouds,stations,22.22,22.93,22.22,22.22,1015,93,1015,974,10000,0.97,165,1.38,99,2026-06-07 04:22:44,2026-06-07 05:11:26,2026-06-07 17:50:19,NG,Suleja,2026-06-07 04:22:45.068539,4,2026-06-07,04:22:44,Sunday
bwari,9.2856,7.3787,clouds,overcast clouds,stations,21.2,21.78,21.2,21.2,1015,92,1015,952,10000,0.79,203,0.94,93,2026-06-07 04:22:45,2026-06-07 05:10:04,2026-06-07 17:48:50,NG,Maitama,2026-06-07 04:22:45.623803,4,2026-06-07,04:22:45,Sunday
gwagwalada,9.0764,6.9854,clouds,overcast clouds,stations,23.23,23.98,23.23,23.23,1015,91,1015,991,10000,0.68,170,0.77,90,2026-06-07 04:22:45,2026-06-07 05:12:01,2026-06-07 17:50:03,NG,Kwali,2026-06-07 04:22:46.180871,4,2026-06-07,04:22:45,Sunday
makurdi,7.7306,8.5361,clouds,overcast clouds,stations,23.5,24.39,23.5,23.5,1014,95,1014,1003,10000,1.89,219,5.86,94,2026-06-07 04:22:46,2026-06-07 05:08:08,2026-06-07 17:41:31,NG,Walmayo,2026-06-07 04:22:46.740970,4,2026-06-07,04:22:46,Sunday
panda,9.2624,7.8385,clouds,broken clouds,stations,29.34,31.97,29.34,29.34,1016,62,1016,973,10000,1.11,202,0.94,81,2026-06-07 09:22:24,2026-06-07 05:08:16,2026-06-07 17:46:57,NG,Maitama,2026-06-07 09:22:24.402846,9,2026-06-07,09:22:24,Sunday
gurara,9.322,7.0232,clouds,broken clouds,stations,27.96,30.21,27.96,27.96,1016,67,1016,976,10000,1.91,230,1.98,65,2026-06-07 09:22:24,2026-06-07 05:11:26,2026-06-07 17:50:19,NG,Suleja,2026-06-07 09:22:24.994951,9,2026-06-07,09:22:24,Sunday
bwari,9.2856,7.3787,clouds,scattered clouds,stations,27.13,28.73,27.13,27.13,1017,66,1017,955,10000,1.84,226,1.63,45,2026-06-07 09:22:25,2026-06-07 05:10:04,2026-06-07 17:48:50,NG,Maitama,2026-06-07 09:22:25.592273,9,2026-06-07,09:22:25,Sunday
gwagwalada,9.0764,6.9854,clouds,overcast clouds,stations,29.06,31.79,29.06,29.06,1016,64,1016,993,10000,1.67,244,1.76,88,2026-06-07 09:22:25,2026-06-07 05:12:01,2026-06-07 17:50:03,NG,Kwali,2026-06-07 09:22:26.181449,9,2026-06-07,09:22:25,Sunday
makurdi,7.7306,8.5361,clouds,overcast clouds,stations,29.49,32.62,29.49,29.49,1016,64,1016,1005,10000,1.95,258,2.43,93,2026-06-07 09:22:26,2026-06-07 05:08:08,2026-06-07 17:41:31,NG,Walmayo,2026-06-07 09:22:26.772277,9,2026-06-07,09:22:26,Sunday
panda,9.2624,7.8385,clouds,broken clouds,stations,32.4,35.11,32.4,32.4,1014,50,1014,972,10000,1.1,167,1.78,84,2026-06-07 11:52:51,2026-06-07 05:08:16,2026-06-07 17:46:57,NG,Maitama,2026-06-07 11:52:51.764849,11,2026-06-07,11:52:51,Sunday
gurara,9.322,7.0232,clouds,broken clouds,stations,31.34,33.85,31.34,31.34,1015,53,1015,975,10000,1.28,220,1.4,81,2026-06-07 11:52:51,2026-06-07 05:11:26,2026-06-07 17:50:19,NG,Suleja,2026-06-07 11:52:52.319789,11,2026-06-07,11:52:51,Sunday
bwari,9.2856,7.3787,clouds,broken clouds,stations,30.24,32.49,30.24,30.24,1015,56,1015,954,10000,1.23,225,2.13,72,2026-06-07 11:52:52,2026-06-07 05:10:04,2026-06-07 17:48:50,NG,Maitama,2026-06-07 11:52:52.869361,11,2026-06-07,11:52:52,Sunday
gwagwalada,9.0764,6.9854,clouds,overcast clouds,stations,32.82,35.93,32.82,32.82,1014,50,1014,991,10000,1.16,278,1.09,91,2026-06-07 11:52:52,2026-06-07 05:12:01,2026-06-07 17:50:03,NG,Kwali,2026-06-07 11:52:53.388393,11,2026-06-07,11:52:52,Sunday
makurdi,7.7306,8.5361,clouds,overcast clouds,stations,32.63,36.11,32.63,32.63,1014,52,1014,1003,10000,2.32,273,2.25,95,2026-06-07 11:52:53,2026-06-07 05:08:08,2026-06-07 17:41:31,NG,Walmayo,2026-06-07 11:52:53.944212,11,2026-06-07,11:52:53,Sunday
panda,9.2624,7.8385,clouds,overcast clouds,stations,33.57,35.72,33.57,33.57,1012,44,1012,970,10000,1.76,189,2.83,85,2026-06-07 14:04:18,2026-06-07 05:08:16,2026-06-07 17:46:57,NG,Maitama,2026-06-07 14:04:19.247177,14,2026-06-07,14:04:18,Sunday
gurara,9.322,7.0232,clouds,overcast clouds,stations,31.8,34.0,31.8,31.8,1013,50,1013,973,10000,1.78,194,1.96,90,2026-06-07 14:04:19,2026-06-07 05:11:26,2026-06-07 17:50:19,NG,Suleja,2026-06-07 14:04:19.840558,14,2026-06-07,14:04:19,Sunday
bwari,9.2856,7.3787,clouds,overcast clouds,stations,29.7,31.73,29.7,29.7,1013,57,1013,952,10000,2.08,229,1.76,95,2026-06-07 14:04:19,2026-06-07 05:10:04,2026-06-07 17:48:50,NG,Maitama,2026-06-07 14:04:20.432537,14,2026-06-07,14:04:19,Sunday
gwagwalada,9.0764,6.9854,clouds,overcast clouds,stations,33.91,36.63,33.91,33.91,1012,45,1012,990,10000,0.78,251,2.01,90,2026-06-07 14:04:20,2026-06-07 05:12:01,2026-06-07 17:50:03,NG,Kwali,2026-06-07 14:04:21.022588,14,2026-06-07,14:04:20,Sunday
makurdi,7.7306,8.5361,clouds,overcast clouds,stations,33.18,36.36,33.18,33.18,1012,49,1012,1001,10000,1.89,256,1.3,100,2026-06-07 14:04:21,2026-06-07 05:08:08,2026-06-07 17:41:31,NG,Walmayo,2026-06-07 14:04:21.613856,14,2026-06-07,14:04:21,Sunday
panda,9.2624,7.8385,rain,light rain,stations,27.06,29.4,27.06,27.06,1013,75,1013,969,10000,2.84,318,5.47,91,2026-06-07 17:23:46,2026-06-07 05:08:16,2026-06-07 17:46:57,NG,Maitama,2026-06-07 17:23:47.422710,17,2026-06-07,17:23:46,Sunday
gurara,9.322,7.0232,rain,moderate rain,stations,27.65,30.12,27.65,27.65,1013,71,1013,972,10000,3.33,23,5.95,96,2026-06-07 17:23:47,2026-06-07 05:11:26,2026-06-07 17:50:19,NG,Suleja,2026-06-07 17:23:47.986087,17,2026-06-07,17:23:47,Sunday
bwari,9.2856,7.3787,rain,heavy intensity rain,stations,22.93,23.71,22.93,22.93,1014,93,1014,951,10000,2.61,332,6.65,97,2026-06-07 17:23:48,2026-06-07 05:10:04,2026-06-07 17:48:50,NG,Maitama,2026-06-07 17:23:48.551393,17,2026-06-07,17:23:48,Sunday
gwagwalada,9.0764,6.9854,rain,light rain,stations,31.43,34.25,31.43,31.43,1011,54,1011,989,10000,1.51,308,3.88,96,2026-06-07 17:23:48,2026-06-07 05:12:01,2026-06-07 17:50:03,NG,Kwali,2026-06-07 17:23:48.877691,17,2026-06-07,17:23:48,Sunday
makurdi,7.7306,8.5361,clouds,overcast clouds,stations,29.44,33.3,29.44,29.44,1011,68,1011,1000,10000,3.34,183,5.64,100,2026-06-07 17:23:48,2026-06-07 05:08:08,2026-06-07 17:41:31,NG,Walmayo,2026-06-07 17:23:49.443840,17,2026-06-07,17:23:48,Sunday
panda,9.2624,7.8385,clouds,overcast clouds,stations,24.72,25.44,24.72,24.72,1014,84,1014,971,10000,0.66,189,0.98,100,2026-06-07 19:39:52,2026-06-07 05:08:16,2026-06-07 17:46:57,NG,Maitama,2026-06-07 19:39:52.704829,19,2026-06-07,19:39:52,Sunday
gurara,9.322,7.0232,rain,light rain,stations,23.63,24.29,23.63,23.63,1014,86,1014,973,10000,2.25,54,3.66,100,2026-06-07 19:39:52,2026-06-07 05:11:26,2026-06-07 17:50:19,NG,Suleja,2026-06-07 19:39:52.782311,19,2026-06-07,19:39:52,Sunday
bwari,9.2856,7.3787,rain,light rain,stations,23.05,23.66,23.05,23.05,1014,86,1014,951,10000,0.43,176,1.28,100,2026-06-07 19:39:52,2026-06-07 05:10:04,2026-06-07 17:48:50,NG,Maitama,2026-06-07 19:39:53.349501,19,2026-06-07,19:39:52,Sunday
gwagwalada,9.0764,6.9854,clouds,overcast clouds,stations,25.42,26.18,25.42,25.42,1013,83,1013,990,10000,1.77,74,2.26,100,2026-06-07 19:39:53,2026-06-07 05:12:01,2026-06-07 17:50:03,NG,Kwali,2026-06-07 19:39:53.921893,19,2026-06-07,19:39:53,Sunday
makurdi,7.7306,8.5361,clouds,overcast clouds,stations,26.32,26.32,26.32,26.32,1013,83,1013,1002,10000,2.42,181,6.09,99,2026-06-07 19:39:53,2026-06-07 05:08:08,2026-06-07 17:41:31,NG,Walmayo,2026-06-07 19:39:54.490783,19,2026-06-07,19:39:53,Sunday
panda,9.2624,7.8385,clouds,overcast clouds,stations,24.45,25.14,24.45,24.45,1015,84,1015,971,10000,1.11,154,1.15,100,2026-06-07 21:18:28,2026-06-07 05:08:16,2026-06-07 17:46:57,NG,Maitama,2026-06-07 21:18:28.820097,21,2026-06-07,21:18:28,Sunday
gurara,9.322,7.0232,rain,light rain,stations,24.33,24.96,24.33,24.33,1014,82,1014,973,10000,0.5,302,1.32,100,2026-06-07 21:18:28,2026-06-07 05:11:26,2026-06-07 17:50:19,NG,Suleja,2026-06-07 21:18:28.985835,21,2026-06-07,21:18:28,Sunday
bwari,9.2856,7.3787,clouds,overcast clouds,stations,23.28,23.88,23.28,23.28,1015,85,1015,952,10000,0.68,100,1.13,100,2026-06-07 21:18:29,2026-06-07 05:10:04,2026-06-07 17:48:50,NG,Maitama,2026-06-07 21:18:29.172445,21,2026-06-07,21:18:29,Sunday
gwagwalada,9.0764,6.9854,clouds,overcast clouds,stations,25.66,26.4,25.66,25.66,1014,81,1014,990,10000,0.46,297,1.1,100,2026-06-07 21:18:29,2026-06-07 05:12:01,2026-06-07 17:50:03,NG,Kwali,2026-06-07 21:18:29.344804,21,2026-06-07,21:18:29,Sunday
makurdi,7.7306,8.5361,clouds,overcast clouds,stations,26.1,26.1,26.1,26.1,1014,83,1014,1003,10000,2.59,194,7.03,99,2026-06-07 21:18:29,2026-06-07 05:08:08,2026-06-07 17:41:31,NG,Walmayo,2026-06-07 21:18:29.505272,21,2026-06-07,21:18:29,Sunday
panda,9.2624,7.8385,clouds,overcast clouds,stations,23.78,24.51,23.78,23.78,1015,88,1015,971,10000,1.06,154,1.19,100,2026-06-07 23:11:17,2026-06-08 05:08:23,2026-06-08 17:47:12,NG,Maitama,2026-06-07 23:11:18.296410,23,2026-06-07,23:11:17,Sunday
gurara,9.322,7.0232,rain,light rain,stations,23.59,24.25,23.59,23.59,1014,86,1014,973,10000,1.28,91,1.28,100,2026-06-07 23:11:18,2026-06-08 05:11:32,2026-06-08 17:50:34,NG,Suleja,2026-06-07 23:11:18.940968,23,2026-06-07,23:11:18,Sunday
bwari,9.2856,7.3787,rain,light rain,stations,22.55,23.16,22.55,22.55,1015,88,1015,952,10000,0.93,184,1.1,100,2026-06-07 23:11:19,2026-06-08 05:10:11,2026-06-08 17:49:05,NG,Maitama,2026-06-07 23:11:19.571862,23,2026-06-07,23:11:19,Sunday
gwagwalada,9.0764,6.9854,rain,light rain,stations,25.29,26.04,25.29,25.29,1014,83,1014,991,10000,0.58,129,0.9,100,2026-06-07 23:11:19,2026-06-08 05:12:07,2026-06-08 17:50:18,NG,Kwali,2026-06-07 23:11:20.187828,23,2026-06-07,23:11:19,Sunday
makurdi,7.7306,8.5361,clouds,overcast clouds,stations,25.45,26.19,25.45,25.45,1014,82,1014,1002,10000,2.26,200,7.18,100,2026-06-07 23:11:20,2026-06-08 05:08:15,2026-06-08 17:41:45,NG,Walmayo,2026-06-07 23:11:20.848586,23,2026-06-07,23:11:20,Sunday
panda,9.2624,7.8385,clouds,overcast clouds,stations,23.02,23.73,23.02,23.02,1014,90,1014,971,10000,0.86,292,0.83,100,2026-06-08 04:26:52,2026-06-08 05:08:23,2026-06-08 17:47:12,NG,Maitama,2026-06-08 04:26:52.430847,4,2026-06-08,04:26:52,Monday
gurara,9.322,7.0232,rain,light rain,stations,22.57,23.21,22.57,22.57,1014,89,1014,973,10000,0.12,273,0.55,100,2026-06-08 04:26:52,2026-06-08 05:11:32,2026-06-08 17:50:34,NG,Suleja,2026-06-08 04:26:52.559760,4,2026-06-08,04:26:52,Monday
bwari,9.2856,7.3787,rain,light rain,stations,21.42,21.99,21.42,21.42,1015,91,1015,952,10000,0.4,246,0.79,100,2026-06-08 04:26:32,2026-06-08 05:10:11,2026-06-08 17:49:05,NG,Maitama,2026-06-08 04:26:52.680995,4,2026-06-08,04:26:32,Monday
gwagwalada,9.0764,6.9854,rain,light rain,stations,23.7,24.4,23.7,23.7,1014,87,1014,991,10000,0.36,287,0.49,100,2026-06-08 04:26:52,2026-06-08 05:12:07,2026-06-08 17:50:18,NG,Kwali,2026-06-08 04:26:52.811972,4,2026-06-08,04:26:52,Monday
makurdi,7.7306,8.5361,clouds,overcast clouds,stations,23.85,24.67,23.85,23.85,1014,91,1014,1003,10000,1.89,211,6.12,100,2026-06-08 04:26:52,2026-06-08 05:08:15,2026-06-08 17:41:45,NG,Walmayo,2026-06-08 04:26:52.939930,4,2026-06-08,04:26:52,Monday
panda,9.2624,7.8385,clouds,overcast clouds,stations,32.18,35.47,32.18,32.18,1014,53,1014,972,10000,0.94,329,1.64,100,2026-06-08 11:06:44,2026-06-08 05:08:23,2026-06-08 17:47:12,NG,Maitama,2026-06-08 11:06:44.726862,11,2026-06-08,11:06:44,Monday
gurara,9.322,7.0232,clouds,overcast clouds,stations,30.19,33.2,30.19,30.19,1014,60,1014,974,10000,1.75,278,2.3,100,2026-06-08 11:06:44,2026-06-08 05:11:32,2026-06-08 17:50:34,NG,Suleja,2026-06-08 11:06:44.821684,11,2026-06-08,11:06:44,Monday
bwari,9.2856,7.3787,clouds,overcast clouds,stations,28.83,31.2,28.83,28.83,1015,63,1015,953,10000,2.04,288,2.5,100,2026-06-08 11:06:44,2026-06-08 05:10:11,2026-06-08 17:49:05,NG,Maitama,2026-06-08 11:06:44.917075,11,2026-06-08,11:06:44,Monday
gwagwalada,9.0764,6.9854,clouds,overcast clouds,stations,31.34,34.8,31.34,31.34,1014,57,1014,991,10000,2.01,283,2.31,100,2026-06-08 11:06:44,2026-06-08 05:12:07,2026-06-08 17:50:18,NG,Kwali,2026-06-08 11:06:45.007873,11,2026-06-08,11:06:44,Monday
makurdi,7.7306,8.5361,clouds,overcast clouds,stations,31.25,34.87,31.25,31.25,1014,58,1014,1003,10000,1.86,238,2.21,99,2026-06-08 11:06:45,2026-06-08 05:08:15,2026-06-08 17:41:45,NG,Walmayo,2026-06-08 11:06:45.137153,11,2026-06-08,11:06:45,Monday
panda,9.2624,7.8385,rain,moderate rain,stations,27.61,30.28,27.61,27.61,1011,73,1011,968,10000,0.71,177,1.99,100,2026-06-08 16:02:19,2026-06-08 05:08:23,2026-06-08 17:47:12,NG,Maitama,2026-06-08 16:02:19.920386,16,2026-06-08,16:02:19,Monday
gurara,9.322,7.0232,clouds,overcast clouds,stations,29.88,32.8,29.88,29.88,1010,61,1010,970,10000,0.66,359,1.71,100,2026-06-08 16:02:20,2026-06-08 05:11:32,2026-06-08 17:50:34,NG,Suleja,2026-06-08 16:02:20.053058,16,2026-06-08,16:02:20,Monday
bwari,9.2856,7.3787,clouds,overcast clouds,stations,28.53,30.82,28.53,28.53,1011,64,1011,950,10000,1.14,309,1.8,100,2026-06-08 16:02:20,2026-06-08 05:10:11,2026-06-08 17:49:05,NG,Maitama,2026-06-08 16:02:20.188259,16,2026-06-08,16:02:20,Monday
gwagwalada,9.0764,6.9854,clouds,overcast clouds,stations,32.67,35.91,32.67,32.67,1010,51,1010,987,10000,1.21,316,2.61,99,2026-06-08 16:02:20,2026-06-08 05:12:07,2026-06-08 17:50:18,NG,Kwali,2026-06-08 16:02:20.322597,16,2026-06-08,16:02:20,Monday
makurdi,7.7306,8.5361,clouds,overcast clouds,stations,32.79,37.03,32.79,32.79,1010,54,1010,999,10000,2.19,222,1.68,99,2026-06-08 16:02:20,2026-06-08 05:08:15,2026-06-08 17:41:45,NG,Walmayo,2026-06-08 16:02:20.457663,16,2026-06-08,16:02:20,Monday
panda,9.2624,7.8385,rain,light rain,stations,23.83,24.72,23.83,23.83,1014,94,1014,970,10000,1.99,347,4.41,100,2026-06-08 20:24:49,2026-06-08 05:08:23,2026-06-08 17:47:12,NG,Maitama,2026-06-08 20:24:49.296401,20,2026-06-08,20:24:49,Monday
gurara,9.322,7.0232,rain,light rain,stations,25.56,26.21,25.56,25.56,1014,78,1014,973,10000,2.59,105,5.56,100,2026-06-08 20:24:49,2026-06-08 05:11:32,2026-06-08 17:50:34,NG,Suleja,2026-06-08 20:24:49.854024,20,2026-06-08,20:24:49,Monday
bwari,9.2856,7.3787,rain,light rain,stations,22.81,23.55,22.81,22.81,1015,92,1015,952,10000,1.89,68,5.83,100,2026-06-08 20:24:49,2026-06-08 05:10:11,2026-06-08 17:49:05,NG,Maitama,2026-06-08 20:24:50.411897,20,2026-06-08,20:24:49,Monday
gwagwalada,9.0764,6.9854,rain,light rain,stations,26.14,26.14,26.14,26.14,1013,78,1013,990,10000,2.39,94,5.59,100,2026-06-08 20:24:50,2026-06-08 05:12:07,2026-06-08 17:50:18,NG,Kwali,2026-06-08 20:24:50.962484,20,2026-06-08,20:24:50,Monday
makurdi,7.7306,8.5361,clouds,overcast clouds,stations,26.83,29.71,26.83,26.83,1013,84,1013,1002,10000,2.82,213,7.62,99,2026-06-08 20:24:51,2026-06-08 05:08:15,2026-06-08 17:41:45,NG,Walmayo,2026-06-08 20:24:51.521386,20,2026-06-08,20:24:51,Monday
panda,9.2624,7.8385,clouds,overcast clouds,stations,23.78,24.62,23.78,23.78,1014,92,1014,971,10000,0.89,37,1.32,100,2026-06-08 23:15:03,2026-06-09 05:08:30,2026-06-09 17:47:28,NG,Maitama,2026-06-08 23:15:03.572802,23,2026-06-08,23:15:03,Monday
gurara,9.322,7.0232,clouds,overcast clouds,stations,24.08,24.79,24.08,24.08,1013,86,1013,973,10000,1.85,80,2.7,100,2026-06-08 23:15:03,2026-06-09 05:11:39,2026-06-09 17:50:50,NG,Suleja,2026-06-08 23:15:04.181025,23,2026-06-08,23:15:03,Monday
bwari,9.2856,7.3787,clouds,overcast clouds,stations,22.49,23.17,22.49,22.49,1014,91,1014,951,10000,2.01,65,3.06,100,2026-06-08 23:15:05,2026-06-09 05:10:18,2026-06-09 17:49:20,NG,Maitama,2026-06-08 23:15:05.718919,23,2026-06-08,23:15:05,Monday
gwagwalada,9.0764,6.9854,clouds,overcast clouds,stations,25.47,26.19,25.47,25.47,1013,81,1013,990,10000,1.09,124,1.95,100,2026-06-08 23:15:05,2026-06-09 05:12:14,2026-06-09 17:50:33,NG,Kwali,2026-06-08 23:15:06.323209,23,2026-06-08,23:15:05,Monday
makurdi,7.7306,8.5361,rain,moderate rain,stations,24.68,25.63,24.68,24.68,1014,93,1014,1002,7274,2.55,210,8.97,100,2026-06-08 23:15:06,2026-06-09 05:08:23,2026-06-09 17:42:00,NG,Walmayo,2026-06-08 23:15:06.911036,23,2026-06-08,23:15:06,Monday
panda,9.2624,7.8385,rain,light rain,stations,23.39,24.21,23.39,23.39,1013,93,1013,970,10000,0.35,221,0.45,100,2026-06-09 03:58:58,2026-06-09 05:08:30,2026-06-09 17:47:28,NG,Maitama,2026-06-09 03:58:58.881202,3,2026-06-09,03:58:58,Tuesday
gurara,9.322,7.0232,rain,light rain,stations,23.14,23.91,23.14,23.14,1013,92,1013,972,10000,1.43,206,4.4,100,2026-06-09 03:58:58,2026-06-09 05:11:39,2026-06-09 17:50:50,NG,Suleja,2026-06-09 03:58:59.013051,3,2026-06-09,03:58:58,Tuesday
bwari,9.2856,7.3787,rain,light rain,stations,22.18,22.86,22.18,22.18,1013,92,1013,951,10000,0.76,216,1.17,100,2026-06-09 03:58:59,2026-06-09 05:10:18,2026-06-09 17:49:20,NG,Maitama,2026-06-09 03:58:59.147318,3,2026-06-09,03:58:59,Tuesday
gwagwalada,9.0764,6.9854,rain,moderate rain,stations,23.82,24.69,23.82,23.82,1013,93,1013,989,10000,1.53,227,5.43,99,2026-06-09 03:58:59,2026-06-09 05:12:14,2026-06-09 17:50:33,NG,Kwali,2026-06-09 03:58:59.280871,3,2026-06-09,03:58:59,Tuesday
makurdi,7.7306,8.5361,clouds,overcast clouds,stations,23.77,24.68,23.77,23.77,1012,95,1012,1001,10000,3.05,210,9.24,100,2026-06-09 03:58:59,2026-06-09 05:08:23,2026-06-09 17:42:00,NG,Walmayo,2026-06-09 03:58:59.407920,3,2026-06-09,03:58:59,Tuesday
panda,9.2624,7.8385,clouds,overcast clouds,stations,25.27,26.12,25.27,25.27,1015,87,1015,971,10000,2.14,211,3.16,100,2026-06-09 07:58:57,2026-06-09 05:08:30,2026-06-09 17:47:28,NG,Maitama,2026-06-09 07:58:57.953654,7,2026-06-09,07:58:57,Tuesday
gurara,9.322,7.0232,clouds,overcast clouds,stations,25.17,26.01,25.17,25.17,1014,87,1014,974,10000,2.78,207,3.67,100,2026-06-09 07:58:58,2026-06-09 05:11:39,2026-06-09 17:50:50,NG,Suleja,2026-06-09 07:58:58.549427,7,2026-06-09,07:58:58,Tuesday
bwari,9.2856,7.3787,clouds,overcast clouds,stations,24.04,24.82,24.04,24.04,1015,89,1015,952,10000,2.96,212,3.62,100,2026-06-09 07:58:58,2026-06-09 05:10:18,2026-06-09 17:49:20,NG,Maitama,2026-06-09 07:58:59.141581,7,2026-06-09,07:58:58,Tuesday
gwagwalada,9.0764,6.9854,clouds,overcast clouds,stations,26.18,26.18,26.18,26.18,1014,84,1014,991,10000,2.21,214,2.99,100,2026-06-09 07:58:59,2026-06-09 05:12:14,2026-06-09 17:50:33,NG,Kwali,2026-06-09 07:58:59.607929,7,2026-06-09,07:58:59,Tuesday
makurdi,7.7322,8.5391,clouds,overcast clouds,stations,26.41,26.41,26.41,26.41,1015,82,1015,1003,10000,3.68,240,5.64,100,2026-06-09 07:56:07,2026-06-09 05:08:22,2026-06-09 17:41:59,NG,Walmayo,2026-06-09 07:58:59.703112,7,2026-06-09,07:56:07,Tuesday
panda,9.2624,7.8385,clouds,overcast clouds,stations,29.39,32.99,29.39,29.39,1013,67,1013,970,10000,2.71,182,2.91,97,2026-06-09 11:27:28,2026-06-09 05:08:30,2026-06-09 17:47:28,NG,Maitama,2026-06-09 11:27:29.494942,11,2026-06-09,11:27:28,Tuesday
gurara,9.322,7.0232,clouds,overcast clouds,stations,29.56,32.76,29.56,29.56,1012,64,1012,972,10000,3.17,196,3.61,99,2026-06-09 11:27:29,2026-06-09 05:11:39,2026-06-09 17:50:50,NG,Suleja,2026-06-09 11:27:30.060881,11,2026-06-09,11:27:29,Tuesday
bwari,9.2856,7.3787,clouds,overcast clouds,stations,28.76,31.38,28.76,28.76,1013,65,1013,951,10000,3.21,203,3.43,98,2026-06-09 11:27:30,2026-06-09 05:10:18,2026-06-09 17:49:20,NG,Maitama,2026-06-09 11:27:30.625741,11,2026-06-09,11:27:30,Tuesday
gwagwalada,9.0764,6.9854,clouds,overcast clouds,stations,30.73,34.52,30.73,30.73,1012,61,1012,989,10000,3.03,198,3.47,100,2026-06-09 11:27:30,2026-06-09 05:12:14,2026-06-09 17:50:33,NG,Kwali,2026-06-09 11:27:31.192306,11,2026-06-09,11:27:30,Tuesday
makurdi,7.7306,8.5361,clouds,overcast clouds,stations,30.38,34.25,30.38,30.38,1012,63,1012,1001,10000,3.79,225,4.82,98,2026-06-09 11:27:31,2026-06-09 05:08:23,2026-06-09 17:42:00,NG,Walmayo,2026-06-09 11:27:31.760168,11,2026-06-09,11:27:31,Tuesday
panda,9.2624,7.8385,clouds,overcast clouds,stations,30.09,33.64,30.09,30.09,1010,63,1010,967,10000,1.86,211,2.84,100,2026-06-09 15:15:20,2026-06-09 05:08:30,2026-06-09 17:47:28,NG,Maitama,2026-06-09 15:15:21.219117,15,2026-06-09,15:15:20,Tuesday
gurara,9.322,7.0232,clouds,broken clouds,stations,33.1,36.2,33.1,33.1,1009,49,1009,969,10000,2.94,183,2.28,61,2026-06-09 15:15:21,2026-06-09 05:11:39,2026-06-09 17:50:50,NG,Suleja,2026-06-09 15:15:21.787564,15,2026-06-09,15:15:21,Tuesday
bwari,9.2856,7.3787,clouds,overcast clouds,stations,29.8,32.27,29.8,29.8,1010,59,1010,949,10000,1.98,185,2.47,88,2026-06-09 15:15:21,2026-06-09 05:10:18,2026-06-09 17:49:20,NG,Maitama,2026-06-09 15:15:22.352554,15,2026-06-09,15:15:21,Tuesday
gwagwalada,9.0764,6.9854,clouds,overcast clouds,stations,33.91,37.23,33.91,33.91,1009,47,1009,986,10000,3.17,186,2.36,89,2026-06-09 15:15:22,2026-06-09 05:12:14,2026-06-09 17:50:33,NG,Kwali,2026-06-09 15:15:22.918180,15,2026-06-09,15:15:22,Tuesday
makurdi,7.7306,8.5361,clouds,overcast clouds,stations,31.48,35.89,31.48,31.48,1009,60,1009,999,10000,2.34,234,3.78,99,2026-06-09 15:15:22,2026-06-09 05:08:23,2026-06-09 17:42:00,NG,Walmayo,2026-06-09 15:15:23.489212,15,2026-06-09,15:15:22,Tuesday
panda,9.2624,7.8385,rain,light rain,stations,26.41,26.41,26.41,26.41,1011,79,1011,968,10000,0.78,298,1.0,91,2026-06-09 18:11:39,2026-06-09 05:08:30,2026-06-09 17:47:28,NG,Maitama,2026-06-09 18:11:40.044631,18,2026-06-09,18:11:39,Tuesday
gurara,9.322,7.0232,clouds,broken clouds,stations,28.21,30.52,28.21,28.21,1010,66,1010,970,10000,2.18,164,5.09,71,2026-06-09 18:11:40,2026-06-09 05:11:39,2026-06-09 17:50:50,NG,Suleja,2026-06-09 18:11:40.596349,18,2026-06-09,18:11:40,Tuesday
bwari,9.2856,7.3787,rain,light rain,stations,25.39,26.05,25.39,25.39,1011,79,1011,949,10000,1.34,193,2.13,80,2026-06-09 18:11:40,2026-06-09 05:10:18,2026-06-09 17:49:20,NG,Maitama,2026-06-09 18:11:41.146820,18,2026-06-09,18:11:40,Tuesday
gwagwalada,9.0764,6.9854,clouds,broken clouds,stations,29.44,32.15,29.44,29.44,1009,62,1009,987,10000,1.58,167,2.57,70,2026-06-09 18:11:41,2026-06-09 05:12:14,2026-06-09 17:50:33,NG,Kwali,2026-06-09 18:11:41.697951,18,2026-06-09,18:11:41,Tuesday
makurdi,7.7306,8.5361,clouds,overcast clouds,stations,27.9,31.0,27.9,27.9,1010,74,1010,999,10000,2.92,208,7.62,85,2026-06-09 18:11:41,2026-06-09 05:08:23,2026-06-09 17:42:00,NG,Walmayo,2026-06-09 18:11:42.256145,18,2026-06-09,18:11:41,Tuesday
panda,9.2624,7.8385,clouds,broken clouds,stations,24.47,25.24,24.47,24.47,1013,87,1013,970,10000,0.65,234,0.78,72,2026-06-09 21:50:57,2026-06-09 05:08:30,2026-06-09 17:47:28,NG,Maitama,2026-06-09 21:50:57.628426,21,2026-06-09,21:50:57,Tuesday
gurara,9.322,7.0232,rain,light rain,stations,25.19,25.83,25.19,25.19,1012,79,1012,972,10000,0.82,161,1.02,40,2026-06-09 21:50:57,2026-06-09 05:11:39,2026-06-09 17:50:50,NG,Suleja,2026-06-09 21:50:58.190430,21,2026-06-09,21:50:57,Tuesday
bwari,9.2856,7.3787,clouds,scattered clouds,stations,23.51,24.11,23.51,23.51,1013,84,1013,951,10000,1.29,159,1.43,50,2026-06-09 21:50:58,2026-06-09 05:10:18,2026-06-09 17:49:20,NG,Maitama,2026-06-09 21:50:58.748995,21,2026-06-09,21:50:58,Tuesday
gwagwalada,9.0764,6.9854,rain,light rain,stations,26.17,26.17,26.17,26.17,1012,77,1012,989,10000,1.17,176,1.22,23,2026-06-09 21:50:58,2026-06-09 05:12:14,2026-06-09 17:50:33,NG,Kwali,2026-06-09 21:50:59.301547,21,2026-06-09,21:50:58,Tuesday
makurdi,7.7306,8.5361,clouds,broken clouds,stations,25.95,25.95,25.95,25.95,1013,83,1013,1001,10000,3.22,204,8.95,81,2026-06-09 21:50:59,2026-06-09 05:08:23,2026-06-09 17:42:00,NG,Walmayo,2026-06-09 21:50:59.854164,21,2026-06-09,21:50:59,Tuesday
panda,9.2624,7.8385,clouds,broken clouds,stations,24.2,24.97,24.2,24.2,1013,88,1013,970,10000,0.96,165,1.05,74,2026-06-09 23:19:56,2026-06-10 05:08:37,2026-06-10 17:47:43,NG,Maitama,2026-06-09 23:19:56.702029,23,2026-06-09,23:19:56,Tuesday
gurara,9.322,7.0232,clouds,broken clouds,stations,24.65,25.31,24.65,24.65,1013,82,1013,972,10000,1.38,192,1.45,52,2026-06-09 23:19:56,2026-06-10 05:11:46,2026-06-10 17:51:05,NG,Suleja,2026-06-09 23:19:57.301592,23,2026-06-09,23:19:56,Tuesday
bwari,9.2856,7.3787,clouds,broken clouds,stations,23.3,23.93,23.3,23.3,1013,86,1013,951,10000,1.61,158,1.61,59,2026-06-09 23:19:57,2026-06-10 05:10:25,2026-06-10 17:49:36,NG,Maitama,2026-06-09 23:19:57.897338,23,2026-06-09,23:19:57,Tuesday
gwagwalada,9.0764,6.9854,clouds,scattered clouds,stations,25.79,26.51,25.79,25.79,1012,80,1012,989,10000,1.48,183,1.57,31,2026-06-09 23:19:57,2026-06-10 05:12:21,2026-06-10 17:50:48,NG,Kwali,2026-06-09 23:19:58.034938,23,2026-06-09,23:19:57,Tuesday
makurdi,7.7306,8.5361,clouds,broken clouds,stations,25.67,26.46,25.67,25.67,1013,83,1013,1002,10000,3.15,202,8.98,73,2026-06-09 23:19:58,2026-06-10 05:08:31,2026-06-10 17:42:14,NG,Walmayo,2026-06-09 23:19:58.636260,23,2026-06-09,23:19:58,Tuesday
panda,9.2624,7.8385,clouds,broken clouds,stations,22.7,23.51,22.7,22.7,1013,95,1013,969,10000,0.78,231,0.83,73,2026-06-10 04:10:40,2026-06-10 05:08:37,2026-06-10 17:47:43,NG,Maitama,2026-06-10 04:10:41.355503,4,2026-06-10,04:10:40,Wednesday
gurara,9.322,7.0232,rain,moderate rain,stations,22.6,23.37,22.6,22.6,1013,94,1013,972,10000,1.01,165,1.89,92,2026-06-10 04:10:41,2026-06-10 05:11:46,2026-06-10 17:51:05,NG,Suleja,2026-06-10 04:10:41.490020,4,2026-06-10,04:10:41,Wednesday
bwari,9.2856,7.3787,rain,light rain,stations,21.71,22.42,21.71,21.71,1013,95,1013,950,10000,1.5,211,3.99,94,2026-06-10 04:10:41,2026-06-10 05:10:25,2026-06-10 17:49:36,NG,Maitama,2026-06-10 04:10:42.059877,4,2026-06-10,04:10:41,Wednesday
gwagwalada,9.0764,6.9854,rain,moderate rain,stations,23.38,24.23,23.38,23.38,1012,94,1012,989,10000,0.98,152,1.08,96,2026-06-10 04:10:42,2026-06-10 05:12:21,2026-06-10 17:50:48,NG,Kwali,2026-06-10 04:10:42.629244,4,2026-06-10,04:10:42,Wednesday
makurdi,7.7306,8.5361,clouds,broken clouds,stations,24.0,24.86,24.0,24.0,1012,92,1012,1001,10000,1.98,215,6.89,59,2026-06-10 04:10:42,2026-06-10 05:08:31,2026-06-10 17:42:14,NG,Walmayo,2026-06-10 04:10:43.193572,4,2026-06-10,04:10:42,Wednesday
panda,9.2624,7.8385,clouds,broken clouds,stations,29.07,32.33,29.07,29.07,1014,67,1014,971,10000,1.72,178,2.01,54,2026-06-10 10:12:04,2026-06-10 05:08:37,2026-06-10 17:47:43,NG,Maitama,2026-06-10 10:12:04.885453,10,2026-06-10,10:12:04,Wednesday
gurara,9.322,7.0232,clouds,overcast clouds,stations,28.3,31.41,28.3,28.3,1013,71,1013,973,10000,1.54,159,1.56,88,2026-06-10 10:12:04,2026-06-10 05:11:46,2026-06-10 17:51:05,NG,Suleja,2026-06-10 10:12:05.483886,10,2026-06-10,10:12:04,Wednesday
bwari,9.2856,7.3787,clouds,broken clouds,stations,26.48,26.48,26.48,26.48,1014,75,1014,952,10000,1.41,190,1.74,83,2026-06-10 10:12:05,2026-06-10 05:10:25,2026-06-10 17:49:36,NG,Maitama,2026-06-10 10:12:06.076269,10,2026-06-10,10:12:05,Wednesday
gwagwalada,9.0764,6.9854,clouds,broken clouds,stations,31.16,35.45,31.16,31.16,1013,61,1013,990,10000,1.23,160,1.51,69,2026-06-10 10:12:06,2026-06-10 05:12:21,2026-06-10 17:50:48,NG,Kwali,2026-06-10 10:12:06.666560,10,2026-06-10,10:12:06,Wednesday
makurdi,7.7306,8.5361,rain,light rain,stations,27.48,30.72,27.48,27.48,1014,79,1014,1003,10000,2.31,156,2.96,98,2026-06-10 10:12:06,2026-06-10 05:08:31,2026-06-10 17:42:14,NG,Walmayo,2026-06-10 10:12:07.263003,10,2026-06-10,10:12:06,Wednesday
panda,9.2624,7.8385,clouds,overcast clouds,stations,28.74,32.0,28.74,28.74,1011,69,1011,968,10000,2.55,189,3.0,89,2026-06-10 15:49:12,2026-06-10 05:08:37,2026-06-10 17:47:43,NG,Maitama,2026-06-10 15:49:12.612818,15,2026-06-10,15:49:12,Wednesday
gurara,9.322,7.0232,rain,light rain,stations,29.07,32.69,29.07,29.07,1010,69,1010,970,10000,2.86,167,3.68,82,2026-06-10 15:49:12,2026-06-10 05:11:46,2026-06-10 17:51:05,NG,Suleja,2026-06-10 15:49:12.782603,15,2026-06-10,15:49:12,Wednesday
bwari,9.2856,7.3787,rain,light rain,stations,27.44,30.05,27.44,27.44,1011,74,1011,949,10000,2.6,168,3.28,83,2026-06-10 15:49:12,2026-06-10 05:10:25,2026-06-10 17:49:36,NG,Maitama,2026-06-10 15:49:12.998074,15,2026-06-10,15:49:12,Wednesday
gwagwalada,9.0764,6.9854,rain,light rain,stations,29.93,34.87,29.93,29.93,1010,70,1010,988,10000,2.02,154,3.14,90,2026-06-10 15:49:13,2026-06-10 05:12:21,2026-06-10 17:50:48,NG,Kwali,2026-06-10 15:49:13.170543,15,2026-06-10,15:49:13,Wednesday
makurdi,7.7306,8.5361,clouds,overcast clouds,stations,26.18,26.18,26.18,26.18,1009,79,1009,998,10000,3.24,259,5.67,100,2026-06-10 15:49:13,2026-06-10 05:08:31,2026-06-10 17:42:14,NG,Walmayo,2026-06-10 15:49:13.331520,15,2026-06-10,15:49:13,Wednesday
panda,9.2624,7.8385,clouds,overcast clouds,stations,25.31,26.17,25.31,25.31,1012,87,1012,968,10000,0.68,307,0.71,94,2026-06-10 18:33:56,2026-06-10 05:08:37,2026-06-10 17:47:43,NG,Maitama,2026-06-10 18:33:57.055350,18,2026-06-10,18:33:56,Wednesday
gurara,9.322,7.0232,clouds,few clouds,stations,25.85,26.61,25.85,25.85,1011,81,1011,971,10000,0.99,209,1.07,13,2026-06-10 18:33:57,2026-06-10 05:11:46,2026-06-10 17:51:05,NG,Suleja,2026-06-10 18:33:57.612713,18,2026-06-10,18:33:57,Wednesday
bwari,9.2856,7.3787,clouds,scattered clouds,stations,24.18,24.95,24.18,24.18,1012,88,1012,950,10000,0.55,272,0.71,31,2026-06-10 18:33:57,2026-06-10 05:10:25,2026-06-10 17:49:36,NG,Maitama,2026-06-10 18:33:58.169269,18,2026-06-10,18:33:57,Wednesday
gwagwalada,9.0764,6.9854,clouds,few clouds,stations,26.88,29.39,26.88,26.88,1011,79,1011,988,10000,1.36,199,1.41,15,2026-06-10 18:33:58,2026-06-10 05:12:21,2026-06-10 17:50:48,NG,Kwali,2026-06-10 18:33:58.285496,18,2026-06-10,18:33:58,Wednesday
makurdi,7.7306,8.5361,clouds,scattered clouds,stations,24.47,25.32,24.47,24.47,1010,90,1010,999,10000,1.29,110,1.49,48,2026-06-10 18:33:58,2026-06-10 05:08:31,2026-06-10 17:42:14,NG,Walmayo,2026-06-10 18:33:58.837600,18,2026-06-10,18:33:58,Wednesday
panda,9.2624,7.8385,clouds,overcast clouds,stations,24.46,25.31,24.46,24.46,1013,90,1013,970,10000,0.9,85,0.96,93,2026-06-10 22:08:11,2026-06-10 05:08:37,2026-06-10 17:47:43,NG,Maitama,2026-06-10 22:08:11.543976,22,2026-06-10,22:08:11,Wednesday
gurara,9.322,7.0232,clouds,scattered clouds,stations,24.75,25.58,24.75,24.75,1012,88,1012,971,10000,1.21,143,1.79,43,2026-06-10 22:08:11,2026-06-10 05:11:46,2026-06-10 17:51:05,NG,Suleja,2026-06-10 22:08:11.979839,22,2026-06-10,22:08:11,Wednesday
bwari,9.2856,7.3787,clouds,broken clouds,stations,23.35,24.17,23.35,23.35,1013,93,1013,950,10000,1.25,124,1.51,61,2026-06-10 22:08:12,2026-06-10 05:10:25,2026-06-10 17:49:36,NG,Maitama,2026-06-10 22:08:12.535929,22,2026-06-10,22:08:12,Wednesday
gwagwalada,9.0764,6.9854,clouds,scattered clouds,stations,25.76,26.64,25.76,25.76,1011,86,1011,988,10000,0.99,143,1.08,40,2026-06-10 22:08:12,2026-06-10 05:12:21,2026-06-10 17:50:48,NG,Kwali,2026-06-10 22:08:13.091736,22,2026-06-10,22:08:12,Wednesday
makurdi,7.7306,8.5361,clouds,broken clouds,stations,24.2,25.0,24.2,24.2,1012,89,1012,1001,10000,1.61,136,2.47,83,2026-06-10 22:08:13,2026-06-10 05:08:31,2026-06-10 17:42:14,NG,Walmayo,2026-06-10 22:08:13.650503,22,2026-06-10,22:08:13,Wednesday
panda,9.2624,7.8385,clouds,overcast clouds,stations,22.72,23.42,22.72,22.72,1012,91,1012,968,10000,0.59,192,0.63,92,2026-06-11 04:23:20,2026-06-11 05:08:45,2026-06-11 17:47:58,NG,Maitama,2026-06-11 04:23:20.651319,4,2026-06-11,04:23:20,Thursday
gurara,9.322,7.0232,rain,light rain,stations,22.47,23.17,22.47,22.47,1012,92,1012,971,10000,0.67,196,0.76,89,2026-06-11 04:23:20,2026-06-11 05:11:54,2026-06-11 17:51:20,NG,Suleja,2026-06-11 04:23:21.204029,4,2026-06-11,04:23:20,Thursday
bwari,9.2856,7.3787,rain,light rain,stations,21.45,22.05,21.45,21.45,1012,92,1012,949,10000,0.61,214,0.67,86,2026-06-11 04:23:21,2026-06-11 05:10:33,2026-06-11 17:49:51,NG,Maitama,2026-06-11 04:23:21.760821,4,2026-06-11,04:23:21,Thursday
gwagwalada,9.0764,6.9854,rain,light rain,stations,23.26,23.97,23.26,23.26,1012,89,1012,988,10000,1.01,193,1.13,85,2026-06-11 04:23:21,2026-06-11 05:12:29,2026-06-11 17:51:03,NG,Kwali,2026-06-11 04:23:22.316356,4,2026-06-11,04:23:21,Thursday
makurdi,7.7306,8.5361,clouds,broken clouds,stations,22.06,22.67,22.06,22.06,1012,90,1012,1000,10000,1.56,196,1.67,58,2026-06-11 04:23:22,2026-06-11 05:08:39,2026-06-11 17:42:29,NG,Walmayo,2026-06-11 04:23:22.866372,4,2026-06-11,04:23:22,Thursday
panda,9.2624,7.8385,clouds,broken clouds,stations,33.44,37.19,33.44,33.44,1012,50,1012,970,10000,0.87,102,2.34,55,2026-06-11 10:45:54,2026-06-11 05:08:45,2026-06-11 17:47:58,NG,Maitama,2026-06-11 10:45:54.506029,10,2026-06-11,10:45:54,Thursday
gurara,9.322,7.0232,clouds,overcast clouds,stations,32.68,35.39,32.68,32.68,1012,49,1012,972,10000,1.33,266,2.16,100,2026-06-11 10:45:54,2026-06-11 05:11:54,2026-06-11 17:51:20,NG,Suleja,2026-06-11 10:45:55.060198,10,2026-06-11,10:45:54,Thursday
bwari,9.2856,7.3787,clouds,overcast clouds,stations,32.02,34.64,32.02,32.02,1012,51,1012,951,10000,0.4,335,2.46,96,2026-06-11 10:45:55,2026-06-11 05:10:33,2026-06-11 17:49:51,NG,Maitama,2026-06-11 10:45:55.614958,10,2026-06-11,10:45:55,Thursday
gwagwalada,9.0764,6.9854,clouds,overcast clouds,stations,33.24,36.48,33.24,33.24,1012,49,1012,989,10000,1.13,260,1.49,92,2026-06-11 10:45:55,2026-06-11 05:12:29,2026-06-11 17:51:03,NG,Kwali,2026-06-11 10:45:56.170719,10,2026-06-11,10:45:55,Thursday
makurdi,7.7306,8.5361,clouds,few clouds,stations,33.91,37.23,33.91,33.91,1011,47,1011,1001,10000,1.16,124,1.62,19,2026-06-11 10:45:56,2026-06-11 05:08:39,2026-06-11 17:42:29,NG,Walmayo,2026-06-11 10:45:56.724422,10,2026-06-11,10:45:56,Thursday
panda,9.2624,7.8385,rain,moderate rain,stations,24.52,25.22,24.52,24.52,1010,84,1010,967,10000,2.45,322,3.8,82,2026-06-11 16:11:39,2026-06-11 05:08:45,2026-06-11 17:47:58,NG,Maitama,2026-06-11 16:11:40.017873,16,2026-06-11,16:11:39,Thursday
gurara,9.322,7.0232,rain,heavy intensity rain,stations,23.3,23.98,23.3,23.3,1011,88,1011,970,2895,7.34,57,12.87,76,2026-06-11 16:11:40,2026-06-11 05:11:54,2026-06-11 17:51:20,NG,Suleja,2026-06-11 16:11:40.569830,16,2026-06-11,16:11:40,Thursday
bwari,9.2856,7.3787,rain,heavy intensity rain,stations,21.53,22.27,21.53,21.53,1011,97,1011,948,7206,2.34,343,5.27,85,2026-06-11 16:11:40,2026-06-11 05:10:33,2026-06-11 17:49:51,NG,Maitama,2026-06-11 16:11:40.749580,16,2026-06-11,16:11:40,Thursday
gwagwalada,9.0764,6.9854,rain,moderate rain,stations,30.0,33.45,30.0,30.0,1010,63,1010,987,10000,3.76,40,6.33,76,2026-06-11 16:11:40,2026-06-11 05:12:29,2026-06-11 17:51:03,NG,Kwali,2026-06-11 16:11:41.299289,16,2026-06-11,16:11:40,Thursday
makurdi,7.7306,8.5361,clear,clear sky,stations,34.08,36.96,34.08,34.08,1008,45,1008,997,10000,0.6,140,1.08,8,2026-06-11 16:11:41,2026-06-11 05:08:39,2026-06-11 17:42:29,NG,Walmayo,2026-06-11 16:11:41.857126,16,2026-06-11,16:11:41,Thursday
panda,9.2624,7.8385,rain,light rain,stations,23.78,24.49,23.78,23.78,1013,87,1013,970,10000,0.86,295,1.09,100,2026-06-11 20:27:23,2026-06-11 05:08:45,2026-06-11 17:47:58,NG,Maitama,2026-06-11 20:27:24.277273,20,2026-06-11,20:27:23,Thursday
gurara,9.322,7.0232,rain,light rain,stations,22.5,23.16,22.5,22.5,1013,90,1013,972,10000,1.44,11,4.4,100,2026-06-11 20:27:24,2026-06-11 05:11:54,2026-06-11 17:51:20,NG,Suleja,2026-06-11 20:27:24.835939,20,2026-06-11,20:27:24,Thursday
bwari,9.2856,7.3787,rain,light rain,stations,21.58,22.22,21.58,21.58,1014,93,1014,951,10000,0.76,340,1.8,100,2026-06-11 20:27:24,2026-06-11 05:10:33,2026-06-11 17:49:51,NG,Maitama,2026-06-11 20:27:25.393769,20,2026-06-11,20:27:24,Thursday
gwagwalada,9.0764,6.9854,rain,light rain,stations,23.69,24.33,23.69,23.69,1013,85,1013,989,10000,2.08,34,5.47,100,2026-06-11 20:27:25,2026-06-11 05:12:29,2026-06-11 17:51:03,NG,Kwali,2026-06-11 20:27:25.945545,20,2026-06-11,20:27:25,Thursday
makurdi,7.7306,8.5361,clouds,few clouds,stations,27.6,29.91,27.6,27.6,1011,70,1011,1000,10000,1.8,202,2.26,14,2026-06-11 20:27:25,2026-06-11 05:08:39,2026-06-11 17:42:29,NG,Walmayo,2026-06-11 20:27:26.496856,20,2026-06-11,20:27:25,Thursday
panda,9.2624,7.8385,clouds,overcast clouds,stations,23.37,24.19,23.37,23.37,1014,93,1014,970,10000,1.0,130,1.0,100,2026-06-11 23:40:16,2026-06-12 05:08:53,2026-06-12 17:48:13,NG,Maitama,2026-06-11 23:40:16.566191,23,2026-06-11,23:40:16,Thursday
gurara,9.322,7.0232,rain,light rain,stations,22.57,23.31,22.57,22.57,1013,93,1013,972,10000,2.3,125,4.0,100,2026-06-11 23:40:16,2026-06-12 05:12:03,2026-06-12 17:51:35,NG,Suleja,2026-06-11 23:40:17.122811,23,2026-06-11,23:40:16,Thursday
bwari,9.2856,7.3787,clouds,overcast clouds,stations,21.43,22.06,21.43,21.43,1013,93,1013,950,10000,2.05,125,3.2,100,2026-06-11 23:40:17,2026-06-12 05:10:41,2026-06-12 17:50:05,NG,Maitama,2026-06-11 23:40:17.232228,23,2026-06-11,23:40:17,Thursday
gwagwalada,9.0764,6.9854,clouds,overcast clouds,stations,23.99,24.64,23.99,23.99,1012,84,1012,989,10000,1.61,113,2.3,100,2026-06-11 23:40:17,2026-06-12 05:12:38,2026-06-12 17:51:18,NG,Kwali,2026-06-11 23:40:17.784471,23,2026-06-11,23:40:17,Thursday
makurdi,7.7306,8.5361,rain,light rain,stations,24.56,25.42,24.56,24.56,1012,90,1012,1001,10000,2.0,231,6.1,59,2026-06-11 23:40:17,2026-06-12 05:08:48,2026-06-12 17:42:43,NG,Walmayo,2026-06-11 23:40:18.339117,23,2026-06-11,23:40:17,Thursday
panda,9.2624,7.8385,clouds,overcast clouds,stations,22.88,23.55,22.88,22.88,1013,89,1013,969,10000,1.17,149,1.21,100,2026-06-12 04:25:55,2026-06-12 05:08:53,2026-06-12 17:48:13,NG,Maitama,2026-06-12 04:25:56.030114,4,2026-06-12,04:25:55,Friday
gurara,9.322,7.0232,clouds,overcast clouds,stations,22.47,23.17,22.47,22.47,1012,92,1012,971,10000,1.44,141,1.53,97,2026-06-12 04:25:56,2026-06-12 05:12:03,2026-06-12 17:51:35,NG,Suleja,2026-06-12 04:25:56.631995,4,2026-06-12,04:25:56,Friday
bwari,9.2856,7.3787,clouds,overcast clouds,stations,21.54,22.13,21.54,21.54,1013,91,1013,950,10000,1.92,145,2.54,96,2026-06-12 04:25:56,2026-06-12 05:10:41,2026-06-12 17:50:05,NG,Maitama,2026-06-12 04:25:57.234608,4,2026-06-12,04:25:56,Friday
gwagwalada,9.0764,6.9854,clouds,overcast clouds,stations,23.47,24.14,23.47,23.47,1012,87,1012,989,10000,1.27,149,1.28,98,2026-06-12 04:25:57,2026-06-12 05:12:38,2026-06-12 17:51:18,NG,Kwali,2026-06-12 04:25:57.839258,4,2026-06-12,04:25:57,Friday
makurdi,7.7306,8.5361,clouds,overcast clouds,stations,24.1,25.07,24.1,24.1,1012,96,1012,1001,10000,2.41,238,7.04,100,2026-06-12 04:25:57,2026-06-12 05:08:48,2026-06-12 17:42:43,NG,Walmayo,2026-06-12 04:25:58.441716,4,2026-06-12,04:25:57,Friday
panda,9.2624,7.8385,clouds,broken clouds,stations,30.38,32.94,30.38,30.38,1014,57,1014,971,10000,1.59,234,2.08,82,2026-06-12 10:21:36,2026-06-12 05:08:53,2026-06-12 17:48:13,NG,Maitama,2026-06-12 10:21:36.940645,10,2026-06-12,10:21:36,Friday
gurara,9.322,7.0232,clouds,broken clouds,stations,28.25,30.87,28.25,28.25,1013,68,1013,973,10000,2.35,214,3.39,82,2026-06-12 10:21:36,2026-06-12 05:12:03,2026-06-12 17:51:35,NG,Suleja,2026-06-12 10:21:37.492901,10,2026-06-12,10:21:36,Friday
bwari,9.2856,7.3787,clouds,overcast clouds,stations,26.56,26.56,26.56,26.56,1014,72,1014,952,10000,1.85,242,2.25,87,2026-06-12 10:21:37,2026-06-12 05:10:41,2026-06-12 17:50:05,NG,Maitama,2026-06-12 10:21:38.044524,10,2026-06-12,10:21:37,Friday
gwagwalada,9.0764,6.9854,clouds,overcast clouds,stations,30.3,33.85,30.3,30.3,1013,62,1013,990,10000,2.94,213,3.64,91,2026-06-12 10:21:38,2026-06-12 05:12:38,2026-06-12 17:51:18,NG,Kwali,2026-06-12 10:21:38.598845,10,2026-06-12,10:21:38,Friday
makurdi,7.7306,8.5361,clouds,overcast clouds,stations,29.75,33.35,29.75,29.75,1013,65,1013,1002,10000,2.4,205,2.69,100,2026-06-12 10:21:38,2026-06-12 05:08:48,2026-06-12 17:42:43,NG,Walmayo,2026-06-12 10:21:39.149394,10,2026-06-12,10:21:38,Friday
panda,9.2624,7.8385,clouds,overcast clouds,stations,34.3,37.09,34.3,34.3,1009,44,1009,967,10000,1.17,218,1.53,90,2026-06-12 15:26:14,2026-06-12 05:08:53,2026-06-12 17:48:13,NG,Maitama,2026-06-12 15:26:15.175407,15,2026-06-12,15:26:14,Friday
gurara,9.322,7.0232,clouds,overcast clouds,stations,33.83,36.48,33.83,33.83,1009,45,1009,970,10000,0.71,209,1.04,96,2026-06-12 15:26:15,2026-06-12 05:12:03,2026-06-12 17:51:35,NG,Suleja,2026-06-12 15:26:15.438566,15,2026-06-12,15:26:15,Friday
bwari,9.2856,7.3787,clouds,overcast clouds,stations,31.84,34.07,31.84,31.84,1010,50,1010,949,10000,1.7,254,1.57,100,2026-06-12 15:26:15,2026-06-12 05:10:41,2026-06-12 17:50:05,NG,Maitama,2026-06-12 15:26:15.989839,15,2026-06-12,15:26:15,Friday
gwagwalada,9.0764,6.9854,clouds,overcast clouds,stations,34.85,37.86,34.85,34.85,1009,43,1009,986,10000,2.14,193,1.43,100,2026-06-12 15:26:16,2026-06-12 05:12:38,2026-06-12 17:51:18,NG,Kwali,2026-06-12 15:26:16.541779,15,2026-06-12,15:26:16,Friday
makurdi,7.7306,8.5361,clouds,overcast clouds,stations,32.99,37.16,32.99,32.99,1009,53,1009,998,10000,2.33,168,2.07,100,2026-06-12 15:26:16,2026-06-12 05:08:48,2026-06-12 17:42:43,NG,Walmayo,2026-06-12 15:26:17.095994,15,2026-06-12,15:26:16,Friday
panda,9.2624,7.8385,rain,heavy intensity rain,stations,25.07,25.88,25.07,25.07,1012,86,1012,969,10000,3.69,319,8.15,85,2026-06-12 18:11:16,2026-06-12 05:08:53,2026-06-12 17:48:13,NG,Maitama,2026-06-12 18:11:17.049406,18,2026-06-12,18:11:16,Friday
gurara,9.322,7.0232,rain,moderate rain,stations,24.83,25.59,24.83,24.83,1012,85,1012,971,6064,4.5,6,8.42,97,2026-06-12 18:11:17,2026-06-12 05:12:03,2026-06-12 17:51:35,NG,Suleja,2026-06-12 18:11:17.604738,18,2026-06-12,18:11:17,Friday
bwari,9.2856,7.3787,rain,heavy intensity rain,stations,23.99,24.72,23.99,23.99,1013,87,1013,950,8298,4.11,360,7.15,99,2026-06-12 18:11:17,2026-06-12 05:10:41,2026-06-12 17:50:05,NG,Maitama,2026-06-12 18:11:18.161528,18,2026-06-12,18:11:17,Friday
gwagwalada,9.0764,6.9854,rain,moderate rain,stations,28.67,32.02,28.67,28.67,1011,70,1011,988,10000,0.96,273,5.34,89,2026-06-12 18:11:18,2026-06-12 05:12:38,2026-06-12 17:51:18,NG,Kwali,2026-06-12 18:11:18.716059,18,2026-06-12,18:11:18,Friday
makurdi,7.7306,8.5361,clouds,broken clouds,stations,27.99,31.19,27.99,27.99,1010,74,1010,999,10000,4.63,214,8.87,75,2026-06-12 18:11:18,2026-06-12 05:08:48,2026-06-12 17:42:43,NG,Walmayo,2026-06-12 18:11:19.277115,18,2026-06-12,18:11:18,Friday
panda,9.2624,7.8385,rain,moderate rain,stations,23.02,23.86,23.02,23.02,1015,95,1015,972,10000,1.49,354,2.87,100,2026-06-12 21:52:36,2026-06-12 05:08:53,2026-06-12 17:48:13,NG,Maitama,2026-06-12 21:52:36.155536,21,2026-06-12,21:52:36,Friday
gurara,9.322,7.0232,rain,light rain,stations,22.53,23.29,22.53,22.53,1015,94,1015,974,10000,1.26,354,3.35,100,2026-06-12 21:52:36,2026-06-12 05:12:03,2026-06-12 17:51:35,NG,Suleja,2026-06-12 21:52:36.246978,21,2026-06-12,21:52:36,Friday
bwari,9.2856,7.3787,rain,light rain,stations,21.75,22.46,21.75,21.75,1015,95,1015,952,10000,1.29,359,2.34,100,2026-06-12 21:52:36,2026-06-12 05:10:41,2026-06-12 17:50:05,NG,Maitama,2026-06-12 21:52:36.339531,21,2026-06-12,21:52:36,Friday
gwagwalada,9.0764,6.9854,rain,light rain,stations,23.09,23.91,23.09,23.09,1015,94,1015,991,10000,0.33,55,1.34,100,2026-06-12 21:52:36,2026-06-12 05:12:38,2026-06-12 17:51:18,NG,Kwali,2026-06-12 21:52:36.437956,21,2026-06-12,21:52:36,Friday
makurdi,7.7306,8.5361,rain,light rain,stations,24.78,25.64,24.78,24.78,1014,89,1014,1003,10000,3.06,236,8.7,63,2026-06-12 21:52:36,2026-06-12 05:08:48,2026-06-12 17:42:43,NG,Walmayo,2026-06-12 21:52:36.536558,21,2026-06-12,21:52:36,Friday
panda,9.2624,7.8385,rain,moderate rain,stations,22.81,23.65,22.81,22.81,1015,96,1015,972,4374,1.92,7,4.62,100,2026-06-12 23:22:27,2026-06-13 05:09:02,2026-06-13 17:48:27,NG,Maitama,2026-06-12 23:22:27.356075,23,2026-06-12,23:22:27,Friday
gurara,9.322,7.0232,rain,moderate rain,stations,22.38,23.15,22.38,22.38,1015,95,1015,974,10000,1.05,61,1.53,100,2026-06-12 23:22:27,2026-06-13 05:12:12,2026-06-13 17:51:49,NG,Suleja,2026-06-12 23:22:27.451521,23,2026-06-12,23:22:27,Friday
bwari,9.2856,7.3787,rain,moderate rain,stations,21.33,22.05,21.33,21.33,1016,97,1016,952,4455,0.99,27,2.55,100,2026-06-12 23:22:27,2026-06-13 05:10:50,2026-06-13 17:50:20,NG,Maitama,2026-06-12 23:22:27.548851,23,2026-06-12,23:22:27,Friday
gwagwalada,9.0764,6.9854,rain,moderate rain,stations,23.06,23.9,23.06,23.06,1015,95,1015,992,7930,1.09,56,1.61,100,2026-06-12 23:22:27,2026-06-13 05:12:47,2026-06-13 17:51:32,NG,Kwali,2026-06-12 23:22:27.642994,23,2026-06-12,23:22:27,Friday
makurdi,7.7306,8.5361,clouds,broken clouds,stations,24.97,25.82,24.97,24.97,1014,88,1014,1003,10000,2.06,227,7.54,70,2026-06-12 23:22:27,2026-06-13 05:08:57,2026-06-13 17:42:57,NG,Walmayo,2026-06-12 23:22:27.738496,23,2026-06-12,23:22:27,Friday
panda,9.2624,7.8385,clouds,overcast clouds,stations,21.54,22.26,21.54,21.54,1013,96,1013,969,10000,2.53,223,4.77,100,2026-06-13 04:14:50,2026-06-13 05:09:02,2026-06-13 17:48:27,NG,Maitama,2026-06-13 04:14:51.419951,4,2026-06-13,04:14:50,Saturday
gurara,9.322,7.0232,rain,light rain,stations,21.68,22.28,21.68,21.68,1014,91,1014,972,10000,3.49,169,8.56,100,2026-06-13 04:14:51,2026-06-13 05:12:12,2026-06-13 17:51:49,NG,Suleja,2026-06-13 04:14:51.984211,4,2026-06-13,04:14:51,Saturday
bwari,9.2856,7.3787,rain,light rain,stations,20.09,20.61,20.09,20.09,1014,94,1014,951,10000,2.92,180,7.65,100,2026-06-13 04:14:52,2026-06-13 05:10:50,2026-06-13 17:50:20,NG,Maitama,2026-06-13 04:14:52.553616,4,2026-06-13,04:14:52,Saturday
gwagwalada,9.0764,6.9854,rain,light rain,stations,22.92,23.7,22.92,22.92,1014,93,1014,991,10000,2.0,182,4.32,100,2026-06-13 04:14:52,2026-06-13 05:12:47,2026-06-13 17:51:32,NG,Kwali,2026-06-13 04:14:53.071131,4,2026-06-13,04:14:52,Saturday
makurdi,7.7306,8.5361,rain,heavy intensity rain,stations,21.52,22.26,21.52,21.52,1015,97,1015,1003,10000,2.32,272,5.01,100,2026-06-13 04:14:53,2026-06-13 05:08:57,2026-06-13 17:42:57,NG,Walmayo,2026-06-13 04:14:53.638247,4,2026-06-13,04:14:53,Saturday
panda,9.2624,7.8385,clouds,overcast clouds,stations,23.16,23.75,23.16,23.16,1016,85,1016,973,10000,1.12,98,2.44,100,2026-06-13 09:23:26,2026-06-13 05:09:02,2026-06-13 17:48:27,NG,Maitama,2026-06-13 09:23:26.383124,9,2026-06-13,09:23:26,Saturday
gurara,9.322,7.0232,clouds,overcast clouds,stations,22.96,23.5,22.96,22.96,1016,84,1016,975,10000,0.35,145,1.38,100,2026-06-13 09:23:26,2026-06-13 05:12:12,2026-06-13 17:51:49,NG,Suleja,2026-06-13 09:23:26.519455,9,2026-06-13,09:23:26,Saturday
bwari,9.2856,7.3787,clouds,overcast clouds,stations,22.14,22.63,22.14,22.14,1016,85,1016,953,10000,1.47,108,3.7,100,2026-06-13 09:23:26,2026-06-13 05:10:50,2026-06-13 17:50:20,NG,Maitama,2026-06-13 09:23:26.647339,9,2026-06-13,09:23:26,Saturday
gwagwalada,9.0764,6.9854,clouds,overcast clouds,stations,23.58,24.21,23.58,23.58,1016,85,1016,993,10000,0.42,12,1.86,100,2026-06-13 09:23:26,2026-06-13 05:12:47,2026-06-13 17:51:32,NG,Kwali,2026-06-13 09:23:26.778075,9,2026-06-13,09:23:26,Saturday
makurdi,7.7306,8.5361,clouds,overcast clouds,stations,23.21,23.88,23.21,23.21,1016,88,1016,1004,10000,2.37,109,4.22,100,2026-06-13 09:23:26,2026-06-13 05:08:57,2026-06-13 17:42:57,NG,Walmayo,2026-06-13 09:23:26.909006,9,2026-06-13,09:23:26,Saturday
panda,9.2624,7.8385,clouds,overcast clouds,stations,26.74,28.64,26.74,26.74,1015,73,1015,972,10000,0.8,116,0.94,100,2026-06-13 11:56:43,2026-06-13 05:09:02,2026-06-13 17:48:27,NG,Maitama,2026-06-13 11:56:43.480085,11,2026-06-13,11:56:43,Saturday
gurara,9.322,7.0232,clouds,overcast clouds,stations,26.44,26.44,26.44,26.44,1014,71,1014,974,10000,0.29,243,0.91,100,2026-06-13 11:56:43,2026-06-13 05:12:12,2026-06-13 17:51:49,NG,Suleja,2026-06-13 11:56:44.114653,11,2026-06-13,11:56:43,Saturday
bwari,9.2856,7.3787,clouds,overcast clouds,stations,25.95,25.95,25.95,25.95,1015,74,1015,953,10000,0.43,282,0.69,100,2026-06-13 11:56:44,2026-06-13 05:10:50,2026-06-13 17:50:20,NG,Maitama,2026-06-13 11:56:44.749593,11,2026-06-13,11:56:44,Saturday
gwagwalada,9.0764,6.9854,clouds,overcast clouds,stations,27.67,29.81,27.67,27.67,1014,68,1014,991,10000,0.74,146,0.82,100,2026-06-13 11:56:44,2026-06-13 05:12:47,2026-06-13 17:51:32,NG,Kwali,2026-06-13 11:56:45.375588,11,2026-06-13,11:56:44,Saturday
makurdi,7.7306,8.5361,clouds,overcast clouds,stations,31.41,35.2,31.41,31.41,1013,58,1013,1002,10000,1.37,221,2.44,100,2026-06-13 11:56:45,2026-06-13 05:08:57,2026-06-13 17:42:57,NG,Walmayo,2026-06-13 11:56:46.016026,11,2026-06-13,11:56:45,Saturday
panda,9.2624,7.8385,clouds,overcast clouds,stations,27.97,30.35,27.97,27.97,1013,68,1013,970,10000,1.31,286,1.76,100,2026-06-13 14:19:36,2026-06-13 05:09:02,2026-06-13 17:48:27,NG,Maitama,2026-06-13 14:19:36.563697,14,2026-06-13,14:19:36,Saturday
gurara,9.322,7.0232,clouds,overcast clouds,stations,26.86,28.62,26.86,26.86,1013,70,1013,973,10000,0.2,134,0.61,100,2026-06-13 14:19:36,2026-06-13 05:12:12,2026-06-13 17:51:49,NG,Suleja,2026-06-13 14:19:37.179138,14,2026-06-13,14:19:36,Saturday
bwari,9.2856,7.3787,clouds,overcast clouds,stations,26.09,26.09,26.09,26.09,1014,73,1014,952,10000,1.02,280,0.71,100,2026-06-13 14:19:37,2026-06-13 05:10:50,2026-06-13 17:50:20,NG,Maitama,2026-06-13 14:19:37.839347,14,2026-06-13,14:19:37,Saturday
gwagwalada,9.0764,6.9854,clouds,overcast clouds,stations,28.58,31.05,28.58,28.58,1013,65,1013,990,10000,0.43,124,0.55,100,2026-06-13 14:19:37,2026-06-13 05:12:47,2026-06-13 17:51:32,NG,Kwali,2026-06-13 14:19:38.484130,14,2026-06-13,14:19:37,Saturday
makurdi,7.7306,8.5361,clouds,overcast clouds,stations,31.52,34.92,31.52,31.52,1012,56,1012,1001,10000,3.01,244,3.03,100,2026-06-13 14:19:38,2026-06-13 05:08:57,2026-06-13 17:42:57,NG,Walmayo,2026-06-13 14:19:39.128933,14,2026-06-13,14:19:38,Saturday
panda,9.2624,7.8385,rain,light rain,stations,27.27,29.92,27.27,27.27,1012,76,1012,969,10000,2.26,310,4.17,80,2026-06-13 17:27:16,2026-06-13 05:09:02,2026-06-13 17:48:27,NG,Maitama,2026-06-13 17:27:16.370702,17,2026-06-13,17:27:16,Saturday
gurara,9.322,7.0232,rain,light rain,stations,26.49,26.49,26.49,26.49,1012,74,1012,972,10000,2.06,358,3.76,94,2026-06-13 17:27:16,2026-06-13 05:12:12,2026-06-13 17:51:49,NG,Suleja,2026-06-13 17:27:16.464076,17,2026-06-13,17:27:16,Saturday
bwari,9.2856,7.3787,rain,light rain,stations,24.95,25.64,24.95,24.95,1013,82,1013,951,10000,2.13,322,3.72,96,2026-06-13 17:27:16,2026-06-13 05:10:50,2026-06-13 17:50:20,NG,Maitama,2026-06-13 17:27:16.554376,17,2026-06-13,17:27:16,Saturday
gwagwalada,9.0764,6.9854,clouds,broken clouds,stations,28.41,31.18,28.41,28.41,1012,68,1012,989,10000,1.28,353,2.0,79,2026-06-13 17:27:16,2026-06-13 05:12:47,2026-06-13 17:51:32,NG,Kwali,2026-06-13 17:27:16.648121,17,2026-06-13,17:27:16,Saturday
makurdi,7.7306,8.5361,clouds,broken clouds,stations,28.89,32.49,28.89,28.89,1011,70,1011,1000,10000,2.88,219,5.39,84,2026-06-13 17:27:16,2026-06-13 05:08:57,2026-06-13 17:42:57,NG,Walmayo,2026-06-13 17:27:16.737921,17,2026-06-13,17:27:16,Saturday
panda,9.2624,7.8385,rain,light rain,stations,23.18,23.9,23.18,23.18,1015,90,1015,971,10000,0.86,291,0.91,100,2026-06-13 19:43:22,2026-06-13 05:09:02,2026-06-13 17:48:27,NG,Maitama,2026-06-13 19:43:22.389462,19,2026-06-13,19:43:22,Saturday
gurara,9.322,7.0232,clouds,overcast clouds,stations,24.5,25.15,24.5,24.5,1014,82,1014,973,10000,0.74,161,0.8,100,2026-06-13 19:43:22,2026-06-13 05:12:12,2026-06-13 17:51:49,NG,Suleja,2026-06-13 19:43:22.553007,19,2026-06-13,19:43:22,Saturday
bwari,9.2856,7.3787,rain,light rain,stations,22.44,23.12,22.44,22.44,1015,91,1015,952,10000,1.02,136,1.02,100,2026-06-13 19:43:22,2026-06-13 05:10:50,2026-06-13 17:50:20,NG,Maitama,2026-06-13 19:43:22.714848,19,2026-06-13,19:43:22,Saturday
gwagwalada,9.0764,6.9854,rain,light rain,stations,25.95,25.95,25.95,25.95,1014,78,1014,991,10000,0.4,169,0.58,100,2026-06-13 19:43:22,2026-06-13 05:12:47,2026-06-13 17:51:32,NG,Kwali,2026-06-13 19:43:22.878631,19,2026-06-13,19:43:22,Saturday
makurdi,7.7306,8.5361,clouds,broken clouds,stations,26.34,26.34,26.34,26.34,1014,80,1014,1003,10000,2.09,209,4.45,59,2026-06-13 19:43:23,2026-06-13 05:08:57,2026-06-13 17:42:57,NG,Walmayo,2026-06-13 19:43:23.041482,19,2026-06-13,19:43:23,Saturday
panda,9.2624,7.8385,rain,moderate rain,stations,22.38,23.1,22.38,22.38,1015,93,1015,971,10000,2.22,347,3.11,100,2026-06-13 21:20:54,2026-06-13 05:09:02,2026-06-13 17:48:27,NG,Maitama,2026-06-13 21:20:54.890678,21,2026-06-13,21:20:54,Saturday
gurara,9.322,7.0232,clouds,overcast clouds,stations,24.1,24.76,24.1,24.1,1015,84,1015,974,10000,1.0,71,1.29,100,2026-06-13 21:20:55,2026-06-13 05:12:12,2026-06-13 17:51:49,NG,Suleja,2026-06-13 21:20:55.548295,21,2026-06-13,21:20:55,Saturday
bwari,9.2856,7.3787,rain,light rain,stations,22.34,22.98,22.34,22.34,1015,90,1015,952,10000,1.58,42,1.7,100,2026-06-13 21:20:55,2026-06-13 05:10:50,2026-06-13 17:50:20,NG,Maitama,2026-06-13 21:20:56.211512,21,2026-06-13,21:20:55,Saturday
gwagwalada,9.0764,6.9854,clouds,overcast clouds,stations,25.48,26.17,25.48,25.48,1014,80,1014,991,10000,0.96,210,1.3,100,2026-06-13 21:20:56,2026-06-13 05:12:47,2026-06-13 17:51:32,NG,Kwali,2026-06-13 21:20:56.838437,21,2026-06-13,21:20:56,Saturday
makurdi,7.7306,8.5361,clouds,broken clouds,stations,26.16,26.16,26.16,26.16,1014,81,1014,1002,10000,2.38,222,6.61,73,2026-06-13 21:20:56,2026-06-13 05:08:57,2026-06-13 17:42:57,NG,Walmayo,2026-06-13 21:20:57.498723,21,2026-06-13,21:20:56,Saturday
panda,9.2624,7.8385,rain,light rain,stations,22.02,22.68,22.02,22.02,1015,92,1015,971,10000,0.85,344,1.07,100,2026-06-13 23:10:47,2026-06-14 05:09:11,2026-06-14 17:48:42,NG,Maitama,2026-06-13 23:10:47.510447,23,2026-06-13,23:10:47,Saturday
gurara,9.322,7.0232,clouds,overcast clouds,stations,23.16,23.8,23.16,23.16,1015,87,1015,974,10000,1.02,73,1.73,100,2026-06-13 23:10:47,2026-06-14 05:12:21,2026-06-14 17:52:04,NG,Suleja,2026-06-13 23:10:48.070629,23,2026-06-13,23:10:47,Saturday
bwari,9.2856,7.3787,clouds,overcast clouds,stations,21.13,21.67,21.13,21.13,1015,91,1015,952,10000,0.8,9,1.25,100,2026-06-13 23:10:48,2026-06-14 05:10:59,2026-06-14 17:50:34,NG,Maitama,2026-06-13 23:10:48.625976,23,2026-06-13,23:10:48,Saturday
gwagwalada,9.0764,6.9854,clouds,overcast clouds,stations,24.78,25.51,24.78,24.78,1014,84,1014,991,10000,0.52,346,1.0,100,2026-06-13 23:10:48,2026-06-14 05:12:56,2026-06-14 17:51:47,NG,Kwali,2026-06-13 23:10:49.178837,23,2026-06-13,23:10:48,Saturday
makurdi,7.7306,8.5361,clouds,broken clouds,stations,25.78,26.58,25.78,25.78,1014,83,1014,1003,10000,2.99,206,8.7,84,2026-06-13 23:10:49,2026-06-14 05:09:07,2026-06-14 17:43:11,NG,Walmayo,2026-06-13 23:10:49.734125,23,2026-06-13,23:10:49,Saturday
panda,9.2624,7.8385,rain,light rain,stations,21.69,22.4,21.69,21.69,1015,95,1015,971,10000,1.93,123,4.71,100,2026-06-14 04:42:11,2026-06-14 05:09:11,2026-06-14 17:48:42,NG,Maitama,2026-06-14 04:42:12.318786,4,2026-06-14,04:42:11,Sunday
gurara,9.322,7.0232,rain,light rain,stations,22.13,22.75,22.13,22.13,1015,90,1015,973,10000,1.41,139,2.7,100,2026-06-14 04:42:12,2026-06-14 05:12:21,2026-06-14 17:52:04,NG,Suleja,2026-06-14 04:42:12.872859,4,2026-06-14,04:42:12,Sunday
bwari,9.2856,7.3787,rain,light rain,stations,20.88,21.45,20.88,20.88,1015,93,1015,952,10000,1.79,161,4.13,100,2026-06-14 04:42:12,2026-06-14 05:10:59,2026-06-14 17:50:34,NG,Maitama,2026-06-14 04:42:13.436670,4,2026-06-14,04:42:12,Sunday
gwagwalada,9.0764,6.9854,rain,light rain,stations,23.14,23.91,23.14,23.14,1014,92,1014,991,10000,1.33,108,1.53,100,2026-06-14 04:42:13,2026-06-14 05:12:56,2026-06-14 17:51:47,NG,Kwali,2026-06-14 04:42:13.991173,4,2026-06-14,04:42:13,Sunday
makurdi,7.7306,8.5361,rain,heavy intensity rain,stations,22.53,23.29,22.53,22.53,1016,94,1016,1005,10000,4.62,83,10.68,100,2026-06-14 04:42:14,2026-06-14 05:09:07,2026-06-14 17:43:11,NG,Walmayo,2026-06-14 04:42:14.553931,4,2026-06-14,04:42:14,Sunday
panda,9.2624,7.8385,clouds,overcast clouds,stations,25.43,26.2,25.43,25.43,1016,83,1016,973,10000,2.67,173,4.01,100,2026-06-14 09:43:38,2026-06-14 05:09:11,2026-06-14 17:48:42,NG,Maitama,2026-06-14 09:43:39.175022,9,2026-06-14,09:43:38,Sunday
gurara,9.322,7.0232,clouds,overcast clouds,stations,28.37,30.81,28.37,28.37,1015,66,1015,975,10000,4.65,160,5.76,98,2026-06-14 09:43:39,2026-06-14 05:12:21,2026-06-14 17:52:04,NG,Suleja,2026-06-14 09:43:39.807884,9,2026-06-14,09:43:39,Sunday
bwari,9.2856,7.3787,clouds,overcast clouds,stations,25.6,26.23,25.6,25.6,1016,77,1016,954,10000,3.88,158,5.51,100,2026-06-14 09:43:39,2026-06-14 05:10:59,2026-06-14 17:50:34,NG,Maitama,2026-06-14 09:43:40.462656,9,2026-06-14,09:43:39,Sunday
gwagwalada,9.0764,6.9854,clouds,overcast clouds,stations,29.06,32.13,29.06,29.06,1015,66,1015,992,10000,4.67,155,5.82,96,2026-06-14 09:43:40,2026-06-14 05:12:56,2026-06-14 17:51:47,NG,Kwali,2026-06-14 09:43:41.126163,9,2026-06-14,09:43:40,Sunday
makurdi,7.7306,8.5361,clouds,overcast clouds,stations,23.69,24.36,23.69,23.69,1016,86,1016,1005,10000,2.35,89,4.47,100,2026-06-14 09:43:41,2026-06-14 05:09:07,2026-06-14 17:43:11,NG,Walmayo,2026-06-14 09:43:41.787679,9,2026-06-14,09:43:41,Sunday
panda,9.2624,7.8385,clouds,overcast clouds,stations,26.7,28.71,26.7,26.7,1014,75,1014,971,10000,2.34,188,3.65,100,2026-06-14 12:01:47,2026-06-14 05:09:11,2026-06-14 17:48:42,NG,Maitama,2026-06-14 12:01:47.177302,12,2026-06-14,12:01:47,Sunday
gurara,9.322,7.0232,clouds,overcast clouds,stations,29.93,32.7,29.93,29.93,1014,60,1014,974,10000,3.97,167,4.99,96,2026-06-14 12:01:47,2026-06-14 05:12:21,2026-06-14 17:52:04,NG,Suleja,2026-06-14 12:01:47.360671,12,2026-06-14,12:01:47,Sunday
bwari,9.2856,7.3787,clouds,overcast clouds,stations,27.71,29.77,27.71,27.71,1014,67,1014,952,10000,3.26,189,4.26,100,2026-06-14 12:01:47,2026-06-14 05:10:59,2026-06-14 17:50:34,NG,Maitama,2026-06-14 12:01:47.491267,12,2026-06-14,12:01:47,Sunday
gwagwalada,9.0764,6.9854,clouds,overcast clouds,stations,30.18,33.18,30.18,30.18,1014,60,1014,991,10000,4.13,163,5.21,95,2026-06-14 12:01:47,2026-06-14 05:12:56,2026-06-14 17:51:47,NG,Kwali,2026-06-14 12:01:47.625125,12,2026-06-14,12:01:47,Sunday
makurdi,7.7306,8.5361,clouds,overcast clouds,stations,23.72,24.39,23.72,23.72,1013,86,1013,1002,10000,1.71,212,3.01,100,2026-06-14 12:01:47,2026-06-14 05:09:07,2026-06-14 17:43:11,NG,Walmayo,2026-06-14 12:01:47.756025,12,2026-06-14,12:01:47,Sunday
panda,9.2624,7.8385,rain,moderate rain,stations,26.96,29.47,26.96,26.96,1012,78,1012,969,10000,2.27,177,4.87,74,2026-06-14 15:50:18,2026-06-14 05:09:11,2026-06-14 17:48:42,NG,Maitama,2026-06-14 15:50:18.404877,15,2026-06-14,15:50:18,Sunday
gurara,9.322,7.0232,rain,light rain,stations,28.18,31.02,28.18,28.18,1011,70,1011,971,10000,4.19,173,6.04,75,2026-06-14 15:50:18,2026-06-14 05:12:21,2026-06-14 17:52:04,NG,Suleja,2026-06-14 15:50:18.538701,15,2026-06-14,15:50:18,Sunday
bwari,9.2856,7.3787,rain,light rain,stations,26.65,26.65,26.65,26.65,1012,75,1012,950,10000,3.36,203,5.18,77,2026-06-14 15:50:18,2026-06-14 05:10:59,2026-06-14 17:50:34,NG,Maitama,2026-06-14 15:50:18.671331,15,2026-06-14,15:50:18,Sunday
gwagwalada,9.0764,6.9854,rain,light rain,stations,29.57,32.78,29.57,29.57,1011,64,1011,989,10000,3.73,175,4.66,56,2026-06-14 15:50:18,2026-06-14 05:12:56,2026-06-14 17:51:47,NG,Kwali,2026-06-14 15:50:18.809940,15,2026-06-14,15:50:18,Sunday
makurdi,7.7306,8.5361,clouds,broken clouds,stations,28.3,30.97,28.3,28.3,1011,68,1011,1000,10000,1.87,172,2.69,76,2026-06-14 15:50:18,2026-06-14 05:09:07,2026-06-14 17:43:11,NG,Walmayo,2026-06-14 15:50:18.940794,15,2026-06-14,15:50:18,Sunday
panda,9.2624,7.8385,rain,moderate rain,stations,24.79,25.57,24.79,24.79,1013,86,1013,969,9710,0.8,69,3.56,79,2026-06-14 17:23:51,2026-06-14 05:09:11,2026-06-14 17:48:42,NG,Maitama,2026-06-14 17:23:52.179596,17,2026-06-14,17:23:51,Sunday
gurara,9.322,7.0232,rain,light rain,stations,26.31,26.31,26.31,26.31,1011,77,1011,971,10000,3.94,180,7.82,80,2026-06-14 17:23:52,2026-06-14 05:12:21,2026-06-14 17:52:04,NG,Suleja,2026-06-14 17:23:52.397948,17,2026-06-14,17:23:52,Sunday
bwari,9.2856,7.3787,rain,moderate rain,stations,24.08,24.76,24.08,24.08,1012,85,1012,950,10000,3.08,188,6.82,82,2026-06-14 17:23:52,2026-06-14 05:10:59,2026-06-14 17:50:34,NG,Maitama,2026-06-14 17:23:52.947576,17,2026-06-14,17:23:52,Sunday
gwagwalada,9.0764,6.9854,clouds,broken clouds,stations,27.76,30.58,27.76,27.76,1011,73,1011,989,10000,3.34,174,6.08,65,2026-06-14 17:23:52,2026-06-14 05:12:56,2026-06-14 17:51:47,NG,Kwali,2026-06-14 17:23:53.505806,17,2026-06-14,17:23:52,Sunday
makurdi,7.7306,8.5361,clouds,broken clouds,stations,26.7,28.94,26.7,26.7,1012,78,1012,1001,10000,2.67,215,3.92,69,2026-06-14 17:23:53,2026-06-14 05:09:07,2026-06-14 17:43:11,NG,Walmayo,2026-06-14 17:23:54.061237,17,2026-06-14,17:23:53,Sunday
panda,9.2624,7.8385,rain,moderate rain,stations,21.51,22.17,21.51,21.51,1016,94,1016,972,9341,2.61,343,9.11,100,2026-06-14 19:43:19,2026-06-14 05:09:11,2026-06-14 17:48:42,NG,Maitama,2026-06-14 19:43:19.658370,19,2026-06-14,19:43:19,Sunday
gurara,9.322,7.0232,rain,moderate rain,stations,22.36,23.08,22.36,22.36,1016,93,1016,975,10000,3.62,26,7.49,100,2026-06-14 19:43:19,2026-06-14 05:12:21,2026-06-14 17:52:04,NG,Suleja,2026-06-14 19:43:20.228587,19,2026-06-14,19:43:19,Sunday
bwari,9.2856,7.3787,rain,moderate rain,stations,20.41,20.99,20.41,20.41,1017,95,1017,954,10000,3.08,11,7.55,100,2026-06-14 19:43:20,2026-06-14 05:10:59,2026-06-14 17:50:34,NG,Maitama,2026-06-14 19:43:20.793466,19,2026-06-14,19:43:20,Sunday
gwagwalada,9.0764,6.9854,rain,light rain,stations,24.96,25.73,24.96,24.96,1015,85,1015,992,10000,2.22,22,3.94,100,2026-06-14 19:43:20,2026-06-14 05:12:56,2026-06-14 17:51:47,NG,Kwali,2026-06-14 19:43:21.372291,19,2026-06-14,19:43:20,Sunday
makurdi,7.7306,8.5361,clouds,overcast clouds,stations,23.89,24.61,23.89,23.89,1014,87,1014,1003,10000,1.92,230,4.12,100,2026-06-14 19:43:21,2026-06-14 05:09:07,2026-06-14 17:43:11,NG,Walmayo,2026-06-14 19:43:21.940279,19,2026-06-14,19:43:21,Sunday
panda,9.2624,7.8385,rain,light rain,stations,21.45,22.11,21.45,21.45,1016,94,1016,972,10000,2.14,284,3.99,100,2026-06-14 21:18:14,2026-06-14 05:09:11,2026-06-14 17:48:42,NG,Maitama,2026-06-14 21:18:14.685321,21,2026-06-14,21:18:14,Sunday
gurara,9.322,7.0232,rain,light rain,stations,21.62,22.24,21.62,21.62,1017,92,1017,975,10000,2.08,330,6.14,100,2026-06-14 21:18:14,2026-06-14 05:12:21,2026-06-14 17:52:04,NG,Suleja,2026-06-14 21:18:14.818507,21,2026-06-14,21:18:14,Sunday
bwari,9.2856,7.3787,rain,light rain,stations,20.22,20.78,20.22,20.22,1017,95,1017,953,10000,1.26,303,3.87,100,2026-06-14 21:18:14,2026-06-14 05:10:59,2026-06-14 17:50:34,NG,Maitama,2026-06-14 21:18:14.945619,21,2026-06-14,21:18:14,Sunday
gwagwalada,9.0764,6.9854,rain,light rain,stations,23.93,24.65,23.93,23.93,1016,87,1016,993,10000,3.39,1,7.95,100,2026-06-14 21:18:15,2026-06-14 05:12:56,2026-06-14 17:51:47,NG,Kwali,2026-06-14 21:18:15.075252,21,2026-06-14,21:18:15,Sunday
makurdi,7.7306,8.5361,clouds,overcast clouds,stations,23.49,24.19,23.49,23.49,1014,88,1014,1003,10000,2.28,219,5.72,97,2026-06-14 21:18:15,2026-06-14 05:09:07,2026-06-14 17:43:11,NG,Walmayo,2026-06-14 21:18:15.203890,21,2026-06-14,21:18:15,Sunday
panda,9.2624,7.8385,clouds,overcast clouds,stations,21.79,22.45,21.79,21.79,1016,93,1016,972,10000,1.27,6,2.41,100,2026-06-14 23:13:12,2026-06-15 05:09:21,2026-06-15 17:48:56,NG,Maitama,2026-06-14 23:13:12.768017,23,2026-06-14,23:13:12,Sunday
gurara,9.322,7.0232,clouds,overcast clouds,stations,21.78,22.39,21.78,21.78,1015,91,1015,973,10000,2.88,331,9.0,100,2026-06-14 23:13:12,2026-06-15 05:12:31,2026-06-15 17:52:18,NG,Suleja,2026-06-14 23:13:13.337781,23,2026-06-14,23:13:12,Sunday
bwari,9.2856,7.3787,clouds,overcast clouds,stations,20.41,20.96,20.41,20.41,1015,94,1015,952,10000,2.23,322,7.19,100,2026-06-14 23:13:13,2026-06-15 05:11:09,2026-06-15 17:50:49,NG,Maitama,2026-06-14 23:13:13.905974,23,2026-06-14,23:13:13,Sunday
gwagwalada,9.0764,6.9854,clouds,overcast clouds,stations,23.47,24.04,23.47,23.47,1014,83,1014,991,10000,1.42,331,5.95,100,2026-06-14 23:13:13,2026-06-15 05:13:06,2026-06-15 17:52:01,NG,Kwali,2026-06-14 23:13:14.475208,23,2026-06-14,23:13:13,Sunday
makurdi,7.7306,8.5361,clouds,overcast clouds,stations,23.51,24.19,23.51,23.51,1015,87,1015,1004,10000,1.67,282,3.25,98,2026-06-14 23:13:14,2026-06-15 05:09:17,2026-06-15 17:43:25,NG,Walmayo,2026-06-14 23:13:14.575559,23,2026-06-14,23:13:14,Sunday
panda,9.2624,7.8385,clouds,overcast clouds,stations,20.79,21.38,20.79,20.79,1014,94,1014,970,10000,0.53,37,0.62,100,2026-06-15 04:56:31,2026-06-15 05:09:21,2026-06-15 17:48:56,NG,Maitama,2026-06-15 04:56:32.187897,4,2026-06-15,04:56:31,Monday
gurara,9.322,7.0232,clouds,overcast clouds,stations,21.18,21.7,21.18,21.18,1013,90,1013,972,10000,0.34,101,0.49,100,2026-06-15 04:56:32,2026-06-15 05:12:31,2026-06-15 17:52:18,NG,Suleja,2026-06-15 04:56:32.746148,4,2026-06-15,04:56:32,Monday
bwari,9.2856,7.3787,clouds,overcast clouds,stations,19.61,20.08,19.61,19.61,1014,94,1014,951,10000,0.59,62,0.58,100,2026-06-15 04:56:32,2026-06-15 05:11:09,2026-06-15 17:50:49,NG,Maitama,2026-06-15 04:56:33.307144,4,2026-06-15,04:56:32,Monday
gwagwalada,9.0764,6.9854,clouds,overcast clouds,stations,22.54,23.07,22.54,22.54,1013,85,1013,989,10000,0.11,140,0.36,100,2026-06-15 04:56:33,2026-06-15 05:13:06,2026-06-15 17:52:01,NG,Kwali,2026-06-15 04:56:33.865754,4,2026-06-15,04:56:33,Monday
makurdi,7.7306,8.5361,clouds,overcast clouds,stations,22.23,22.86,22.23,22.23,1014,90,1014,1003,10000,2.07,182,5.92,100,2026-06-15 04:56:33,2026-06-15 05:09:17,2026-06-15 17:43:25,NG,Walmayo,2026-06-15 04:56:33.998245,4,2026-06-15,04:56:33,Monday
panda,9.2624,7.8385,clouds,overcast clouds,stations,27.1,28.85,27.1,27.1,1014,68,1014,971,10000,0.7,174,1.31,99,2026-06-15 12:26:57,2026-06-15 05:09:21,2026-06-15 17:48:56,NG,Maitama,2026-06-15 12:26:57.733626,12,2026-06-15,12:26:57,Monday
gurara,9.322,7.0232,clouds,overcast clouds,stations,28.1,29.37,28.1,28.1,1014,58,1014,973,10000,1.94,224,1.86,98,2026-06-15 12:26:57,2026-06-15 05:12:31,2026-06-15 17:52:18,NG,Suleja,2026-06-15 12:26:58.287253,12,2026-06-15,12:26:57,Monday
bwari,9.2856,7.3787,clouds,overcast clouds,stations,25.04,25.53,25.04,25.04,1014,74,1014,952,10000,2.03,227,3.24,99,2026-06-15 12:26:58,2026-06-15 05:11:09,2026-06-15 17:50:49,NG,Maitama,2026-06-15 12:26:58.847066,12,2026-06-15,12:26:58,Monday
gwagwalada,9.0764,6.9854,clouds,overcast clouds,stations,27.28,28.96,27.28,27.28,1014,66,1014,991,10000,1.81,220,1.81,94,2026-06-15 12:26:58,2026-06-15 05:13:06,2026-06-15 17:52:01,NG,Kwali,2026-06-15 12:26:59.407007,12,2026-06-15,12:26:58,Monday
makurdi,7.7306,8.5361,clouds,overcast clouds,stations,31.05,33.99,31.05,31.05,1013,56,1013,1002,10000,2.45,230,2.75,99,2026-06-15 12:26:59,2026-06-15 05:09:17,2026-06-15 17:43:25,NG,Walmayo,2026-06-15 12:26:59.965401,12,2026-06-15,12:26:59,Monday
panda,9.2624,7.8385,clouds,overcast clouds,stations,24.36,24.91,24.36,24.36,1014,79,1014,970,10000,0.72,288,0.77,96,2026-06-15 18:42:52,2026-06-15 05:09:21,2026-06-15 17:48:56,NG,Maitama,2026-06-15 18:42:53.402919,18,2026-06-15,18:42:52,Monday
gurara,9.322,7.0232,clouds,broken clouds,stations,24.57,25.01,24.57,24.57,1014,74,1014,973,10000,0.83,164,0.97,79,2026-06-15 18:42:53,2026-06-15 05:12:31,2026-06-15 17:52:18,NG,Suleja,2026-06-15 18:42:53.982277,18,2026-06-15,18:42:53,Monday
bwari,9.2856,7.3787,clouds,overcast clouds,stations,22.83,23.26,22.83,22.83,1014,80,1014,952,10000,0.8,190,1.01,96,2026-06-15 18:42:54,2026-06-15 05:11:09,2026-06-15 17:50:49,NG,Maitama,2026-06-15 18:42:54.553251,18,2026-06-15,18:42:54,Monday
gwagwalada,9.0764,6.9854,clouds,overcast clouds,stations,25.77,26.33,25.77,25.77,1013,74,1013,990,10000,0.52,90,0.76,100,2026-06-15 18:42:54,2026-06-15 05:13:06,2026-06-15 17:52:01,NG,Kwali,2026-06-15 18:42:55.126498,18,2026-06-15,18:42:54,Monday
makurdi,7.7306,8.5361,clouds,overcast clouds,stations,26.62,26.62,26.62,26.62,1012,77,1012,1001,10000,1.78,177,3.14,100,2026-06-15 18:42:55,2026-06-15 05:09:17,2026-06-15 17:43:25,NG,Walmayo,2026-06-15 18:42:55.743530,18,2026-06-15,18:42:55,Monday
panda,9.2624,7.8385,clouds,broken clouds,stations,22.87,23.41,22.87,22.87,1015,84,1015,971,10000,0.51,215,0.58,82,2026-06-15 22:22:49,2026-06-15 05:09:21,2026-06-15 17:48:56,NG,Maitama,2026-06-15 22:22:49.786222,22,2026-06-15,22:22:49,Monday
gurara,9.322,7.0232,clouds,overcast clouds,stations,23.34,23.82,23.34,23.34,1015,80,1015,974,10000,1.56,164,1.87,86,2026-06-15 22:22:49,2026-06-15 05:12:31,2026-06-15 17:52:18,NG,Suleja,2026-06-15 22:22:49.891550,22,2026-06-15,22:22:49,Monday
bwari,9.2856,7.3787,clouds,broken clouds,stations,21.74,22.14,21.74,21.74,1015,83,1015,952,10000,1.49,174,1.61,79,2026-06-15 22:22:49,2026-06-15 05:11:09,2026-06-15 17:50:49,NG,Maitama,2026-06-15 22:22:49.988345,22,2026-06-15,22:22:49,Monday
gwagwalada,9.0764,6.9854,clouds,broken clouds,stations,24.19,24.78,24.19,24.19,1014,81,1014,991,10000,1.17,143,1.18,84,2026-06-15 22:22:50,2026-06-15 05:13:06,2026-06-15 17:52:01,NG,Kwali,2026-06-15 22:22:50.080637,22,2026-06-15,22:22:50,Monday
makurdi,7.7306,8.5361,clouds,broken clouds,stations,24.78,25.56,24.78,24.78,1014,86,1014,1003,10000,1.27,241,1.72,79,2026-06-15 22:22:50,2026-06-15 05:09:17,2026-06-15 17:43:25,NG,Walmayo,2026-06-15 22:22:50.169995,22,2026-06-15,22:22:50,Monday
panda,9.2624,7.8385,clouds,overcast clouds,stations,21.62,22.06,21.62,21.62,1015,85,1015,971,10000,1.21,6,1.08,85,2026-06-16 04:54:44,2026-06-16 05:09:31,2026-06-16 17:49:10,NG,Maitama,2026-06-16 04:54:44.711570,4,2026-06-16,04:54:44,Tuesday
gurara,9.322,7.0232,clouds,overcast clouds,stations,22.28,22.86,22.28,22.28,1015,88,1015,973,10000,0.62,138,0.64,94,2026-06-16 04:54:44,2026-06-16 05:12:41,2026-06-16 17:52:32,NG,Suleja,2026-06-16 04:54:45.205810,4,2026-06-16,04:54:44,Tuesday
bwari,9.2856,7.3787,clouds,overcast clouds,stations,21.01,21.54,21.01,21.01,1015,91,1015,952,10000,0.43,164,0.57,95,2026-06-16 04:54:45,2026-06-16 05:11:19,2026-06-16 17:51:03,NG,Maitama,2026-06-16 04:54:45.801225,4,2026-06-16,04:54:45,Tuesday
gwagwalada,9.0764,6.9854,clouds,overcast clouds,stations,23.19,23.86,23.19,23.19,1014,88,1014,991,10000,0.87,160,0.87,98,2026-06-16 04:54:45,2026-06-16 05:13:16,2026-06-16 17:52:15,NG,Kwali,2026-06-16 04:54:46.409807,4,2026-06-16,04:54:45,Tuesday
makurdi,7.7306,8.5361,clouds,broken clouds,stations,23.22,24.03,23.22,23.22,1014,93,1014,1003,10000,1.57,231,3.8,55,2026-06-16 04:54:46,2026-06-16 05:09:28,2026-06-16 17:43:39,NG,Walmayo,2026-06-16 04:54:47.008205,4,2026-06-16,04:54:46,Tuesday
panda,9.2624,7.8385,clouds,broken clouds,stations,32.25,35.08,32.25,32.25,1014,51,1014,972,10000,1.69,182,1.51,55,2026-06-16 11:21:00,2026-06-16 05:09:31,2026-06-16 17:49:10,NG,Maitama,2026-06-16 11:21:00.635736,11,2026-06-16,11:21:00,Tuesday
gurara,9.322,7.0232,clouds,overcast clouds,stations,32.13,34.85,32.13,32.13,1014,51,1014,974,10000,2.24,196,1.89,86,2026-06-16 11:21:00,2026-06-16 05:12:41,2026-06-16 17:52:32,NG,Suleja,2026-06-16 11:21:01.232572,11,2026-06-16,11:21:00,Tuesday
bwari,9.2856,7.3787,clouds,overcast clouds,stations,30.58,32.89,30.58,30.58,1014,55,1014,953,10000,1.79,209,1.52,86,2026-06-16 11:21:01,2026-06-16 05:11:19,2026-06-16 17:51:03,NG,Maitama,2026-06-16 11:21:01.844241,11,2026-06-16,11:21:01,Tuesday
gwagwalada,9.0764,6.9854,clouds,broken clouds,stations,33.08,36.45,33.08,33.08,1014,50,1014,991,10000,2.5,197,2.13,51,2026-06-16 11:21:01,2026-06-16 05:13:16,2026-06-16 17:52:15,NG,Kwali,2026-06-16 11:21:02.435426,11,2026-06-16,11:21:01,Tuesday
makurdi,7.7306,8.5361,clouds,broken clouds,stations,31.95,36.09,31.95,31.95,1013,57,1013,1002,10000,2.32,224,2.53,53,2026-06-16 11:21:02,2026-06-16 05:09:28,2026-06-16 17:43:39,NG,Walmayo,2026-06-16 11:21:03.031408,11,2026-06-16,11:21:02,Tuesday
panda,9.2624,7.8385,rain,light rain,stations,30.62,34.06,30.62,30.62,1010,60,1010,968,10000,2.7,184,4.66,43,2026-06-16 17:03:56,2026-06-16 05:09:31,2026-06-16 17:49:10,NG,Maitama,2026-06-16 17:03:57.393466,17,2026-06-16,17:03:56,Tuesday
gurara,9.322,7.0232,rain,moderate rain,stations,29.15,32.13,29.15,29.15,1010,65,1010,970,8115,1.59,159,5.31,49,2026-06-16 17:03:57,2026-06-16 05:12:41,2026-06-16 17:52:32,NG,Suleja,2026-06-16 17:03:58.004006,17,2026-06-16,17:03:57,Tuesday
bwari,9.2856,7.3787,rain,moderate rain,stations,26.32,26.32,26.32,26.32,1011,75,1011,949,10000,1.52,270,4.25,58,2026-06-16 17:03:58,2026-06-16 05:11:19,2026-06-16 17:51:03,NG,Maitama,2026-06-16 17:03:58.595325,17,2026-06-16,17:03:58,Tuesday
gwagwalada,9.0764,6.9854,rain,light rain,stations,30.8,33.96,30.8,30.8,1009,58,1009,987,10000,3.33,198,7.86,77,2026-06-16 17:03:58,2026-06-16 05:13:16,2026-06-16 17:52:15,NG,Kwali,2026-06-16 17:03:59.198887,17,2026-06-16,17:03:58,Tuesday
makurdi,7.7306,8.5361,clouds,broken clouds,stations,29.8,33.25,29.8,29.8,1011,64,1011,1000,10000,4.52,200,7.91,75,2026-06-16 17:03:59,2026-06-16 05:09:28,2026-06-16 17:43:39,NG,Walmayo,2026-06-16 17:03:59.796751,17,2026-06-16,17:03:59,Tuesday
panda,9.2624,7.8385,rain,light rain,stations,23.18,24.03,23.18,23.18,1016,95,1016,972,10000,0.89,359,2.31,100,2026-06-16 20:57:56,2026-06-16 05:09:31,2026-06-16 17:49:10,NG,Maitama,2026-06-16 20:57:56.620857,20,2026-06-16,20:57:56,Tuesday
gurara,9.322,7.0232,rain,light rain,stations,21.44,22.15,21.44,21.44,1016,96,1016,975,10000,1.54,259,3.99,100,2026-06-16 20:57:56,2026-06-16 05:12:41,2026-06-16 17:52:32,NG,Suleja,2026-06-16 20:57:56.750693,20,2026-06-16,20:57:56,Tuesday
bwari,9.2856,7.3787,rain,light rain,stations,21.43,22.16,21.43,21.43,1016,97,1016,953,10000,1.4,192,4.14,100,2026-06-16 20:57:56,2026-06-16 05:11:19,2026-06-16 17:51:03,NG,Maitama,2026-06-16 20:57:56.879317,20,2026-06-16,20:57:56,Tuesday
gwagwalada,9.0764,6.9854,rain,moderate rain,stations,21.35,22.07,21.35,21.35,1016,97,1016,992,10000,2.55,249,5.05,100,2026-06-16 20:57:56,2026-06-16 05:13:16,2026-06-16 17:52:15,NG,Kwali,2026-06-16 20:57:57.007227,20,2026-06-16,20:57:56,Tuesday
makurdi,7.7306,8.5361,clouds,few clouds,stations,25.63,26.39,25.63,25.63,1015,82,1015,1003,10000,3.69,209,10.48,14,2026-06-16 20:57:57,2026-06-16 05:09:28,2026-06-16 17:43:39,NG,Walmayo,2026-06-16 20:57:57.157806,20,2026-06-16,20:57:57,Tuesday
panda,9.2624,7.8385,rain,moderate rain,stations,22.95,23.81,22.95,22.95,1016,96,1016,972,10000,1.52,232,4.62,100,2026-06-16 23:26:27,2026-06-17 05:09:42,2026-06-17 17:49:24,NG,Maitama,2026-06-16 23:26:28.212253,23,2026-06-16,23:26:27,Tuesday
gurara,9.322,7.0232,rain,moderate rain,stations,21.38,22.11,21.38,21.38,1016,97,1016,975,9762,1.5,200,3.22,100,2026-06-16 23:26:28,2026-06-17 05:12:51,2026-06-17 17:52:46,NG,Suleja,2026-06-16 23:26:28.766133,23,2026-06-16,23:26:28,Tuesday
bwari,9.2856,7.3787,rain,moderate rain,stations,21.28,22.02,21.28,21.28,1016,98,1016,953,10000,2.27,208,3.94,100,2026-06-16 23:26:28,2026-06-17 05:11:30,2026-06-17 17:51:16,NG,Maitama,2026-06-16 23:26:29.072395,23,2026-06-16,23:26:28,Tuesday
gwagwalada,9.0764,6.9854,rain,moderate rain,stations,21.68,22.41,21.68,21.68,1017,96,1017,994,10000,1.22,47,3.43,100,2026-06-16 23:26:29,2026-06-17 05:13:27,2026-06-17 17:52:28,NG,Kwali,2026-06-16 23:26:29.627437,23,2026-06-16,23:26:29,Tuesday
makurdi,7.7306,8.5361,rain,light rain,stations,24.15,25.0,24.15,24.15,1016,91,1016,1004,10000,2.26,248,6.78,49,2026-06-16 23:26:29,2026-06-17 05:09:38,2026-06-17 17:43:52,NG,Walmayo,2026-06-16 23:26:30.186075,23,2026-06-16,23:26:29,Tuesday
panda,9.2624,7.8385,clouds,overcast clouds,stations,22.93,23.81,22.93,22.93,1015,97,1015,971,10000,0.59,341,1.93,100,2026-06-17 04:42:35,2026-06-17 05:09:42,2026-06-17 17:49:24,NG,Maitama,2026-06-17 04:42:35.484970,4,2026-06-17,04:42:35,Wednesday
gurara,9.322,7.0232,clouds,overcast clouds,stations,22.22,22.95,22.22,22.22,1015,94,1015,974,10000,0.38,253,0.45,100,2026-06-17 04:42:35,2026-06-17 05:12:51,2026-06-17 17:52:46,NG,Suleja,2026-06-17 04:42:35.616602,4,2026-06-17,04:42:35,Wednesday
bwari,9.2856,7.3787,clouds,overcast clouds,stations,21.61,22.36,21.61,21.61,1015,97,1015,952,10000,1.58,289,2.49,100,2026-06-17 04:42:35,2026-06-17 05:11:30,2026-06-17 17:51:16,NG,Maitama,2026-06-17 04:42:35.742486,4,2026-06-17,04:42:35,Wednesday
gwagwalada,9.0764,6.9854,clouds,overcast clouds,stations,22.91,23.71,22.91,22.91,1015,94,1015,991,10000,0.76,307,0.79,100,2026-06-17 04:42:35,2026-06-17 05:13:27,2026-06-17 17:52:28,NG,Kwali,2026-06-17 04:42:35.870805,4,2026-06-17,04:42:35,Wednesday
makurdi,7.7306,8.5361,clouds,overcast clouds,stations,23.25,24.14,23.25,23.25,1014,96,1014,1003,10000,2.21,202,6.16,100,2026-06-17 04:42:35,2026-06-17 05:09:38,2026-06-17 17:43:52,NG,Walmayo,2026-06-17 04:42:36.003641,4,2026-06-17,04:42:35,Wednesday
panda,9.2624,7.8385,clouds,overcast clouds,stations,29.39,32.8,29.39,29.39,1015,66,1015,972,10000,1.85,169,2.16,100,2026-06-17 11:06:06,2026-06-17 05:09:42,2026-06-17 17:49:24,NG,Maitama,2026-06-17 11:06:07.193834,11,2026-06-17,11:06:06,Wednesday
gurara,9.322,7.0232,clouds,overcast clouds,stations,29.95,33.14,29.95,29.95,1015,62,1015,974,10000,1.99,200,2.05,100,2026-06-17 11:06:07,2026-06-17 05:12:51,2026-06-17 17:52:46,NG,Suleja,2026-06-17 11:06:07.845007,11,2026-06-17,11:06:07,Wednesday
bwari,9.2856,7.3787,clouds,overcast clouds,stations,28.95,31.58,28.95,28.95,1015,64,1015,953,10000,1.93,200,2.21,100,2026-06-17 11:06:07,2026-06-17 05:11:30,2026-06-17 17:51:16,NG,Maitama,2026-06-17 11:06:08.514707,11,2026-06-17,11:06:07,Wednesday
gwagwalada,9.0764,6.9854,clouds,overcast clouds,stations,31.1,35.06,31.1,31.1,1014,60,1014,992,10000,1.9,206,2.06,100,2026-06-17 11:06:08,2026-06-17 05:13:27,2026-06-17 17:52:28,NG,Kwali,2026-06-17 11:06:09.172956,11,2026-06-17,11:06:08,Wednesday
makurdi,7.7306,8.5361,clouds,overcast clouds,stations,32.98,37.45,32.98,32.98,1014,54,1014,1003,10000,1.31,243,1.41,99,2026-06-17 11:06:09,2026-06-17 05:09:38,2026-06-17 17:43:52,NG,Walmayo,2026-06-17 11:06:09.832149,11,2026-06-17,11:06:09,Wednesday
panda,9.2624,7.8385,rain,moderate rain,stations,29.72,33.49,29.72,29.72,1011,66,1011,968,10000,0.43,45,2.36,94,2026-06-17 15:49:49,2026-06-17 05:09:42,2026-06-17 17:49:24,NG,Maitama,2026-06-17 15:49:50.451106,15,2026-06-17,15:49:49,Wednesday
gurara,9.322,7.0232,rain,light rain,stations,28.24,31.58,28.24,28.24,1011,73,1011,971,7689,1.39,121,2.06,99,2026-06-17 15:49:50,2026-06-17 05:12:51,2026-06-17 17:52:46,NG,Suleja,2026-06-17 15:49:51.119301,15,2026-06-17,15:49:50,Wednesday
bwari,9.2856,7.3787,rain,light rain,stations,26.88,29.39,26.88,26.88,1012,79,1012,950,10000,1.75,287,2.66,95,2026-06-17 15:49:51,2026-06-17 05:11:30,2026-06-17 17:51:16,NG,Maitama,2026-06-17 15:49:51.812653,15,2026-06-17,15:49:51,Wednesday
gwagwalada,9.0764,6.9854,rain,light rain,stations,30.68,35.15,30.68,30.68,1011,64,1011,988,10000,1.16,170,1.67,100,2026-06-17 15:49:51,2026-06-17 05:13:27,2026-06-17 17:52:28,NG,Kwali,2026-06-17 15:49:52.496863,15,2026-06-17,15:49:51,Wednesday
makurdi,7.7306,8.5361,rain,light rain,stations,29.27,33.13,29.27,29.27,1011,69,1011,1000,10000,2.67,245,4.39,94,2026-06-17 15:49:52,2026-06-17 05:09:38,2026-06-17 17:43:52,NG,Walmayo,2026-06-17 15:49:53.173842,15,2026-06-17,15:49:52,Wednesday
panda,9.2624,7.8385,rain,moderate rain,stations,25.09,25.9,25.09,25.09,1013,86,1013,970,10000,1.36,290,4.57,99,2026-06-17 18:25:11,2026-06-17 05:09:42,2026-06-17 17:49:24,NG,Maitama,2026-06-17 18:25:12.357171,18,2026-06-17,18:25:11,Wednesday
gurara,9.322,7.0232,rain,light rain,stations,24.83,25.54,24.83,24.83,1013,83,1013,972,10000,4.33,13,8.29,100,2026-06-17 18:25:12,2026-06-17 05:12:51,2026-06-17 17:52:46,NG,Suleja,2026-06-17 18:25:12.956713,18,2026-06-17,18:25:12,Wednesday
bwari,9.2856,7.3787,rain,light rain,stations,23.07,23.73,23.07,23.07,1014,88,1014,951,10000,2.91,2,5.82,99,2026-06-17 18:25:13,2026-06-17 05:11:30,2026-06-17 17:51:16,NG,Maitama,2026-06-17 18:25:13.551883,18,2026-06-17,18:25:13,Wednesday
gwagwalada,9.0764,6.9854,rain,light rain,stations,27.83,30.72,27.83,27.83,1012,73,1012,989,10000,1.46,62,3.0,100,2026-06-17 18:25:13,2026-06-17 05:13:27,2026-06-17 17:52:28,NG,Kwali,2026-06-17 18:25:14.143729,18,2026-06-17,18:25:13,Wednesday
makurdi,7.7306,8.5361,rain,moderate rain,stations,27.1,29.96,27.1,27.1,1012,80,1012,1001,10000,2.5,258,4.91,97,2026-06-17 18:25:14,2026-06-17 05:09:38,2026-06-17 17:43:52,NG,Walmayo,2026-06-17 18:25:14.740287,18,2026-06-17,18:25:14,Wednesday
panda,9.2624,7.8385,rain,light rain,stations,22.55,23.29,22.55,22.55,1015,93,1015,971,10000,0.76,60,0.86,100,2026-06-17 22:05:12,2026-06-17 05:09:42,2026-06-17 17:49:24,NG,Maitama,2026-06-17 22:05:12.066323,22,2026-06-17,22:05:12,Wednesday
gurara,9.322,7.0232,clouds,overcast clouds,stations,22.35,22.99,22.35,22.35,1015,90,1015,973,10000,1.28,73,1.61,100,2026-06-17 22:05:12,2026-06-17 05:12:51,2026-06-17 17:52:46,NG,Suleja,2026-06-17 22:05:12.158294,22,2026-06-17,22:05:12,Wednesday
bwari,9.2856,7.3787,rain,light rain,stations,21.45,22.03,21.45,21.45,1015,91,1015,952,10000,1.27,98,1.28,100,2026-06-17 22:05:12,2026-06-17 05:11:30,2026-06-17 17:51:16,NG,Maitama,2026-06-17 22:05:12.258422,22,2026-06-17,22:05:12,Wednesday
gwagwalada,9.0764,6.9854,clouds,overcast clouds,stations,23.27,24.0,23.27,23.27,1014,90,1014,991,10000,1.07,103,1.3,100,2026-06-17 22:05:12,2026-06-17 05:13:27,2026-06-17 17:52:28,NG,Kwali,2026-06-17 22:05:12.347849,22,2026-06-17,22:05:12,Wednesday
makurdi,7.7306,8.5361,clouds,overcast clouds,stations,25.3,26.21,25.3,25.3,1014,89,1014,1003,10000,2.98,192,8.77,100,2026-06-17 22:05:12,2026-06-17 05:09:38,2026-06-17 17:43:52,NG,Walmayo,2026-06-17 22:05:12.443327,22,2026-06-17,22:05:12,Wednesday
panda,9.2624,7.8385,clouds,overcast clouds,stations,22.81,23.63,22.81,22.81,1014,95,1014,970,10000,1.05,223,1.29,100,2026-06-18 04:25:40,2026-06-18 05:09:53,2026-06-18 17:49:37,NG,Maitama,2026-06-18 04:25:40.099425,4,2026-06-18,04:25:40,Thursday
gurara,9.322,7.0232,clouds,overcast clouds,stations,22.15,22.88,22.15,22.15,1014,94,1014,972,10000,1.06,195,1.76,100,2026-06-18 04:25:40,2026-06-18 05:13:02,2026-06-18 17:52:59,NG,Suleja,2026-06-18 04:25:40.192819,4,2026-06-18,04:25:40,Thursday
bwari,9.2856,7.3787,clouds,overcast clouds,stations,21.21,21.89,21.21,21.21,1014,96,1014,951,10000,1.36,213,2.33,100,2026-06-18 04:25:40,2026-06-18 05:11:41,2026-06-18 17:51:30,NG,Maitama,2026-06-18 04:25:40.290129,4,2026-06-18,04:25:40,Thursday
gwagwalada,9.0764,6.9854,clouds,overcast clouds,stations,23.24,24.07,23.24,23.24,1013,94,1013,990,10000,0.55,198,0.63,100,2026-06-18 04:25:40,2026-06-18 05:13:38,2026-06-18 17:52:42,NG,Kwali,2026-06-18 04:25:40.381369,4,2026-06-18,04:25:40,Thursday
makurdi,7.7306,8.5361,clouds,overcast clouds,stations,23.32,24.16,23.32,23.32,1013,94,1013,1002,10000,2.06,208,7.29,100,2026-06-18 04:25:40,2026-06-18 05:09:50,2026-06-18 17:44:05,NG,Walmayo,2026-06-18 04:25:40.471457,4,2026-06-18,04:25:40,Thursday
panda,9.2624,7.8385,clouds,overcast clouds,stations,29.93,33.73,29.93,29.93,1015,65,1015,972,10000,1.1,217,0.83,87,2026-06-18 10:27:19,2026-06-18 05:09:53,2026-06-18 17:49:37,NG,Maitama,2026-06-18 10:27:20.199616,10,2026-06-18,10:27:19,Thursday
gurara,9.322,7.0232,clouds,overcast clouds,stations,28.43,31.37,28.43,28.43,1015,69,1015,975,10000,1.68,220,1.45,99,2026-06-18 10:27:20,2026-06-18 05:13:02,2026-06-18 17:52:59,NG,Suleja,2026-06-18 10:27:20.755380,10,2026-06-18,10:27:20,Thursday
bwari,9.2856,7.3787,clouds,overcast clouds,stations,26.94,29.0,26.94,26.94,1015,73,1015,953,10000,1.47,243,1.01,98,2026-06-18 10:27:20,2026-06-18 05:11:41,2026-06-18 17:51:30,NG,Maitama,2026-06-18 10:27:21.307735,10,2026-06-18,10:27:20,Thursday
gwagwalada,9.0764,6.9854,clouds,overcast clouds,stations,29.8,33.46,29.8,29.8,1015,65,1015,992,10000,1.59,225,1.44,97,2026-06-18 10:27:21,2026-06-18 05:13:38,2026-06-18 17:52:42,NG,Kwali,2026-06-18 10:27:21.859032,10,2026-06-18,10:27:21,Thursday
makurdi,7.7306,8.5361,clouds,overcast clouds,stations,31.36,35.36,31.36,31.36,1014,59,1014,1003,10000,2.38,208,2.43,93,2026-06-18 10:27:21,2026-06-18 05:09:50,2026-06-18 17:44:05,NG,Walmayo,2026-06-18 10:27:22.412113,10,2026-06-18,10:27:21,Thursday
panda,9.2624,7.8385,rain,moderate rain,stations,27.6,30.74,27.6,27.6,1010,77,1010,967,10000,3.39,328,5.67,98,2026-06-18 15:36:38,2026-06-18 05:09:53,2026-06-18 17:49:37,NG,Maitama,2026-06-18 15:36:38.595122,15,2026-06-18,15:36:38,Thursday
gurara,9.322,7.0232,rain,moderate rain,stations,29.98,33.41,29.98,29.98,1010,63,1010,970,10000,0.93,105,1.56,67,2026-06-18 15:36:38,2026-06-18 05:13:02,2026-06-18 17:52:59,NG,Suleja,2026-06-18 15:36:39.154312,15,2026-06-18,15:36:38,Thursday
bwari,9.2856,7.3787,rain,moderate rain,stations,26.06,26.06,26.06,26.06,1011,80,1011,949,9020,2.75,4,4.85,91,2026-06-18 15:36:39,2026-06-18 05:11:41,2026-06-18 17:51:30,NG,Maitama,2026-06-18 15:36:39.716931,15,2026-06-18,15:36:39,Thursday
gwagwalada,9.0764,6.9854,rain,light rain,stations,31.9,35.7,31.9,31.9,1010,56,1010,987,10000,1.25,126,1.13,65,2026-06-18 15:36:39,2026-06-18 05:13:38,2026-06-18 17:52:42,NG,Kwali,2026-06-18 15:36:40.268422,15,2026-06-18,15:36:39,Thursday
makurdi,7.7306,8.5361,clouds,overcast clouds,stations,31.91,36.57,31.91,31.91,1008,59,1008,998,10000,2.7,186,4.07,93,2026-06-18 15:36:40,2026-06-18 05:09:50,2026-06-18 17:44:05,NG,Walmayo,2026-06-18 15:36:40.823428,15,2026-06-18,15:36:40,Thursday
panda,9.2624,7.8385,rain,moderate rain,stations,24.54,25.35,24.54,24.54,1011,88,1011,968,10000,2.58,328,4.99,93,2026-06-18 18:28:36,2026-06-18 05:09:53,2026-06-18 17:49:37,NG,Maitama,2026-06-18 18:28:37.065961,18,2026-06-18,18:28:36,Thursday
gurara,9.322,7.0232,rain,moderate rain,stations,25.05,25.83,25.05,25.05,1011,85,1011,971,2703,2.47,41,3.99,94,2026-06-18 18:28:37,2026-06-18 05:13:02,2026-06-18 17:52:59,NG,Suleja,2026-06-18 18:28:37.618341,18,2026-06-18,18:28:37,Thursday
bwari,9.2856,7.3787,rain,heavy intensity rain,stations,23.47,24.2,23.47,23.47,1012,89,1012,949,10000,3.86,351,7.35,97,2026-06-18 18:28:37,2026-06-18 05:11:41,2026-06-18 17:51:30,NG,Maitama,2026-06-18 18:28:38.175846,18,2026-06-18,18:28:37,Thursday
gwagwalada,9.0764,6.9854,rain,light rain,stations,26.81,29.16,26.81,26.81,1011,78,1011,988,10000,1.54,9,1.86,74,2026-06-18 18:28:38,2026-06-18 05:13:38,2026-06-18 17:52:42,NG,Kwali,2026-06-18 18:28:38.728166,18,2026-06-18,18:28:38,Thursday
makurdi,7.7306,8.5361,clouds,broken clouds,stations,27.98,31.17,27.98,27.98,1010,74,1010,999,10000,1.54,244,2.19,83,2026-06-18 18:28:38,2026-06-18 05:09:50,2026-06-18 17:44:05,NG,Walmayo,2026-06-18 18:28:39.279809,18,2026-06-18,18:28:38,Thursday
panda,9.2624,7.8385,rain,moderate rain,stations,22.33,23.1,22.33,22.33,1015,95,1015,971,10000,2.66,350,5.52,79,2026-06-18 22:17:51,2026-06-18 05:09:53,2026-06-18 17:49:37,NG,Maitama,2026-06-18 22:17:52.370613,22,2026-06-18,22:17:51,Thursday
gurara,9.322,7.0232,rain,light rain,stations,22.13,22.83,22.13,22.13,1014,93,1014,972,10000,3.28,82,8.63,100,2026-06-18 22:17:52,2026-06-18 05:13:02,2026-06-18 17:52:59,NG,Suleja,2026-06-18 22:17:52.928200,22,2026-06-18,22:17:52,Thursday
bwari,9.2856,7.3787,rain,moderate rain,stations,21.19,21.85,21.19,21.19,1015,95,1015,952,9073,3.85,48,10.01,99,2026-06-18 22:17:52,2026-06-18 05:11:41,2026-06-18 17:51:30,NG,Maitama,2026-06-18 22:17:53.165593,22,2026-06-18,22:17:52,Thursday
gwagwalada,9.0764,6.9854,rain,light rain,stations,22.73,23.43,22.73,22.73,1013,91,1013,990,10000,2.22,82,3.91,93,2026-06-18 22:17:53,2026-06-18 05:13:38,2026-06-18 17:52:42,NG,Kwali,2026-06-18 22:17:53.731819,22,2026-06-18,22:17:53,Thursday
makurdi,7.7306,8.5361,rain,moderate rain,stations,25.05,25.91,25.05,25.05,1012,88,1012,1001,10000,1.68,195,1.98,52,2026-06-18 22:17:53,2026-06-18 05:09:50,2026-06-18 17:44:05,NG,Walmayo,2026-06-18 22:17:54.283204,22,2026-06-18,22:17:53,Thursday
panda,9.2624,7.8385,clouds,overcast clouds,stations,22.88,23.63,22.88,22.88,1011,92,1011,967,10000,1.14,336,1.18,100,2026-06-19 04:53:20,2026-06-19 05:10:04,2026-06-19 17:49:50,NG,Maitama,2026-06-19 04:53:20.676672,4,2026-06-19,04:53:20,Friday
gurara,9.322,7.0232,clouds,overcast clouds,stations,22.18,22.86,22.18,22.18,1011,92,1011,970,10000,1.39,203,1.84,100,2026-06-19 04:53:20,2026-06-19 05:13:13,2026-06-19 17:53:12,NG,Suleja,2026-06-19 04:53:21.235957,4,2026-06-19,04:53:20,Friday
bwari,9.2856,7.3787,clouds,overcast clouds,stations,21.6,22.22,21.6,21.6,1011,92,1011,948,10000,1.45,225,2.12,100,2026-06-19 04:53:21,2026-06-19 05:11:52,2026-06-19 17:51:43,NG,Maitama,2026-06-19 04:53:21.548294,4,2026-06-19,04:53:21,Friday
gwagwalada,9.0764,6.9854,clouds,overcast clouds,stations,22.87,23.59,22.87,22.87,1011,91,1011,987,10000,1.3,215,1.33,100,2026-06-19 04:53:21,2026-06-19 05:13:49,2026-06-19 17:52:55,NG,Kwali,2026-06-19 04:53:22.102140,4,2026-06-19,04:53:21,Friday
makurdi,7.7306,8.5361,clouds,overcast clouds,stations,23.73,24.67,23.73,23.73,1010,96,1010,999,10000,2.31,194,6.55,100,2026-06-19 04:53:22,2026-06-19 05:10:01,2026-06-19 17:44:18,NG,Walmayo,2026-06-19 04:53:22.669257,4,2026-06-19,04:53:22,Friday
panda,9.2624,7.8385,clouds,overcast clouds,stations,30.67,33.93,30.67,30.67,1011,59,1011,969,10000,2.12,164,2.7,99,2026-06-19 10:45:34,2026-06-19 05:10:04,2026-06-19 17:49:50,NG,Maitama,2026-06-19 10:45:34.992696,10,2026-06-19,10:45:34,Friday
gurara,9.322,7.0232,clouds,broken clouds,stations,30.91,33.95,30.91,30.91,1011,57,1011,971,10000,2.01,200,1.82,68,2026-06-19 10:45:35,2026-06-19 05:13:13,2026-06-19 17:53:12,NG,Suleja,2026-06-19 10:45:35.564649,10,2026-06-19,10:45:35,Friday
bwari,9.2856,7.3787,clouds,broken clouds,stations,29.23,31.76,29.23,29.23,1012,62,1012,950,10000,1.92,190,2.16,81,2026-06-19 10:45:35,2026-06-19 05:11:52,2026-06-19 17:51:43,NG,Maitama,2026-06-19 10:45:36.126986,10,2026-06-19,10:45:35,Friday
gwagwalada,9.0764,6.9854,clouds,broken clouds,stations,31.89,36.24,31.89,31.89,1011,58,1011,988,10000,1.71,196,1.8,81,2026-06-19 10:45:36,2026-06-19 05:13:49,2026-06-19 17:52:55,NG,Kwali,2026-06-19 10:45:36.695930,10,2026-06-19,10:45:36,Friday
makurdi,7.7306,8.5361,clouds,overcast clouds,stations,31.19,35.51,31.19,31.19,1011,61,1011,1000,10000,2.19,208,2.2,95,2026-06-19 10:45:36,2026-06-19 05:10:01,2026-06-19 17:44:18,NG,Walmayo,2026-06-19 10:45:37.260563,10,2026-06-19,10:45:36,Friday
panda,9.2624,7.8385,rain,light rain,stations,28.0,30.94,28.0,28.0,1007,72,1007,964,10000,1.86,210,3.28,80,2026-06-19 15:30:29,2026-06-19 05:10:04,2026-06-19 17:49:50,NG,Maitama,2026-06-19 15:30:29.667913,15,2026-06-19,15:30:29,Friday
gurara,9.322,7.0232,clouds,overcast clouds,stations,32.3,34.92,32.3,32.3,1006,50,1006,966,10000,1.8,228,2.16,96,2026-06-19 15:30:29,2026-06-19 05:13:13,2026-06-19 17:53:12,NG,Suleja,2026-06-19 15:30:29.800672,15,2026-06-19,15:30:29,Friday
bwari,9.2856,7.3787,rain,light rain,stations,28.47,31.0,28.47,28.47,1007,66,1007,946,10000,1.4,211,3.4,95,2026-06-19 15:30:29,2026-06-19 05:11:52,2026-06-19 17:51:43,NG,Maitama,2026-06-19 15:30:29.928474,15,2026-06-19,15:30:29,Friday
gwagwalada,9.0764,6.9854,clouds,overcast clouds,stations,33.24,36.48,33.24,33.24,1006,49,1006,983,10000,3.04,217,2.79,95,2026-06-19 15:30:30,2026-06-19 05:13:49,2026-06-19 17:52:55,NG,Kwali,2026-06-19 15:30:30.055539,15,2026-06-19,15:30:30,Friday
makurdi,7.7306,8.5361,clouds,broken clouds,stations,30.15,34.91,30.15,30.15,1008,68,1008,997,10000,3.72,193,5.41,84,2026-06-19 15:30:30,2026-06-19 05:10:01,2026-06-19 17:44:18,NG,Walmayo,2026-06-19 15:30:30.185817,15,2026-06-19,15:30:30,Friday
panda,9.2624,7.8385,rain,moderate rain,stations,24.41,25.28,24.41,24.41,1009,91,1009,965,10000,1.82,254,3.39,84,2026-06-19 18:02:44,2026-06-19 05:10:04,2026-06-19 17:49:50,NG,Maitama,2026-06-19 18:02:45.137070,18,2026-06-19,18:02:44,Friday
gurara,9.322,7.0232,rain,moderate rain,stations,24.13,24.95,24.13,24.13,1009,90,1009,968,10000,1.86,208,5.08,94,2026-06-19 18:02:45,2026-06-19 05:13:13,2026-06-19 17:53:12,NG,Suleja,2026-06-19 18:02:45.690465,18,2026-06-19,18:02:45,Friday
bwari,9.2856,7.3787,rain,moderate rain,stations,23.46,24.21,23.46,23.46,1009,90,1009,947,10000,1.81,207,3.21,97,2026-06-19 18:02:45,2026-06-19 05:11:52,2026-06-19 17:51:43,NG,Maitama,2026-06-19 18:02:46.243607,18,2026-06-19,18:02:45,Friday
gwagwalada,9.0764,6.9854,rain,heavy intensity rain,stations,24.79,25.78,24.79,24.79,1009,94,1009,985,5642,4.12,181,8.1,87,2026-06-19 18:02:46,2026-06-19 05:13:49,2026-06-19 17:52:55,NG,Kwali,2026-06-19 18:02:46.797274,18,2026-06-19,18:02:46,Friday
makurdi,7.7306,8.5361,clouds,broken clouds,stations,27.67,30.77,27.67,27.67,1008,76,1008,997,10000,3.56,188,8.71,76,2026-06-19 18:02:46,2026-06-19 05:10:01,2026-06-19 17:44:18,NG,Walmayo,2026-06-19 18:02:47.347732,18,2026-06-19,18:02:46,Friday
panda,9.2624,7.8385,rain,light rain,stations,23.53,24.31,23.53,23.53,1011,91,1011,968,10000,1.42,263,1.77,99,2026-06-19 21:13:02,2026-06-19 05:10:04,2026-06-19 17:49:50,NG,Maitama,2026-06-19 21:13:02.841077,21,2026-06-19,21:13:02,Friday
gurara,9.322,7.0232,rain,light rain,stations,22.72,23.55,22.72,22.72,1011,96,1011,970,10000,1.86,175,3.86,100,2026-06-19 21:13:02,2026-06-19 05:13:13,2026-06-19 17:53:12,NG,Suleja,2026-06-19 21:13:03.400154,21,2026-06-19,21:13:02,Friday
bwari,9.2856,7.3787,rain,light rain,stations,21.89,22.67,21.89,21.89,1012,97,1012,949,10000,1.18,199,2.34,100,2026-06-19 21:13:03,2026-06-19 05:11:52,2026-06-19 17:51:43,NG,Maitama,2026-06-19 21:13:03.963062,21,2026-06-19,21:13:03,Friday
gwagwalada,9.0764,6.9854,rain,light rain,stations,23.11,23.96,23.11,23.11,1011,95,1011,988,10000,0.82,179,1.83,100,2026-06-19 21:13:04,2026-06-19 05:13:49,2026-06-19 17:52:55,NG,Kwali,2026-06-19 21:13:04.520320,21,2026-06-19,21:13:04,Friday
makurdi,7.7306,8.5361,rain,light rain,stations,25.16,26.06,25.16,25.16,1011,89,1011,999,10000,3.6,197,9.57,96,2026-06-19 21:13:04,2026-06-19 05:10:01,2026-06-19 17:44:18,NG,Walmayo,2026-06-19 21:13:05.071053,21,2026-06-19,21:13:04,Friday
panda,9.2624,7.8385,clouds,overcast clouds,stations,23.24,24.05,23.24,23.24,1012,93,1012,968,10000,0.9,146,0.93,99,2026-06-19 23:02:37,2026-06-20 05:10:16,2026-06-20 17:50:03,NG,Maitama,2026-06-19 23:02:37.537287,23,2026-06-19,23:02:37,Friday
gurara,9.322,7.0232,clouds,overcast clouds,stations,22.43,23.24,22.43,22.43,1011,96,1011,970,10000,0.79,188,1.99,100,2026-06-19 23:02:37,2026-06-20 05:13:25,2026-06-20 17:53:25,NG,Suleja,2026-06-19 23:02:37.680968,23,2026-06-19,23:02:37,Friday
bwari,9.2856,7.3787,clouds,overcast clouds,stations,21.83,22.6,21.83,21.83,1012,97,1012,949,10000,1.67,164,3.42,100,2026-06-19 23:02:37,2026-06-20 05:12:04,2026-06-20 17:51:56,NG,Maitama,2026-06-19 23:02:37.833235,23,2026-06-19,23:02:37,Friday
gwagwalada,9.0764,6.9854,clouds,overcast clouds,stations,22.94,23.72,22.94,22.94,1011,93,1011,988,10000,0.9,171,1.47,100,2026-06-19 23:02:37,2026-06-20 05:14:01,2026-06-20 17:53:08,NG,Kwali,2026-06-19 23:02:37.980845,23,2026-06-19,23:02:37,Friday
makurdi,7.7306,8.5361,clouds,overcast clouds,stations,24.48,25.41,24.48,24.48,1011,93,1011,1000,10000,3.29,206,9.08,97,2026-06-19 23:02:38,2026-06-20 05:10:13,2026-06-20 17:44:31,NG,Walmayo,2026-06-19 23:02:38.120649,23,2026-06-19,23:02:38,Friday
panda,9.2624,7.8385,clouds,broken clouds,stations,22.46,23.32,22.46,22.46,1010,98,1010,967,10000,0.4,193,0.53,66,2026-06-20 04:08:35,2026-06-20 05:10:16,2026-06-20 17:50:03,NG,Maitama,2026-06-20 04:08:36.025056,4,2026-06-20,04:08:35,Saturday
gurara,9.322,7.0232,clouds,broken clouds,stations,22.62,23.47,22.62,22.62,1010,97,1010,969,10000,1.7,152,5.19,82,2026-06-20 04:08:36,2026-06-20 05:13:25,2026-06-20 17:53:25,NG,Suleja,2026-06-20 04:08:36.572390,4,2026-06-20,04:08:36,Saturday
bwari,9.2856,7.3787,clouds,broken clouds,stations,21.65,22.43,21.65,21.65,1010,98,1010,948,10000,1.03,181,3.09,68,2026-06-20 04:08:36,2026-06-20 05:12:04,2026-06-20 17:51:56,NG,Maitama,2026-06-20 04:08:37.236699,4,2026-06-20,04:08:36,Saturday
gwagwalada,9.0764,6.9854,clouds,broken clouds,stations,23.43,24.34,23.43,23.43,1010,96,1010,986,10000,1.5,152,3.73,84,2026-06-20 04:08:37,2026-06-20 05:14:01,2026-06-20 17:53:08,NG,Kwali,2026-06-20 04:08:37.875238,4,2026-06-20,04:08:37,Saturday
makurdi,7.7306,8.5361,clouds,overcast clouds,stations,23.12,23.99,23.12,23.12,1010,96,1010,998,10000,2.37,203,7.88,100,2026-06-20 04:08:38,2026-06-20 05:10:13,2026-06-20 17:44:31,NG,Walmayo,2026-06-20 04:08:38.532603,4,2026-06-20,04:08:38,Saturday
panda,9.2624,7.8385,clouds,overcast clouds,stations,25.53,26.31,25.53,25.53,1013,83,1013,969,10000,2.12,194,3.21,92,2026-06-20 09:25:30,2026-06-20 05:10:16,2026-06-20 17:50:03,NG,Maitama,2026-06-20 09:25:31.009535,9,2026-06-20,09:25:30,Saturday
gurara,9.322,7.0232,clouds,broken clouds,stations,26.33,26.33,26.33,26.33,1012,80,1012,972,10000,3.25,191,4.47,75,2026-06-20 09:25:31,2026-06-20 05:13:25,2026-06-20 17:53:25,NG,Suleja,2026-06-20 09:25:31.598797,9,2026-06-20,09:25:31,Saturday
bwari,9.2856,7.3787,clouds,broken clouds,stations,25.17,25.88,25.17,25.17,1013,82,1013,950,10000,2.75,205,3.48,76,2026-06-20 09:25:31,2026-06-20 05:12:04,2026-06-20 17:51:56,NG,Maitama,2026-06-20 09:25:32.193386,9,2026-06-20,09:25:31,Saturday
gwagwalada,9.0764,6.9854,clouds,broken clouds,stations,27.61,30.64,27.61,27.61,1012,76,1012,989,10000,2.9,193,3.93,83,2026-06-20 09:25:32,2026-06-20 05:14:01,2026-06-20 17:53:08,NG,Kwali,2026-06-20 09:25:32.792011,9,2026-06-20,09:25:32,Saturday
makurdi,7.7306,8.5361,clouds,overcast clouds,stations,28.09,31.26,28.09,28.09,1012,73,1012,1001,10000,3.28,216,4.27,99,2026-06-20 09:25:32,2026-06-20 05:10:13,2026-06-20 17:44:31,NG,Walmayo,2026-06-20 09:25:33.382677,9,2026-06-20,09:25:32,Saturday
panda,9.2624,7.8385,clouds,overcast clouds,stations,27.99,30.78,27.99,27.99,1012,71,1012,969,10000,1.43,181,2.41,96,2026-06-20 12:00:57,2026-06-20 05:10:16,2026-06-20 17:50:03,NG,Maitama,2026-06-20 12:00:58.282271,12,2026-06-20,12:00:57,Saturday
gurara,9.322,7.0232,clouds,overcast clouds,stations,29.06,31.96,29.06,29.06,1011,65,1011,971,10000,2.38,181,2.73,85,2026-06-20 12:00:58,2026-06-20 05:13:25,2026-06-20 17:53:25,NG,Suleja,2026-06-20 12:00:58.873507,12,2026-06-20,12:00:58,Saturday
bwari,9.2856,7.3787,clouds,overcast clouds,stations,27.08,29.17,27.08,27.08,1012,72,1012,950,10000,1.91,186,2.23,86,2026-06-20 12:00:58,2026-06-20 05:12:04,2026-06-20 17:51:56,NG,Maitama,2026-06-20 12:00:59.477579,12,2026-06-20,12:00:58,Saturday
gwagwalada,9.0764,6.9854,rain,light rain,stations,29.99,33.64,29.99,29.99,1011,64,1011,988,10000,2.05,176,2.4,90,2026-06-20 12:00:59,2026-06-20 05:14:01,2026-06-20 17:53:08,NG,Kwali,2026-06-20 12:01:00.070773,12,2026-06-20,12:00:59,Saturday
makurdi,7.7306,8.5361,clouds,overcast clouds,stations,30.86,34.55,30.86,30.86,1010,60,1010,1000,10000,1.99,196,2.36,94,2026-06-20 12:01:00,2026-06-20 05:10:13,2026-06-20 17:44:31,NG,Walmayo,2026-06-20 12:01:00.659707,12,2026-06-20,12:01:00,Saturday
panda,9.2624,7.8385,rain,moderate rain,stations,27.89,31.68,27.89,27.89,1009,79,1009,966,10000,2.27,168,5.32,81,2026-06-20 15:46:54,2026-06-20 05:10:16,2026-06-20 17:50:03,NG,Maitama,2026-06-20 15:46:54.505185,15,2026-06-20,15:46:54,Saturday
gurara,9.322,7.0232,rain,moderate rain,stations,27.07,30.3,27.07,27.07,1009,84,1009,968,7344,1.53,145,2.86,84,2026-06-20 15:46:54,2026-06-20 05:13:25,2026-06-20 17:53:25,NG,Suleja,2026-06-20 15:46:54.646626,15,2026-06-20,15:46:54,Saturday
bwari,9.2856,7.3787,rain,moderate rain,stations,25.94,26.81,25.94,25.94,1009,85,1009,948,10000,2.18,134,4.69,70,2026-06-20 15:46:54,2026-06-20 05:12:04,2026-06-20 17:51:56,NG,Maitama,2026-06-20 15:46:54.802134,15,2026-06-20,15:46:54,Saturday
gwagwalada,9.0764,6.9854,rain,moderate rain,stations,28.91,34.07,28.91,28.91,1008,78,1008,985,8406,1.34,159,2.87,77,2026-06-20 15:46:54,2026-06-20 05:14:01,2026-06-20 17:53:08,NG,Kwali,2026-06-20 15:46:54.940915,15,2026-06-20,15:46:54,Saturday
makurdi,7.7306,8.5361,clouds,overcast clouds,stations,29.28,33.76,29.28,29.28,1008,72,1008,997,10000,2.17,157,2.82,96,2026-06-20 15:46:55,2026-06-20 05:10:13,2026-06-20 17:44:31,NG,Walmayo,2026-06-20 15:46:55.078312,15,2026-06-20,15:46:55,Saturday
panda,9.2624,7.8385,rain,light rain,stations,25.02,25.9,25.02,25.02,1010,89,1010,967,10000,1.7,235,1.77,87,2026-06-20 17:38:45,2026-06-20 05:10:16,2026-06-20 17:50:03,NG,Maitama,2026-06-20 17:38:46.421346,17,2026-06-20,17:38:45,Saturday
gurara,9.322,7.0232,rain,moderate rain,stations,23.81,24.62,23.81,23.81,1011,91,1011,970,8020,2.31,1,3.57,89,2026-06-20 17:38:46,2026-06-20 05:13:25,2026-06-20 17:53:25,NG,Suleja,2026-06-20 17:38:47.018008,17,2026-06-20,17:38:46,Saturday
bwari,9.2856,7.3787,rain,moderate rain,stations,23.3,24.04,23.3,23.3,1011,90,1011,948,10000,0.67,155,2.19,80,2026-06-20 17:38:47,2026-06-20 05:12:04,2026-06-20 17:51:56,NG,Maitama,2026-06-20 17:38:47.608379,17,2026-06-20,17:38:47,Saturday
gwagwalada,9.0764,6.9854,rain,moderate rain,stations,25.77,26.67,25.77,25.77,1010,87,1010,987,4633,0.68,81,2.13,84,2026-06-20 17:38:47,2026-06-20 05:14:01,2026-06-20 17:53:08,NG,Kwali,2026-06-20 17:38:48.197948,17,2026-06-20,17:38:47,Saturday
makurdi,7.7306,8.5361,clouds,overcast clouds,stations,26.67,29.25,26.67,26.67,1008,83,1008,997,10000,2.51,204,4.1,96,2026-06-20 17:38:48,2026-06-20 05:10:13,2026-06-20 17:44:31,NG,Walmayo,2026-06-20 17:38:48.794975,17,2026-06-20,17:38:48,Saturday
panda,9.2624,7.8385,clouds,overcast clouds,stations,23.86,24.7,23.86,23.86,1011,92,1011,967,10000,1.34,235,1.78,100,2026-06-20 19:44:19,2026-06-20 05:10:16,2026-06-20 17:50:03,NG,Maitama,2026-06-20 19:44:19.208334,19,2026-06-20,19:44:19,Saturday
gurara,9.322,7.0232,clouds,overcast clouds,stations,23.18,24.01,23.18,23.18,1011,94,1011,970,10000,0.53,63,1.02,100,2026-06-20 19:44:19,2026-06-20 05:13:25,2026-06-20 17:53:25,NG,Suleja,2026-06-20 19:44:19.312458,19,2026-06-20,19:44:19,Saturday
bwari,9.2856,7.3787,clouds,overcast clouds,stations,22.82,23.59,22.82,22.82,1011,93,1011,948,10000,0.9,187,1.36,100,2026-06-20 19:44:19,2026-06-20 05:12:04,2026-06-20 17:51:56,NG,Maitama,2026-06-20 19:44:19.407943,19,2026-06-20,19:44:19,Saturday
gwagwalada,9.0764,6.9854,rain,light rain,stations,25.04,25.92,25.04,25.04,1010,89,1010,987,10000,0.36,121,0.91,100,2026-06-20 19:44:19,2026-06-20 05:14:01,2026-06-20 17:53:08,NG,Kwali,2026-06-20 19:44:19.512234,19,2026-06-20,19:44:19,Saturday
makurdi,7.7306,8.5361,clouds,overcast clouds,stations,24.22,25.13,24.22,24.22,1010,93,1010,999,10000,2.41,238,6.9,92,2026-06-20 19:44:19,2026-06-20 05:10:13,2026-06-20 17:44:31,NG,Walmayo,2026-06-20 19:44:19.614029,19,2026-06-20,19:44:19,Saturday
panda,9.2624,7.8385,clouds,overcast clouds,stations,23.65,24.5,23.65,23.65,1011,93,1011,968,10000,1.6,152,2.14,100,2026-06-20 21:22:18,2026-06-20 05:10:16,2026-06-20 17:50:03,NG,Maitama,2026-06-20 21:22:19.512798,21,2026-06-20,21:22:18,Saturday
gurara,9.322,7.0232,clouds,overcast clouds,stations,23.2,24.03,23.2,23.2,1011,94,1011,970,10000,0.26,312,0.55,100,2026-06-20 21:22:19,2026-06-20 05:13:25,2026-06-20 17:53:25,NG,Suleja,2026-06-20 21:22:20.084299,21,2026-06-20,21:22:19,Saturday
bwari,9.2856,7.3787,clouds,overcast clouds,stations,22.65,23.4,22.65,22.65,1011,93,1011,948,10000,1.05,193,1.34,100,2026-06-20 21:22:20,2026-06-20 05:12:04,2026-06-20 17:51:56,NG,Maitama,2026-06-20 21:22:20.624839,21,2026-06-20,21:22:20,Saturday
gwagwalada,9.0764,6.9854,clouds,overcast clouds,stations,24.6,25.49,24.6,24.6,1011,91,1011,987,10000,0.8,287,0.84,100,2026-06-20 21:22:20,2026-06-20 05:14:01,2026-06-20 17:53:08,NG,Kwali,2026-06-20 21:22:21.194930,21,2026-06-20,21:22:20,Saturday
makurdi,7.7306,8.5361,clouds,overcast clouds,stations,24.1,24.99,24.1,24.1,1011,93,1011,1000,10000,1.99,239,6.48,95,2026-06-20 21:22:21,2026-06-20 05:10:13,2026-06-20 17:44:31,NG,Walmayo,2026-06-20 21:22:21.763462,21,2026-06-20,21:22:21,Saturday
panda,9.2624,7.8385,clouds,overcast clouds,stations,23.04,23.91,23.04,23.04,1014,96,1014,970,10000,0.99,240,1.09,100,2026-06-20 23:13:38,2026-06-21 05:10:28,2026-06-21 17:50:15,NG,Maitama,2026-06-20 23:13:38.960898,23,2026-06-20,23:13:38,Saturday
gurara,9.322,7.0232,clouds,overcast clouds,stations,23.11,23.93,23.11,23.11,1013,94,1013,972,10000,1.58,162,2.33,100,2026-06-20 23:13:39,2026-06-21 05:13:37,2026-06-21 17:53:38,NG,Suleja,2026-06-20 23:13:39.056347,23,2026-06-20,23:13:39,Saturday
bwari,9.2856,7.3787,clouds,overcast clouds,stations,22.16,22.91,22.16,22.16,1014,95,1014,951,10000,1.37,179,1.71,100,2026-06-20 23:13:39,2026-06-21 05:12:16,2026-06-21 17:52:08,NG,Maitama,2026-06-20 23:13:39.146889,23,2026-06-20,23:13:39,Saturday
gwagwalada,9.0764,6.9854,clouds,overcast clouds,stations,24.25,25.16,24.25,24.25,1013,93,1013,989,10000,0.6,200,0.89,100,2026-06-20 23:13:39,2026-06-21 05:14:13,2026-06-21 17:53:20,NG,Kwali,2026-06-20 23:13:39.239022,23,2026-06-20,23:13:39,Saturday
makurdi,7.7306,8.5361,clouds,overcast clouds,stations,23.79,24.71,23.79,23.79,1013,95,1013,1002,10000,2.21,190,8.32,97,2026-06-20 23:13:39,2026-06-21 05:10:25,2026-06-21 17:44:44,NG,Walmayo,2026-06-20 23:13:39.333158,23,2026-06-20,23:13:39,Saturday
panda,9.2624,7.8385,clouds,overcast clouds,stations,22.37,23.25,22.37,22.37,1014,99,1014,970,7443,1.68,137,5.21,97,2026-06-21 04:49:34,2026-06-21 05:10:28,2026-06-21 17:50:15,NG,Maitama,2026-06-21 04:49:35.373442,4,2026-06-21,04:49:34,Sunday
gurara,9.322,7.0232,clouds,overcast clouds,stations,22.11,22.94,22.11,22.11,1013,98,1013,972,10000,1.73,163,4.72,100,2026-06-21 04:49:35,2026-06-21 05:13:37,2026-06-21 17:53:38,NG,Suleja,2026-06-21 04:49:35.976602,4,2026-06-21,04:49:35,Sunday
bwari,9.2856,7.3787,clouds,overcast clouds,stations,20.88,21.61,20.88,20.88,1013,99,1013,950,10000,1.52,171,4.13,96,2026-06-21 04:49:36,2026-06-21 05:12:16,2026-06-21 17:52:08,NG,Maitama,2026-06-21 04:49:36.576096,4,2026-06-21,04:49:36,Sunday
gwagwalada,9.0764,6.9854,clouds,overcast clouds,stations,22.94,23.82,22.94,22.94,1013,97,1013,989,10000,1.2,153,1.91,100,2026-06-21 04:49:36,2026-06-21 05:14:13,2026-06-21 17:53:20,NG,Kwali,2026-06-21 04:49:37.170976,4,2026-06-21,04:49:36,Sunday
makurdi,7.7306,8.5361,clouds,overcast clouds,stations,22.4,23.25,22.4,22.4,1013,98,1013,1002,10000,1.67,184,5.1,94,2026-06-21 04:49:37,2026-06-21 05:10:25,2026-06-21 17:44:44,NG,Walmayo,2026-06-21 04:49:37.766865,4,2026-06-21,04:49:37,Sunday
panda,9.2624,7.8385,clouds,overcast clouds,stations,27.51,29.86,27.51,27.51,1014,71,1014,971,10000,2.11,186,3.21,99,2026-06-21 09:56:49,2026-06-21 05:10:28,2026-06-21 17:50:15,NG,Maitama,2026-06-21 09:56:49.813809,9,2026-06-21,09:56:49,Sunday
gurara,9.322,7.0232,clouds,broken clouds,stations,27.91,30.12,27.91,27.91,1014,67,1014,974,10000,2.38,184,3.31,72,2026-06-21 09:56:49,2026-06-21 05:13:37,2026-06-21 17:53:38,NG,Suleja,2026-06-21 09:56:50.372608,9,2026-06-21,09:56:49,Sunday
bwari,9.2856,7.3787,clouds,overcast clouds,stations,25.51,26.05,25.51,25.51,1015,74,1015,952,10000,2.31,183,3.66,86,2026-06-21 09:56:50,2026-06-21 05:12:16,2026-06-21 17:52:08,NG,Maitama,2026-06-21 09:56:50.923674,9,2026-06-21,09:56:50,Sunday
gwagwalada,9.0764,6.9854,clouds,broken clouds,stations,29.27,32.19,29.27,29.27,1014,64,1014,991,10000,1.83,177,2.7,76,2026-06-21 09:56:50,2026-06-21 05:14:13,2026-06-21 17:53:20,NG,Kwali,2026-06-21 09:56:51.213035,9,2026-06-21,09:56:50,Sunday
makurdi,7.7306,8.5361,clouds,overcast clouds,stations,29.93,33.31,29.93,29.93,1013,63,1013,1002,10000,1.93,241,2.36,100,2026-06-21 09:56:51,2026-06-21 05:10:25,2026-06-21 17:44:44,NG,Walmayo,2026-06-21 09:56:51.761092,9,2026-06-21,09:56:51,Sunday
panda,9.2624,7.8385,clouds,overcast clouds,stations,30.76,34.58,30.76,30.76,1013,61,1013,971,10000,1.08,185,2.1,99,2026-06-21 12:15:18,2026-06-21 05:10:28,2026-06-21 17:50:15,NG,Maitama,2026-06-21 12:15:18.221678,12,2026-06-21,12:15:18,Sunday
gurara,9.322,7.0232,clouds,broken clouds,stations,30.47,33.53,30.47,30.47,1013,59,1013,973,10000,2.04,199,2.5,72,2026-06-21 12:15:18,2026-06-21 05:13:37,2026-06-21 17:53:38,NG,Suleja,2026-06-21 12:15:18.350265,12,2026-06-21,12:15:18,Sunday
bwari,9.2856,7.3787,clouds,broken clouds,stations,29.43,31.96,29.43,29.43,1013,61,1013,952,10000,1.14,163,2.1,77,2026-06-21 12:15:18,2026-06-21 05:12:16,2026-06-21 17:52:08,NG,Maitama,2026-06-21 12:15:18.484435,12,2026-06-21,12:15:18,Sunday
gwagwalada,9.0764,6.9854,clouds,broken clouds,stations,31.39,35.16,31.39,31.39,1013,58,1013,990,10000,1.53,198,2.6,73,2026-06-21 12:15:18,2026-06-21 05:14:13,2026-06-21 17:53:20,NG,Kwali,2026-06-21 12:15:18.616561,12,2026-06-21,12:15:18,Sunday
makurdi,7.7306,8.5361,clouds,overcast clouds,stations,32.65,36.15,32.65,32.65,1012,52,1012,1001,10000,2.24,225,2.2,100,2026-06-21 12:15:18,2026-06-21 05:10:25,2026-06-21 17:44:44,NG,Walmayo,2026-06-21 12:15:18.752261,12,2026-06-21,12:15:18,Sunday
panda,9.2624,7.8385,clouds,broken clouds,stations,31.36,34.84,31.36,31.36,1010,57,1010,968,10000,1.71,217,2.73,56,2026-06-21 15:57:17,2026-06-21 05:10:28,2026-06-21 17:50:15,NG,Maitama,2026-06-21 15:57:18.137325,15,2026-06-21,15:57:17,Sunday
gurara,9.322,7.0232,clouds,broken clouds,stations,29.66,32.57,29.66,29.66,1010,62,1010,970,10000,2.45,245,2.99,77,2026-06-21 15:57:18,2026-06-21 05:13:37,2026-06-21 17:53:38,NG,Suleja,2026-06-21 15:57:18.794338,15,2026-06-21,15:57:18,Sunday
bwari,9.2856,7.3787,rain,light rain,stations,28.43,31.22,28.43,28.43,1011,68,1011,949,10000,2.06,242,2.95,67,2026-06-21 15:57:18,2026-06-21 05:12:16,2026-06-21 17:52:08,NG,Maitama,2026-06-21 15:57:19.406569,15,2026-06-21,15:57:18,Sunday
gwagwalada,9.0764,6.9854,clouds,overcast clouds,stations,30.37,34.0,30.37,30.37,1010,62,1010,987,10000,2.52,275,4.18,89,2026-06-21 15:57:19,2026-06-21 05:14:13,2026-06-21 17:53:20,NG,Kwali,2026-06-21 15:57:20.054342,15,2026-06-21,15:57:19,Sunday
makurdi,7.7306,8.5361,clouds,overcast clouds,stations,31.3,34.72,31.3,31.3,1010,57,1010,999,10000,4.27,176,5.16,99,2026-06-21 15:57:20,2026-06-21 05:10:25,2026-06-21 17:44:44,NG,Walmayo,2026-06-21 15:57:20.713336,15,2026-06-21,15:57:20,Sunday
panda,9.2624,7.8385,rain,light rain,stations,26.92,29.05,26.92,26.92,1012,74,1012,968,10000,1.9,207,4.61,70,2026-06-21 17:46:35,2026-06-21 05:10:28,2026-06-21 17:50:15,NG,Maitama,2026-06-21 17:46:35.568229,17,2026-06-21,17:46:35,Sunday
gurara,9.322,7.0232,rain,light rain,stations,25.65,26.39,25.65,25.65,1012,81,1012,971,10000,1.53,278,1.96,81,2026-06-21 17:46:35,2026-06-21 05:13:37,2026-06-21 17:53:38,NG,Suleja,2026-06-21 17:46:35.731821,17,2026-06-21,17:46:35,Sunday
bwari,9.2856,7.3787,rain,light rain,stations,23.92,24.64,23.92,23.92,1012,87,1012,950,10000,1.78,254,3.41,77,2026-06-21 17:46:35,2026-06-21 05:12:16,2026-06-21 17:52:08,NG,Maitama,2026-06-21 17:46:35.892179,17,2026-06-21,17:46:35,Sunday
gwagwalada,9.0764,6.9854,clouds,overcast clouds,stations,27.84,30.61,27.84,27.84,1011,72,1011,988,10000,1.46,310,2.11,92,2026-06-21 17:46:36,2026-06-21 05:14:13,2026-06-21 17:53:20,NG,Kwali,2026-06-21 17:46:36.055996,17,2026-06-21,17:46:36,Sunday
makurdi,7.7306,8.5361,clouds,overcast clouds,stations,28.3,31.11,28.3,28.3,1011,69,1011,1000,10000,3.33,186,7.99,98,2026-06-21 17:46:36,2026-06-21 05:10:25,2026-06-21 17:44:44,NG,Walmayo,2026-06-21 17:46:36.217769,17,2026-06-21,17:46:36,Sunday
panda,9.2624,7.8385,rain,light rain,stations,24.02,24.83,24.02,24.02,1014,90,1014,971,10000,1.09,291,1.26,93,2026-06-21 19:50:23,2026-06-21 05:10:28,2026-06-21 17:50:15,NG,Maitama,2026-06-21 19:50:23.701715,19,2026-06-21,19:50:23,Sunday
gurara,9.322,7.0232,clouds,overcast clouds,stations,23.88,24.7,23.88,23.88,1014,91,1014,973,10000,0.97,341,1.02,100,2026-06-21 19:50:23,2026-06-21 05:13:37,2026-06-21 17:53:38,NG,Suleja,2026-06-21 19:50:23.858223,19,2026-06-21,19:50:23,Sunday
bwari,9.2856,7.3787,rain,light rain,stations,22.51,23.24,22.51,22.51,1015,93,1015,952,10000,0.7,305,0.88,91,2026-06-21 19:50:23,2026-06-21 05:12:16,2026-06-21 17:52:08,NG,Maitama,2026-06-21 19:50:23.956178,19,2026-06-21,19:50:23,Sunday
gwagwalada,9.0764,6.9854,clouds,overcast clouds,stations,25.01,25.84,25.01,25.01,1014,87,1014,990,10000,0.69,243,1.1,100,2026-06-21 19:50:24,2026-06-21 05:14:13,2026-06-21 17:53:20,NG,Kwali,2026-06-21 19:50:24.047856,19,2026-06-21,19:50:24,Sunday
makurdi,7.7306,8.5361,rain,moderate rain,stations,24.97,25.79,24.97,24.97,1014,87,1014,1003,10000,4.45,195,10.49,66,2026-06-21 19:50:24,2026-06-21 05:10:25,2026-06-21 17:44:44,NG,Walmayo,2026-06-21 19:50:24.141062,19,2026-06-21,19:50:24,Sunday
panda,9.2624,7.8385,rain,moderate rain,stations,23.92,24.72,23.92,23.92,1015,90,1015,972,10000,1.01,265,1.13,93,2026-06-21 21:19:52,2026-06-21 05:10:28,2026-06-21 17:50:15,NG,Maitama,2026-06-21 21:19:52.901962,21,2026-06-21,21:19:52,Sunday
gurara,9.322,7.0232,rain,light rain,stations,23.45,24.23,23.45,23.45,1015,91,1015,974,10000,0.99,93,1.07,89,2026-06-21 21:19:52,2026-06-21 05:13:37,2026-06-21 17:53:38,NG,Suleja,2026-06-21 21:19:53.010389,21,2026-06-21,21:19:52,Sunday
bwari,9.2856,7.3787,rain,light rain,stations,22.45,23.13,22.45,22.45,1015,91,1015,952,10000,0.61,175,0.89,91,2026-06-21 21:19:53,2026-06-21 05:12:16,2026-06-21 17:52:08,NG,Maitama,2026-06-21 21:19:53.109686,21,2026-06-21,21:19:53,Sunday
gwagwalada,9.0764,6.9854,rain,light rain,stations,24.6,25.44,24.6,24.6,1014,89,1014,991,10000,1.34,159,1.57,94,2026-06-21 21:19:53,2026-06-21 05:14:13,2026-06-21 17:53:20,NG,Kwali,2026-06-21 21:19:53.205103,21,2026-06-21,21:19:53,Sunday
makurdi,7.7306,8.5361,rain,light rain,stations,24.3,25.14,24.3,24.3,1014,90,1014,1003,10000,5.03,200,11.76,77,2026-06-21 21:19:53,2026-06-21 05:10:25,2026-06-21 17:44:44,NG,Walmayo,2026-06-21 21:19:53.298639,21,2026-06-21,21:19:53,Sunday
panda,9.2624,7.8385,rain,light rain,stations,23.99,24.79,23.99,23.99,1016,90,1016,972,10000,1.61,201,2.44,96,2026-06-21 23:20:10,2026-06-22 05:10:40,2026-06-22 17:50:28,NG,Maitama,2026-06-21 23:20:10.048819,23,2026-06-21,23:20:10,Sunday
gurara,9.322,7.0232,rain,heavy intensity rain,stations,22.3,23.12,22.3,22.3,1016,97,1016,975,5078,1.33,38,2.38,93,2026-06-21 23:20:10,2026-06-22 05:13:49,2026-06-22 17:53:50,NG,Suleja,2026-06-21 23:20:10.141555,23,2026-06-21,23:20:10,Sunday
bwari,9.2856,7.3787,rain,moderate rain,stations,21.48,22.19,21.48,21.48,1016,96,1016,953,4515,0.23,155,1.53,94,2026-06-21 23:20:10,2026-06-22 05:12:28,2026-06-22 17:52:20,NG,Maitama,2026-06-21 23:20:10.236454,23,2026-06-21,23:20:10,Sunday
gwagwalada,9.0764,6.9854,rain,moderate rain,stations,23.25,24.11,23.25,23.25,1016,95,1016,992,3599,1.09,132,4.6,96,2026-06-21 23:20:10,2026-06-22 05:14:25,2026-06-22 17:53:32,NG,Kwali,2026-06-21 23:20:10.330030,23,2026-06-21,23:20:10,Sunday
makurdi,7.7306,8.5361,clouds,overcast clouds,stations,23.65,24.47,23.65,23.65,1016,92,1016,1005,10000,3.33,211,9.89,86,2026-06-21 23:20:10,2026-06-22 05:10:37,2026-06-22 17:44:56,NG,Walmayo,2026-06-21 23:20:10.420301,23,2026-06-21,23:20:10,Sunday
panda,9.2624,7.8385,clouds,overcast clouds,stations,22.22,23.03,22.22,22.22,1014,97,1014,970,10000,1.75,204,3.47,100,2026-06-22 04:57:50,2026-06-22 05:10:40,2026-06-22 17:50:28,NG,Maitama,2026-06-22 04:57:50.241840,4,2026-06-22,04:57:50,Monday
gurara,9.322,7.0232,rain,very heavy rain,stations,21.06,21.75,21.06,21.06,1015,97,1015,974,5924,2.04,112,9.18,100,2026-06-22 04:57:50,2026-06-22 05:13:49,2026-06-22 17:53:50,NG,Suleja,2026-06-22 04:57:50.343301,4,2026-06-22,04:57:50,Monday
bwari,9.2856,7.3787,rain,heavy intensity rain,stations,20.58,21.25,20.58,20.58,1014,98,1014,950,10000,2.66,270,5.46,100,2026-06-22 04:57:50,2026-06-22 05:12:28,2026-06-22 17:52:20,NG,Maitama,2026-06-22 04:57:50.431644,4,2026-06-22,04:57:50,Monday
gwagwalada,9.0764,6.9854,rain,very heavy rain,stations,22.26,23.13,22.26,22.26,1015,99,1015,991,2209,1.19,61,4.47,100,2026-06-22 04:57:50,2026-06-22 05:14:25,2026-06-22 17:53:32,NG,Kwali,2026-06-22 04:57:50.530909,4,2026-06-22,04:57:50,Monday
makurdi,7.7306,8.5361,clouds,overcast clouds,stations,22.75,23.59,22.75,22.75,1015,96,1015,1003,10000,1.82,210,5.46,100,2026-06-22 04:57:50,2026-06-22 05:10:37,2026-06-22 17:44:56,NG,Walmayo,2026-06-22 04:57:50.626310,4,2026-06-22,04:57:50,Monday
panda,9.2624,7.8385,clouds,overcast clouds,stations,29.94,32.92,29.94,29.94,1014,61,1014,971,10000,1.89,194,2.71,93,2026-06-22 12:13:39,2026-06-22 05:10:40,2026-06-22 17:50:28,NG,Maitama,2026-06-22 12:13:39.515192,12,2026-06-22,12:13:39,Monday
gurara,9.322,7.0232,clouds,overcast clouds,stations,27.79,30.03,27.79,27.79,1014,68,1014,974,10000,2.75,196,3.69,99,2026-06-22 12:13:39,2026-06-22 05:13:49,2026-06-22 17:53:50,NG,Suleja,2026-06-22 12:13:39.653127,12,2026-06-22,12:13:39,Monday
bwari,9.2856,7.3787,clouds,overcast clouds,stations,26.97,28.81,26.97,26.97,1014,70,1014,952,10000,2.85,209,3.31,97,2026-06-22 12:13:39,2026-06-22 05:12:28,2026-06-22 17:52:20,NG,Maitama,2026-06-22 12:13:39.798391,12,2026-06-22,12:13:39,Monday
gwagwalada,9.0764,6.9854,clouds,overcast clouds,stations,29.17,31.82,29.17,29.17,1014,63,1014,991,10000,2.26,209,3.29,99,2026-06-22 12:13:39,2026-06-22 05:14:25,2026-06-22 17:53:32,NG,Kwali,2026-06-22 12:13:39.928543,12,2026-06-22,12:13:39,Monday
makurdi,7.7306,8.5361,clouds,overcast clouds,stations,25.53,26.33,25.53,25.53,1014,84,1014,1003,10000,2.55,255,3.88,100,2026-06-22 12:13:40,2026-06-22 05:10:37,2026-06-22 17:44:56,NG,Walmayo,2026-06-22 12:13:40.072210,12,2026-06-22,12:13:40,Monday
panda,9.2624,7.8385,rain,light rain,stations,23.37,24.19,23.37,23.37,1015,93,1015,971,10000,1.82,332,3.83,98,2026-06-22 18:14:23,2026-06-22 05:10:40,2026-06-22 17:50:28,NG,Maitama,2026-06-22 18:14:23.570561,18,2026-06-22,18:14:23,Monday
gurara,9.322,7.0232,rain,moderate rain,stations,23.61,24.43,23.61,23.61,1014,92,1014,973,10000,1.23,332,2.72,100,2026-06-22 18:14:23,2026-06-22 05:13:49,2026-06-22 17:53:50,NG,Suleja,2026-06-22 18:14:24.079121,18,2026-06-22,18:14:23,Monday
bwari,9.2856,7.3787,rain,light rain,stations,21.97,22.68,21.97,21.97,1015,94,1015,952,10000,2.41,347,5.6,100,2026-06-22 18:14:24,2026-06-22 05:12:28,2026-06-22 17:52:20,NG,Maitama,2026-06-22 18:14:24.633622,18,2026-06-22,18:14:24,Monday
gwagwalada,9.0764,6.9854,rain,moderate rain,stations,24.55,25.44,24.55,24.55,1013,91,1013,990,10000,2.12,286,3.73,99,2026-06-22 18:14:24,2026-06-22 05:14:25,2026-06-22 17:53:32,NG,Kwali,2026-06-22 18:14:25.186114,18,2026-06-22,18:14:24,Monday
makurdi,7.7306,8.5361,clouds,overcast clouds,stations,24.49,25.27,24.49,24.49,1013,87,1013,1002,10000,1.65,243,3.87,98,2026-06-22 18:14:25,2026-06-22 05:10:37,2026-06-22 17:44:56,NG,Walmayo,2026-06-22 18:14:25.748167,18,2026-06-22,18:14:25,Monday
panda,9.2624,7.8385,clouds,overcast clouds,stations,21.93,22.69,21.93,21.93,1016,96,1016,972,10000,0.76,152,0.82,92,2026-06-22 22:07:49,2026-06-22 05:10:40,2026-06-22 17:50:28,NG,Maitama,2026-06-22 22:07:49.792301,22,2026-06-22,22:07:49,Monday
gurara,9.322,7.0232,clouds,overcast clouds,stations,22.46,23.29,22.46,22.46,1015,97,1015,974,10000,1.84,171,4.86,100,2026-06-22 22:07:49,2026-06-22 05:13:49,2026-06-22 17:53:50,NG,Suleja,2026-06-22 22:07:50.349399,22,2026-06-22,22:07:49,Monday
bwari,9.2856,7.3787,clouds,overcast clouds,stations,20.91,21.54,20.91,20.91,1016,95,1016,953,10000,1.14,175,2.14,100,2026-06-22 22:07:50,2026-06-22 05:12:28,2026-06-22 17:52:20,NG,Maitama,2026-06-22 22:07:50.902590,22,2026-06-22,22:07:50,Monday
gwagwalada,9.0764,6.9854,clouds,overcast clouds,stations,22.82,23.66,22.82,22.82,1015,96,1015,992,10000,2.19,180,7.01,97,2026-06-22 22:07:50,2026-06-22 05:14:25,2026-06-22 17:53:32,NG,Kwali,2026-06-22 22:07:51.456769,22,2026-06-22,22:07:50,Monday
makurdi,7.7306,8.5361,clouds,broken clouds,stations,23.37,24.19,23.37,23.37,1015,93,1015,1004,10000,1.72,225,2.24,77,2026-06-22 22:07:51,2026-06-22 05:10:37,2026-06-22 17:44:56,NG,Walmayo,2026-06-22 22:07:52.009036,22,2026-06-22,22:07:51,Monday
panda,9.2624,7.8385,clouds,broken clouds,stations,21.77,22.56,21.77,21.77,1014,98,1014,970,10000,0.57,283,0.72,77,2026-06-23 03:58:46,2026-06-23 05:10:53,2026-06-23 17:50:39,NG,Maitama,2026-06-23 03:58:46.497811,3,2026-06-23,03:58:46,Tuesday
gurara,9.322,7.0232,clouds,broken clouds,stations,21.0,21.69,21.0,21.0,1014,97,1014,973,10000,0.14,306,0.7,62,2026-06-23 03:58:46,2026-06-23 05:14:02,2026-06-23 17:54:01,NG,Suleja,2026-06-23 03:58:46.664684,3,2026-06-23,03:58:46,Tuesday
bwari,9.2856,7.3787,clouds,broken clouds,stations,20.01,20.63,20.01,20.01,1014,98,1014,951,10000,1.16,296,1.21,64,2026-06-23 03:58:46,2026-06-23 05:12:40,2026-06-23 17:52:32,NG,Maitama,2026-06-23 03:58:46.824870,3,2026-06-23,03:58:46,Tuesday
gwagwalada,9.0764,6.9854,clouds,broken clouds,stations,21.82,22.56,21.82,21.82,1014,96,1014,990,10000,0.77,330,0.78,54,2026-06-23 03:58:46,2026-06-23 05:14:37,2026-06-23 17:53:44,NG,Kwali,2026-06-23 03:58:46.988497,3,2026-06-23,03:58:46,Tuesday
makurdi,7.7306,8.5361,clouds,few clouds,stations,21.96,22.72,21.96,21.96,1014,96,1014,1002,10000,1.54,223,2.7,23,2026-06-23 03:58:47,2026-06-23 05:10:49,2026-06-23 17:45:08,NG,Walmayo,2026-06-23 03:58:47.147960,3,2026-06-23,03:58:47,Tuesday
panda,9.2624,7.8385,clouds,overcast clouds,stations,24.91,25.7,24.91,24.91,1015,86,1015,972,10000,1.66,212,2.57,91,2026-06-23 07:55:58,2026-06-23 05:10:53,2026-06-23 17:50:39,NG,Maitama,2026-06-23 07:55:58.825107,7,2026-06-23,07:55:58,Tuesday
gurara,9.322,7.0232,clouds,broken clouds,stations,24.61,25.32,24.61,24.61,1016,84,1016,975,10000,1.61,188,2.59,80,2026-06-23 07:55:58,2026-06-23 05:14:02,2026-06-23 17:54:01,NG,Suleja,2026-06-23 07:55:59.376126,7,2026-06-23,07:55:58,Tuesday
bwari,9.2856,7.3787,clouds,broken clouds,stations,23.86,24.55,23.86,23.86,1016,86,1016,953,10000,1.89,209,2.85,77,2026-06-23 07:55:59,2026-06-23 05:12:40,2026-06-23 17:52:32,NG,Maitama,2026-06-23 07:55:59.928683,7,2026-06-23,07:55:59,Tuesday
gwagwalada,9.0764,6.9854,clouds,overcast clouds,stations,24.77,25.52,24.77,24.77,1015,85,1015,992,10000,1.4,173,2.28,95,2026-06-23 07:55:59,2026-06-23 05:14:37,2026-06-23 17:53:44,NG,Kwali,2026-06-23 07:56:00.482313,7,2026-06-23,07:55:59,Tuesday
makurdi,7.7306,8.5361,clouds,overcast clouds,stations,25.89,26.65,25.89,25.89,1015,81,1015,1004,10000,2.84,219,4.48,95,2026-06-23 07:56:00,2026-06-23 05:10:49,2026-06-23 17:45:08,NG,Walmayo,2026-06-23 07:56:01.038473,7,2026-06-23,07:56:00,Tuesday
panda,9.2624,7.8385,clouds,broken clouds,stations,29.76,32.57,29.76,29.76,1013,61,1013,970,10000,2.48,198,2.88,55,2026-06-23 11:24:01,2026-06-23 05:10:53,2026-06-23 17:50:39,NG,Maitama,2026-06-23 11:24:02.084639,11,2026-06-23,11:24:01,Tuesday
gurara,9.322,7.0232,clouds,broken clouds,stations,28.94,31.56,28.94,28.94,1014,64,1014,973,10000,2.82,219,3.2,55,2026-06-23 11:24:02,2026-06-23 05:14:02,2026-06-23 17:54:01,NG,Suleja,2026-06-23 11:24:02.763022,11,2026-06-23,11:24:02,Tuesday
bwari,9.2856,7.3787,clouds,scattered clouds,stations,28.01,30.05,28.01,28.01,1014,65,1014,952,10000,2.85,215,3.16,48,2026-06-23 11:24:02,2026-06-23 05:12:40,2026-06-23 17:52:32,NG,Maitama,2026-06-23 11:24:03.429333,11,2026-06-23,11:24:02,Tuesday
gwagwalada,9.0764,6.9854,clouds,broken clouds,stations,30.25,33.32,30.25,30.25,1013,60,1013,990,10000,2.39,217,2.82,54,2026-06-23 11:24:03,2026-06-23 05:14:37,2026-06-23 17:53:44,NG,Kwali,2026-06-23 11:24:04.109022,11,2026-06-23,11:24:03,Tuesday
makurdi,7.7306,8.5361,clouds,overcast clouds,stations,31.04,34.44,31.04,31.04,1013,58,1013,1002,10000,3.14,219,3.58,87,2026-06-23 11:24:04,2026-06-23 05:10:49,2026-06-23 17:45:08,NG,Walmayo,2026-06-23 11:24:04.774779,11,2026-06-23,11:24:04,Tuesday
panda,9.2624,7.8385,clouds,broken clouds,stations,32.58,34.69,32.58,32.58,1010,47,1010,968,10000,1.57,227,1.27,51,2026-06-23 15:12:11,2026-06-23 05:10:53,2026-06-23 17:50:39,NG,Maitama,2026-06-23 15:12:11.532524,15,2026-06-23,15:12:11,Tuesday
gurara,9.322,7.0232,clouds,scattered clouds,stations,31.6,33.87,31.6,31.6,1010,51,1010,971,10000,1.25,222,1.16,36,2026-06-23 15:12:11,2026-06-23 05:14:02,2026-06-23 17:54:01,NG,Suleja,2026-06-23 15:12:11.672471,15,2026-06-23,15:12:11,Tuesday
bwari,9.2856,7.3787,clouds,scattered clouds,stations,29.4,31.39,29.4,29.4,1011,58,1011,949,10000,2.64,263,2.08,45,2026-06-23 15:12:11,2026-06-23 05:12:40,2026-06-23 17:52:32,NG,Maitama,2026-06-23 15:12:11.809570,15,2026-06-23,15:12:11,Tuesday
gwagwalada,9.0764,6.9854,clouds,scattered clouds,stations,32.9,35.54,32.9,32.9,1010,48,1010,987,10000,1.74,200,1.25,31,2026-06-23 15:12:11,2026-06-23 05:14:37,2026-06-23 17:53:44,NG,Kwali,2026-06-23 15:12:11.952511,15,2026-06-23,15:12:11,Tuesday
makurdi,7.7306,8.5361,clouds,broken clouds,stations,30.35,33.95,30.35,30.35,1011,62,1011,1000,10000,3.26,203,3.24,76,2026-06-23 15:12:12,2026-06-23 05:10:49,2026-06-23 17:45:08,NG,Walmayo,2026-06-23 15:12:12.081110,15,2026-06-23,15:12:12,Tuesday
panda,9.2624,7.8385,rain,heavy intensity rain,stations,24.73,25.53,24.73,24.73,1010,87,1010,967,2700,0.6,305,4.12,60,2026-06-23 18:02:37,2026-06-23 05:10:53,2026-06-23 17:50:39,NG,Maitama,2026-06-23 18:02:37.877485,18,2026-06-23,18:02:37,Tuesday
gurara,9.322,7.0232,clouds,scattered clouds,stations,26.68,28.54,26.68,26.68,1010,73,1010,970,10000,1.51,255,1.67,35,2026-06-23 18:02:38,2026-06-23 05:14:02,2026-06-23 17:54:01,NG,Suleja,2026-06-23 18:02:38.047308,18,2026-06-23,18:02:38,Tuesday
bwari,9.2856,7.3787,rain,moderate rain,stations,24.49,25.08,24.49,24.49,1011,80,1011,949,10000,1.25,226,1.48,46,2026-06-23 18:02:38,2026-06-23 05:12:40,2026-06-23 17:52:32,NG,Maitama,2026-06-23 18:02:38.218591,18,2026-06-23,18:02:38,Tuesday
gwagwalada,9.0764,6.9854,clouds,scattered clouds,stations,27.97,30.35,27.97,27.97,1010,68,1010,987,10000,1.7,214,2.69,29,2026-06-23 18:02:38,2026-06-23 05:14:37,2026-06-23 17:53:44,NG,Kwali,2026-06-23 18:02:38.385515,18,2026-06-23,18:02:38,Tuesday
makurdi,7.7306,8.5361,clouds,broken clouds,stations,26.14,26.14,26.14,26.14,1011,81,1011,1000,10000,2.74,185,7.34,68,2026-06-23 18:02:38,2026-06-23 05:10:49,2026-06-23 17:45:08,NG,Walmayo,2026-06-23 18:02:38.552816,18,2026-06-23,18:02:38,Tuesday
panda,9.2624,7.8385,clouds,overcast clouds,stations,21.8,22.44,21.8,21.8,1015,92,1015,971,10000,1.06,324,1.53,100,2026-06-23 21:45:38,2026-06-23 05:10:53,2026-06-23 17:50:39,NG,Maitama,2026-06-23 21:45:38.746845,21,2026-06-23,21:45:38,Tuesday
gurara,9.322,7.0232,clouds,overcast clouds,stations,22.05,22.66,22.05,22.05,1015,90,1015,974,10000,1.82,49,4.9,100,2026-06-23 21:45:38,2026-06-23 05:14:02,2026-06-23 17:54:01,NG,Suleja,2026-06-23 21:45:39.314572,21,2026-06-23,21:45:38,Tuesday
bwari,9.2856,7.3787,clouds,overcast clouds,stations,20.55,21.09,20.55,20.55,1015,93,1015,952,10000,1.58,37,4.25,100,2026-06-23 21:45:39,2026-06-23 05:12:40,2026-06-23 17:52:32,NG,Maitama,2026-06-23 21:45:39.888696,21,2026-06-23,21:45:39,Tuesday
gwagwalada,9.0764,6.9854,rain,light rain,stations,22.71,23.41,22.71,22.71,1015,91,1015,991,10000,0.98,109,2.82,100,2026-06-23 21:45:39,2026-06-23 05:14:37,2026-06-23 17:53:44,NG,Kwali,2026-06-23 21:45:40.451605,21,2026-06-23,21:45:39,Tuesday
makurdi,7.7306,8.5361,clouds,scattered clouds,stations,24.52,25.3,24.52,24.52,1014,87,1014,1003,10000,2.22,201,7.04,34,2026-06-23 21:45:40,2026-06-23 05:10:49,2026-06-23 17:45:08,NG,Walmayo,2026-06-23 21:45:40.557488,21,2026-06-23,21:45:40,Tuesday
panda,9.2624,7.8385,clouds,overcast clouds,stations,21.85,22.47,21.85,21.85,1014,91,1014,970,10000,0.63,158,0.82,100,2026-06-23 23:11:32,2026-06-24 05:11:05,2026-06-24 17:50:51,NG,Maitama,2026-06-23 23:11:32.347393,23,2026-06-23,23:11:32,Tuesday
gurara,9.322,7.0232,clouds,overcast clouds,stations,22.01,22.62,22.01,22.01,1014,90,1014,973,10000,1.16,167,1.24,100,2026-06-23 23:11:32,2026-06-24 05:14:15,2026-06-24 17:54:13,NG,Suleja,2026-06-23 23:11:32.617792,23,2026-06-23,23:11:32,Tuesday
bwari,9.2856,7.3787,clouds,overcast clouds,stations,20.63,21.15,20.63,20.63,1014,92,1014,951,10000,1.26,168,1.27,100,2026-06-23 23:11:32,2026-06-24 05:12:53,2026-06-24 17:52:43,NG,Maitama,2026-06-23 23:11:32.917494,23,2026-06-23,23:11:32,Tuesday
gwagwalada,9.0764,6.9854,clouds,overcast clouds,stations,22.82,23.51,22.82,22.82,1014,90,1014,990,10000,0.77,69,1.71,100,2026-06-23 23:11:32,2026-06-24 05:14:50,2026-06-24 17:53:55,NG,Kwali,2026-06-23 23:11:33.106244,23,2026-06-23,23:11:32,Tuesday
makurdi,7.7306,8.5361,rain,light rain,stations,24.43,25.2,24.43,24.43,1014,87,1014,1003,10000,2.1,197,6.95,35,2026-06-23 23:11:33,2026-06-24 05:11:02,2026-06-24 17:45:19,NG,Walmayo,2026-06-23 23:11:33.283059,23,2026-06-23,23:11:33,Tuesday
panda,9.2624,7.8385,clouds,overcast clouds,stations,21.35,22.02,21.35,21.35,1014,95,1014,970,10000,0.05,134,0.45,98,2026-06-24 04:00:26,2026-06-24 05:11:05,2026-06-24 17:50:51,NG,Maitama,2026-06-24 04:00:27.167984,4,2026-06-24,04:00:26,Wednesday
gurara,9.322,7.0232,clouds,overcast clouds,stations,21.65,22.25,21.65,21.65,1014,91,1014,973,10000,1.24,157,2.39,99,2026-06-24 04:00:27,2026-06-24 05:14:15,2026-06-24 17:54:13,NG,Suleja,2026-06-24 04:00:27.821542,4,2026-06-24,04:00:27,Wednesday
bwari,9.2856,7.3787,clouds,overcast clouds,stations,20.42,20.92,20.42,20.42,1014,92,1014,951,10000,1.06,188,1.26,100,2026-06-24 04:00:27,2026-06-24 05:12:53,2026-06-24 17:52:43,NG,Maitama,2026-06-24 04:00:28.452478,4,2026-06-24,04:00:27,Wednesday
gwagwalada,9.0764,6.9854,clouds,overcast clouds,stations,22.69,23.39,22.69,22.69,1013,91,1013,990,10000,1.09,158,1.49,99,2026-06-24 04:00:28,2026-06-24 05:14:50,2026-06-24 17:53:55,NG,Kwali,2026-06-24 04:00:29.108954,4,2026-06-24,04:00:28,Wednesday
makurdi,7.7306,8.5361,clouds,scattered clouds,stations,22.91,23.74,22.91,22.91,1013,95,1013,1002,10000,2.15,223,7.49,36,2026-06-24 04:00:29,2026-06-24 05:11:02,2026-06-24 17:45:19,NG,Walmayo,2026-06-24 04:00:29.783228,4,2026-06-24,04:00:29,Wednesday
panda,9.2624,7.8385,clouds,overcast clouds,stations,28.95,31.74,28.95,28.95,1015,65,1015,972,10000,1.97,176,2.24,94,2026-06-24 09:39:20,2026-06-24 05:11:05,2026-06-24 17:50:51,NG,Maitama,2026-06-24 09:39:20.042710,9,2026-06-24,09:39:20,Wednesday
gurara,9.322,7.0232,clouds,overcast clouds,stations,28.09,30.57,28.09,28.09,1015,68,1015,975,10000,2.45,211,2.58,98,2026-06-24 09:39:20,2026-06-24 05:14:15,2026-06-24 17:54:13,NG,Suleja,2026-06-24 09:39:20.175345,9,2026-06-24,09:39:20,Wednesday
bwari,9.2856,7.3787,clouds,overcast clouds,stations,27.22,29.23,27.22,27.22,1015,70,1015,953,10000,1.96,213,2.12,93,2026-06-24 09:39:20,2026-06-24 05:12:53,2026-06-24 17:52:43,NG,Maitama,2026-06-24 09:39:20.344548,9,2026-06-24,09:39:20,Wednesday
gwagwalada,9.0764,6.9854,clouds,overcast clouds,stations,29.37,32.38,29.37,29.37,1015,64,1015,992,10000,2.39,220,2.52,98,2026-06-24 09:39:20,2026-06-24 05:14:50,2026-06-24 17:53:55,NG,Kwali,2026-06-24 09:39:20.476406,9,2026-06-24,09:39:20,Wednesday
makurdi,7.7306,8.5361,clouds,broken clouds,stations,29.61,32.67,29.61,29.61,1015,63,1015,1004,10000,2.76,215,3.1,67,2026-06-24 09:39:20,2026-06-24 05:11:02,2026-06-24 17:45:19,NG,Walmayo,2026-06-24 09:39:20.603535,9,2026-06-24,09:39:20,Wednesday
panda,9.2624,7.8385,clouds,broken clouds,stations,31.57,34.52,31.57,31.57,1014,54,1014,971,10000,1.93,172,2.87,82,2026-06-24 12:22:04,2026-06-24 05:11:05,2026-06-24 17:50:51,NG,Maitama,2026-06-24 12:22:04.765467,12,2026-06-24,12:22:04,Wednesday
gurara,9.322,7.0232,clouds,overcast clouds,stations,29.26,31.82,29.26,29.26,1014,62,1014,974,10000,2.34,183,2.55,97,2026-06-24 12:22:04,2026-06-24 05:14:15,2026-06-24 17:54:13,NG,Suleja,2026-06-24 12:22:04.856453,12,2026-06-24,12:22:04,Wednesday
bwari,9.2856,7.3787,clouds,overcast clouds,stations,27.9,29.98,27.9,27.9,1014,66,1014,952,10000,2.33,217,2.76,95,2026-06-24 12:19:51,2026-06-24 05:12:53,2026-06-24 17:52:43,NG,Maitama,2026-06-24 12:22:04.946299,12,2026-06-24,12:19:51,Wednesday
gwagwalada,9.0764,6.9854,clouds,overcast clouds,stations,29.92,32.88,29.92,29.92,1014,61,1014,991,10000,2.34,189,2.58,99,2026-06-24 12:22:05,2026-06-24 05:14:50,2026-06-24 17:53:55,NG,Kwali,2026-06-24 12:22:05.063597,12,2026-06-24,12:22:05,Wednesday
makurdi,7.7306,8.5361,clouds,broken clouds,stations,29.67,32.78,29.67,29.67,1013,63,1013,1002,10000,3.17,213,3.47,73,2026-06-24 12:22:05,2026-06-24 05:11:02,2026-06-24 17:45:19,NG,Walmayo,2026-06-24 12:22:05.156375,12,2026-06-24,12:22:05,Wednesday
panda,9.2624,7.8385,clouds,overcast clouds,stations,30.3,33.85,30.3,30.3,1011,62,1011,968,10000,1.48,229,1.89,92,2026-06-24 16:25:06,2026-06-24 05:11:05,2026-06-24 17:50:51,NG,Maitama,2026-06-24 16:25:07.119123,16,2026-06-24,16:25:06,Wednesday
gurara,9.322,7.0232,rain,light rain,stations,28.73,31.98,28.73,28.73,1011,69,1011,971,10000,1.16,188,1.5,92,2026-06-24 16:25:07,2026-06-24 05:14:15,2026-06-24 17:54:13,NG,Suleja,2026-06-24 16:25:07.675965,16,2026-06-24,16:25:07,Wednesday
bwari,9.2856,7.3787,rain,light rain,stations,27.0,29.37,27.0,27.0,1012,76,1012,950,10000,2.12,240,2.18,90,2026-06-24 16:25:07,2026-06-24 05:12:53,2026-06-24 17:52:43,NG,Maitama,2026-06-24 16:25:07.853073,16,2026-06-24,16:25:07,Wednesday
gwagwalada,9.0764,6.9854,rain,light rain,stations,30.98,34.32,30.98,30.98,1011,58,1011,988,10000,0.91,159,1.03,93,2026-06-24 16:25:07,2026-06-24 05:14:50,2026-06-24 17:53:55,NG,Kwali,2026-06-24 16:25:08.405932,16,2026-06-24,16:25:07,Wednesday
makurdi,7.7306,8.5361,clouds,broken clouds,stations,28.31,31.43,28.31,28.31,1011,71,1011,1000,10000,2.55,216,5.04,79,2026-06-24 16:25:08,2026-06-24 05:11:02,2026-06-24 17:45:19,NG,Walmayo,2026-06-24 16:25:08.967941,16,2026-06-24,16:25:08,Wednesday
panda,9.2624,7.8385,rain,moderate rain,stations,23.58,24.42,23.58,23.58,1015,93,1015,971,10000,1.35,345,1.46,49,2026-06-24 19:52:29,2026-06-24 05:11:05,2026-06-24 17:50:51,NG,Maitama,2026-06-24 19:52:29.920450,19,2026-06-24,19:52:29,Wednesday
gurara,9.322,7.0232,rain,moderate rain,stations,24.47,25.19,24.47,24.47,1014,85,1014,973,10000,1.57,113,1.63,99,2026-06-24 19:52:29,2026-06-24 05:14:15,2026-06-24 17:54:13,NG,Suleja,2026-06-24 19:52:30.286754,19,2026-06-24,19:52:29,Wednesday
bwari,9.2856,7.3787,rain,moderate rain,stations,22.53,23.24,22.53,22.53,1015,92,1015,952,10000,0.98,58,1.18,100,2026-06-24 19:52:30,2026-06-24 05:12:53,2026-06-24 17:52:43,NG,Maitama,2026-06-24 19:52:30.849271,19,2026-06-24,19:52:30,Wednesday
gwagwalada,9.0764,6.9854,rain,light rain,stations,25.67,26.41,25.67,25.67,1014,81,1014,990,10000,1.25,132,1.3,80,2026-06-24 19:52:30,2026-06-24 05:14:50,2026-06-24 17:53:55,NG,Kwali,2026-06-24 19:52:31.426742,19,2026-06-24,19:52:30,Wednesday
makurdi,7.7306,8.5361,clouds,few clouds,stations,25.62,26.27,25.62,25.62,1013,78,1013,1002,10000,2.52,210,8.02,17,2026-06-24 19:52:31,2026-06-24 05:11:02,2026-06-24 17:45:19,NG,Walmayo,2026-06-24 19:52:31.993639,19,2026-06-24,19:52:31,Wednesday
panda,9.2624,7.8385,rain,light rain,stations,23.85,24.64,23.85,23.85,1015,90,1015,971,10000,1.07,269,1.22,56,2026-06-24 21:26:10,2026-06-24 05:11:05,2026-06-24 17:50:51,NG,Maitama,2026-06-24 21:26:10.755508,21,2026-06-24,21:26:10,Wednesday
gurara,9.322,7.0232,rain,moderate rain,stations,23.94,24.69,23.94,23.94,1015,88,1015,974,10000,0.98,48,1.03,100,2026-06-24 21:26:10,2026-06-24 05:14:15,2026-06-24 17:54:13,NG,Suleja,2026-06-24 21:26:11.320529,21,2026-06-24,21:26:10,Wednesday
bwari,9.2856,7.3787,rain,light rain,stations,22.76,23.44,22.76,22.76,1015,90,1015,953,10000,0.79,347,1.01,100,2026-06-24 21:26:11,2026-06-24 05:12:53,2026-06-24 17:52:43,NG,Maitama,2026-06-24 21:26:11.893832,21,2026-06-24,21:26:11,Wednesday
gwagwalada,9.0764,6.9854,rain,moderate rain,stations,24.89,25.68,24.89,24.89,1015,86,1015,991,10000,1.13,83,1.21,87,2026-06-24 21:26:11,2026-06-24 05:14:50,2026-06-24 17:53:55,NG,Kwali,2026-06-24 21:26:12.464734,21,2026-06-24,21:26:11,Wednesday
makurdi,7.7306,8.5361,clouds,few clouds,stations,25.03,25.68,25.03,25.03,1014,80,1014,1003,10000,2.23,232,8.11,17,2026-06-24 21:26:12,2026-06-24 05:11:02,2026-06-24 17:45:19,NG,Walmayo,2026-06-24 21:26:13.035522,21,2026-06-24,21:26:12,Wednesday
panda,9.2624,7.8385,clouds,broken clouds,stations,23.32,24.08,23.32,23.32,1015,91,1015,971,10000,0.27,14,0.47,67,2026-06-24 23:09:13,2026-06-25 05:11:18,2026-06-25 17:51:01,NG,Maitama,2026-06-24 23:09:13.288797,23,2026-06-24,23:09:13,Wednesday
gurara,9.322,7.0232,clouds,overcast clouds,stations,23.39,24.16,23.39,23.39,1014,91,1014,973,10000,1.45,140,1.55,100,2026-06-24 23:09:13,2026-06-25 05:14:28,2026-06-25 17:54:24,NG,Suleja,2026-06-24 23:09:13.379495,23,2026-06-24,23:09:13,Wednesday
bwari,9.2856,7.3787,clouds,overcast clouds,stations,22.21,22.89,22.21,22.21,1015,92,1015,952,10000,0.48,158,0.75,92,2026-06-24 23:09:13,2026-06-25 05:13:06,2026-06-25 17:52:54,NG,Maitama,2026-06-24 23:09:13.470505,23,2026-06-24,23:09:13,Wednesday
gwagwalada,9.0764,6.9854,clouds,overcast clouds,stations,24.42,25.24,24.42,24.42,1014,89,1014,991,10000,1.25,177,1.61,88,2026-06-24 23:09:13,2026-06-25 05:15:03,2026-06-25 17:54:06,NG,Kwali,2026-06-24 23:09:13.608193,23,2026-06-24,23:09:13,Wednesday
makurdi,7.7306,8.5361,clouds,few clouds,stations,24.51,25.16,24.51,24.51,1014,82,1014,1003,10000,2.53,221,8.72,15,2026-06-24 23:09:13,2026-06-25 05:11:15,2026-06-25 17:45:30,NG,Walmayo,2026-06-24 23:09:13.706960,23,2026-06-24,23:09:13,Wednesday
panda,9.2624,7.8385,clouds,overcast clouds,stations,22.63,23.4,22.63,22.63,1015,94,1015,971,10000,0.74,277,0.87,90,2026-06-25 04:01:09,2026-06-25 05:11:18,2026-06-25 17:51:01,NG,Maitama,2026-06-25 04:01:10.287900,4,2026-06-25,04:01:09,Thursday
gurara,9.322,7.0232,rain,light rain,stations,22.55,23.39,22.55,22.55,1015,97,1015,973,10000,0.97,176,1.3,95,2026-06-25 04:01:10,2026-06-25 05:14:28,2026-06-25 17:54:24,NG,Suleja,2026-06-25 04:01:10.879888,4,2026-06-25,04:01:10,Thursday
bwari,9.2856,7.3787,clouds,overcast clouds,stations,21.11,21.84,21.11,21.11,1015,98,1015,952,10000,0.99,259,1.35,96,2026-06-25 04:01:10,2026-06-25 05:13:06,2026-06-25 17:52:54,NG,Maitama,2026-06-25 04:01:11.470283,4,2026-06-25,04:01:10,Thursday
gwagwalada,9.0764,6.9854,rain,light rain,stations,23.08,23.98,23.08,23.08,1014,97,1014,991,10000,1.05,181,1.23,83,2026-06-25 04:01:11,2026-06-25 05:15:03,2026-06-25 17:54:06,NG,Kwali,2026-06-25 04:01:12.072175,4,2026-06-25,04:01:11,Thursday
makurdi,7.7306,8.5361,rain,light rain,stations,22.9,23.7,22.9,22.9,1014,94,1014,1003,10000,2.16,195,6.51,93,2026-06-25 04:01:12,2026-06-25 05:11:15,2026-06-25 17:45:30,NG,Walmayo,2026-06-25 04:01:12.670528,4,2026-06-25,04:01:12,Thursday
panda,9.2624,7.8385,clouds,overcast clouds,stations,29.07,32.33,29.07,29.07,1016,67,1016,973,10000,2.04,188,2.12,95,2026-06-25 09:31:54,2026-06-25 05:11:18,2026-06-25 17:51:01,NG,Maitama,2026-06-25 09:31:54.057171,9,2026-06-25,09:31:54,Thursday
gurara,9.322,7.0232,clouds,broken clouds,stations,28.97,32.12,28.97,28.97,1016,67,1016,976,10000,1.92,186,2.15,84,2026-06-25 09:31:54,2026-06-25 05:14:28,2026-06-25 17:54:24,NG,Suleja,2026-06-25 09:31:54.224128,9,2026-06-25,09:31:54,Thursday
bwari,9.2856,7.3787,clouds,overcast clouds,stations,27.77,30.11,27.77,27.77,1016,69,1016,954,10000,2.02,201,2.16,90,2026-06-25 09:31:54,2026-06-25 05:13:06,2026-06-25 17:52:54,NG,Maitama,2026-06-25 09:31:54.391081,9,2026-06-25,09:31:54,Thursday
gwagwalada,9.0764,6.9854,clouds,overcast clouds,stations,30.04,33.75,30.04,30.04,1016,64,1016,993,10000,1.79,183,2.05,95,2026-06-25 09:31:54,2026-06-25 05:15:03,2026-06-25 17:54:06,NG,Kwali,2026-06-25 09:31:54.557184,9,2026-06-25,09:31:54,Thursday
makurdi,7.7306,8.5361,clouds,overcast clouds,stations,28.95,32.08,28.95,28.95,1016,67,1016,1005,10000,2.46,236,3.2,99,2026-06-25 09:31:54,2026-06-25 05:11:15,2026-06-25 17:45:30,NG,Walmayo,2026-06-25 09:31:54.716990,9,2026-06-25,09:31:54,Thursday
panda,9.2624,7.8385,clouds,overcast clouds,stations,30.07,33.38,30.07,30.07,1015,62,1015,972,10000,2.57,166,2.34,98,2026-06-25 12:25:46,2026-06-25 05:11:18,2026-06-25 17:51:01,NG,Maitama,2026-06-25 12:25:46.841217,12,2026-06-25,12:25:46,Thursday
gurara,9.322,7.0232,clouds,overcast clouds,stations,30.31,33.43,30.31,30.31,1015,60,1015,974,10000,2.41,189,2.37,95,2026-06-25 12:25:46,2026-06-25 05:14:28,2026-06-25 17:54:24,NG,Suleja,2026-06-25 12:25:46.974751,12,2026-06-25,12:25:46,Thursday
bwari,9.2856,7.3787,clouds,overcast clouds,stations,28.81,31.32,28.81,28.81,1015,64,1015,953,10000,2.33,205,2.44,99,2026-06-25 12:25:47,2026-06-25 05:13:06,2026-06-25 17:52:54,NG,Maitama,2026-06-25 12:25:47.106714,12,2026-06-25,12:25:47,Thursday
gwagwalada,9.0764,6.9854,clouds,overcast clouds,stations,31.34,34.8,31.34,31.34,1014,57,1014,992,10000,2.75,182,2.57,99,2026-06-25 12:25:47,2026-06-25 05:15:03,2026-06-25 17:54:06,NG,Kwali,2026-06-25 12:25:47.264851,12,2026-06-25,12:25:47,Thursday
makurdi,7.7306,8.5361,clouds,overcast clouds,stations,30.06,33.15,30.06,30.06,1014,61,1014,1003,10000,3.0,245,3.23,97,2026-06-25 12:25:47,2026-06-25 05:11:15,2026-06-25 17:45:30,NG,Walmayo,2026-06-25 12:25:47.395274,12,2026-06-25,12:25:47,Thursday
panda,9.2624,7.8385,rain,light rain,stations,29.38,32.78,29.38,29.38,1012,66,1012,970,10000,2.28,253,2.43,82,2026-06-25 16:29:06,2026-06-25 05:11:18,2026-06-25 17:51:01,NG,Maitama,2026-06-25 16:29:06.285599,16,2026-06-25,16:29:06,Thursday
gurara,9.322,7.0232,clouds,overcast clouds,stations,29.75,33.14,29.75,29.75,1012,64,1012,972,10000,1.7,214,2.58,100,2026-06-25 16:29:06,2026-06-25 05:14:28,2026-06-25 17:54:24,NG,Suleja,2026-06-25 16:29:06.380270,16,2026-06-25,16:29:06,Thursday
bwari,9.2856,7.3787,rain,light rain,stations,27.08,29.63,27.08,27.08,1013,77,1013,951,10000,0.95,238,2.04,97,2026-06-25 16:29:06,2026-06-25 05:13:06,2026-06-25 17:52:54,NG,Maitama,2026-06-25 16:29:06.469994,16,2026-06-25,16:29:06,Thursday
gwagwalada,9.0764,6.9854,clouds,overcast clouds,stations,31.38,34.89,31.38,31.38,1011,57,1011,989,10000,2.03,195,2.27,100,2026-06-25 16:29:06,2026-06-25 05:15:03,2026-06-25 17:54:06,NG,Kwali,2026-06-25 16:29:06.565030,16,2026-06-25,16:29:06,Thursday
makurdi,7.7306,8.5361,clouds,overcast clouds,stations,31.39,34.41,31.39,31.39,1012,55,1012,1001,10000,1.44,214,1.57,87,2026-06-25 16:29:06,2026-06-25 05:11:15,2026-06-25 17:45:30,NG,Walmayo,2026-06-25 16:29:06.657514,16,2026-06-25,16:29:06,Thursday
panda,9.2624,7.8385,rain,light rain,stations,22.93,23.68,22.93,22.93,1016,92,1016,972,10000,3.17,12,9.34,100,2026-06-25 20:07:28,2026-06-25 05:11:18,2026-06-25 17:51:01,NG,Maitama,2026-06-25 20:07:29.083579,20,2026-06-25,20:07:28,Thursday
gurara,9.322,7.0232,clouds,overcast clouds,stations,22.74,23.45,22.74,22.74,1015,91,1015,974,10000,2.7,43,7.31,100,2026-06-25 20:07:29,2026-06-25 05:14:28,2026-06-25 17:54:24,NG,Suleja,2026-06-25 20:07:29.648934,20,2026-06-25,20:07:29,Thursday
bwari,9.2856,7.3787,rain,light rain,stations,21.28,21.92,21.28,21.28,1016,94,1016,953,10000,2.55,35,7.61,100,2026-06-25 20:07:29,2026-06-25 05:13:06,2026-06-25 17:52:54,NG,Maitama,2026-06-25 20:07:30.220286,20,2026-06-25,20:07:29,Thursday
gwagwalada,9.0764,6.9854,clouds,overcast clouds,stations,24.51,25.31,24.51,24.51,1014,88,1014,991,10000,2.24,35,5.79,100,2026-06-25 20:07:30,2026-06-25 05:15:03,2026-06-25 17:54:06,NG,Kwali,2026-06-25 20:07:30.792255,20,2026-06-25,20:07:30,Thursday
makurdi,7.7306,8.5361,clouds,scattered clouds,stations,25.41,26.2,25.41,25.41,1014,84,1014,1002,10000,2.16,188,4.65,38,2026-06-25 20:07:30,2026-06-25 05:11:15,2026-06-25 17:45:30,NG,Walmayo,2026-06-25 20:07:31.367003,20,2026-06-25,20:07:30,Thursday
panda,9.2624,7.8385,clouds,overcast clouds,stations,22.7,23.4,22.7,22.7,1015,91,1015,972,10000,0.66,243,0.78,100,2026-06-25 23:22:21,2026-06-26 05:11:32,2026-06-26 17:51:12,NG,Maitama,2026-06-25 23:22:22.064697,23,2026-06-25,23:22:21,Thursday
gurara,9.322,7.0232,rain,light rain,stations,22.37,23.01,22.37,22.37,1016,90,1016,974,10000,1.48,357,2.31,100,2026-06-25 23:22:22,2026-06-26 05:14:41,2026-06-26 17:54:34,NG,Suleja,2026-06-25 23:22:22.630216,23,2026-06-25,23:22:22,Thursday
bwari,9.2856,7.3787,rain,light rain,stations,21.51,22.07,21.51,21.51,1016,90,1016,952,10000,0.51,230,1.24,100,2026-06-25 23:22:22,2026-06-26 05:13:20,2026-06-26 17:53:05,NG,Maitama,2026-06-25 23:22:23.193002,23,2026-06-25,23:22:22,Thursday
gwagwalada,9.0764,6.9854,rain,light rain,stations,23.15,23.87,23.15,23.15,1015,90,1015,992,10000,1.35,37,1.93,100,2026-06-25 23:22:23,2026-06-26 05:15:16,2026-06-26 17:54:17,NG,Kwali,2026-06-25 23:22:23.764379,23,2026-06-25,23:22:23,Thursday
makurdi,7.7306,8.5361,clouds,scattered clouds,stations,24.4,25.25,24.4,24.4,1015,90,1015,1003,10000,2.18,210,7.35,45,2026-06-25 23:22:23,2026-06-26 05:11:28,2026-06-26 17:45:41,NG,Walmayo,2026-06-25 23:22:23.894519,23,2026-06-25,23:22:23,Thursday
panda,9.2624,7.8385,clouds,overcast clouds,stations,21.7,22.41,21.7,21.7,1015,95,1015,971,10000,0.72,112,0.78,98,2026-06-26 04:08:37,2026-06-26 05:11:32,2026-06-26 17:51:12,NG,Maitama,2026-06-26 04:08:38.460438,4,2026-06-26,04:08:37,Friday
gurara,9.322,7.0232,clouds,overcast clouds,stations,21.29,21.9,21.29,21.29,1014,93,1014,973,10000,1.28,152,1.55,100,2026-06-26 04:08:38,2026-06-26 05:14:41,2026-06-26 17:54:34,NG,Suleja,2026-06-26 04:08:39.048064,4,2026-06-26,04:08:38,Friday
bwari,9.2856,7.3787,clouds,overcast clouds,stations,20.37,20.94,20.37,20.37,1015,95,1015,951,10000,1.24,159,1.51,100,2026-06-26 04:08:39,2026-06-26 05:13:20,2026-06-26 17:53:05,NG,Maitama,2026-06-26 04:08:39.638211,4,2026-06-26,04:08:39,Friday
gwagwalada,9.0764,6.9854,clouds,overcast clouds,stations,22.51,23.19,22.51,22.51,1014,91,1014,990,10000,1.32,170,1.7,100,2026-06-26 04:08:39,2026-06-26 05:15:16,2026-06-26 17:54:17,NG,Kwali,2026-06-26 04:08:40.243965,4,2026-06-26,04:08:39,Friday
makurdi,7.7306,8.5361,clouds,overcast clouds,stations,23.33,24.23,23.33,23.33,1014,96,1014,1003,10000,3.44,233,9.34,95,2026-06-26 04:08:40,2026-06-26 05:11:28,2026-06-26 17:45:41,NG,Walmayo,2026-06-26 04:08:40.845142,4,2026-06-26,04:08:40,Friday
panda,9.2624,7.8385,clouds,overcast clouds,stations,27.08,29.35,27.08,27.08,1016,74,1016,973,10000,1.37,234,2.28,91,2026-06-26 09:36:02,2026-06-26 05:11:32,2026-06-26 17:51:12,NG,Maitama,2026-06-26 09:36:03.103699,9,2026-06-26,09:36:02,Friday
gurara,9.322,7.0232,clouds,broken clouds,stations,25.79,26.41,25.79,25.79,1016,76,1016,975,10000,2.44,161,2.96,82,2026-06-26 09:36:03,2026-06-26 05:14:41,2026-06-26 17:54:34,NG,Suleja,2026-06-26 09:36:03.668667,9,2026-06-26,09:36:03,Friday
bwari,9.2856,7.3787,clouds,overcast clouds,stations,23.32,23.9,23.32,23.32,1017,84,1017,954,10000,1.09,203,2.16,89,2026-06-26 09:36:03,2026-06-26 05:13:20,2026-06-26 17:53:05,NG,Maitama,2026-06-26 09:36:04.231299,9,2026-06-26,09:36:03,Friday
gwagwalada,9.0764,6.9854,clouds,overcast clouds,stations,26.4,26.4,26.4,26.4,1016,74,1016,993,10000,2.03,175,3.43,91,2026-06-26 09:36:04,2026-06-26 05:15:16,2026-06-26 17:54:17,NG,Kwali,2026-06-26 09:36:04.799090,9,2026-06-26,09:36:04,Friday
makurdi,7.7306,8.5361,clouds,overcast clouds,stations,26.9,29.35,26.9,26.9,1016,78,1016,1004,10000,2.17,210,2.73,100,2026-06-26 09:36:04,2026-06-26 05:11:28,2026-06-26 17:45:41,NG,Walmayo,2026-06-26 09:36:05.358230,9,2026-06-26,09:36:04,Friday
panda,9.2624,7.8385,clouds,broken clouds,stations,30.76,34.34,30.76,30.76,1014,60,1014,972,10000,1.09,211,1.34,81,2026-06-26 12:14:43,2026-06-26 05:11:32,2026-06-26 17:51:12,NG,Maitama,2026-06-26 12:14:43.592273,12,2026-06-26,12:14:43,Friday
gurara,9.322,7.0232,clouds,broken clouds,stations,29.12,31.56,29.12,29.12,1014,62,1014,974,10000,1.98,190,2.44,74,2026-06-26 12:14:43,2026-06-26 05:14:41,2026-06-26 17:54:34,NG,Suleja,2026-06-26 12:14:43.725085,12,2026-06-26,12:14:43,Friday
bwari,9.2856,7.3787,clouds,broken clouds,stations,28.23,30.43,28.23,28.23,1015,65,1015,953,10000,1.75,215,2.13,75,2026-06-26 12:14:43,2026-06-26 05:13:20,2026-06-26 17:53:05,NG,Maitama,2026-06-26 12:14:43.858943,12,2026-06-26,12:14:43,Friday
gwagwalada,9.0764,6.9854,clouds,broken clouds,stations,31.25,34.38,31.25,31.25,1014,56,1014,991,10000,1.41,220,2.26,81,2026-06-26 12:14:43,2026-06-26 05:15:16,2026-06-26 17:54:17,NG,Kwali,2026-06-26 12:14:43.985434,12,2026-06-26,12:14:43,Friday
makurdi,7.7306,8.5361,clouds,overcast clouds,stations,30.51,33.83,30.51,30.51,1014,60,1014,1003,10000,2.17,203,1.91,98,2026-06-26 12:14:44,2026-06-26 05:11:28,2026-06-26 17:45:41,NG,Walmayo,2026-06-26 12:14:44.115408,12,2026-06-26,12:14:44,Friday
panda,9.2624,7.8385,clouds,scattered clouds,stations,31.01,33.91,31.01,31.01,1012,56,1012,969,10000,1.11,245,1.43,27,2026-06-26 16:20:57,2026-06-26 05:11:32,2026-06-26 17:51:12,NG,Maitama,2026-06-26 16:20:57.908065,16,2026-06-26,16:20:57,Friday
gurara,9.322,7.0232,clouds,broken clouds,stations,30.22,32.45,30.22,30.22,1012,56,1012,972,10000,2.02,210,1.71,65,2026-06-26 16:20:57,2026-06-26 05:14:41,2026-06-26 17:54:34,NG,Suleja,2026-06-26 16:20:58.470151,16,2026-06-26,16:20:57,Friday
bwari,9.2856,7.3787,clouds,broken clouds,stations,28.61,30.81,28.61,28.61,1012,63,1012,951,10000,2.07,235,1.85,62,2026-06-26 16:20:58,2026-06-26 05:13:20,2026-06-26 17:53:05,NG,Maitama,2026-06-26 16:20:59.027654,16,2026-06-26,16:20:58,Friday
gwagwalada,9.0764,6.9854,clouds,broken clouds,stations,31.56,34.03,31.56,31.56,1012,52,1012,989,10000,1.69,209,1.61,63,2026-06-26 16:20:59,2026-06-26 05:15:16,2026-06-26 17:54:17,NG,Kwali,2026-06-26 16:20:59.588655,16,2026-06-26,16:20:59,Friday
makurdi,7.7306,8.5361,clouds,broken clouds,stations,29.12,32.99,29.12,29.12,1012,70,1012,1001,10000,2.55,183,4.63,68,2026-06-26 16:20:59,2026-06-26 05:11:28,2026-06-26 17:45:41,NG,Walmayo,2026-06-26 16:21:00.109031,16,2026-06-26,16:20:59,Friday
panda,9.2624,7.8385,rain,light rain,stations,24.04,24.8,24.04,24.04,1015,88,1015,971,10000,2.36,340,3.87,100,2026-06-26 19:56:58,2026-06-26 05:11:32,2026-06-26 17:51:12,NG,Maitama,2026-06-26 19:56:58.659196,19,2026-06-26,19:56:58,Friday
gurara,9.322,7.0232,rain,moderate rain,stations,24.33,24.99,24.33,24.33,1015,83,1015,974,10000,2.33,6,3.3,100,2026-06-26 19:56:58,2026-06-26 05:14:41,2026-06-26 17:54:34,NG,Suleja,2026-06-26 19:56:59.329544,19,2026-06-26,19:56:58,Friday
bwari,9.2856,7.3787,rain,light rain,stations,22.6,23.27,22.6,22.6,1015,90,1015,952,10000,2.59,346,4.64,100,2026-06-26 19:56:59,2026-06-26 05:13:20,2026-06-26 17:53:05,NG,Maitama,2026-06-26 19:56:59.951611,19,2026-06-26,19:56:59,Friday
gwagwalada,9.0764,6.9854,rain,light rain,stations,25.72,26.36,25.72,25.72,1014,77,1014,991,10000,0.94,320,1.25,82,2026-06-26 19:57:00,2026-06-26 05:15:16,2026-06-26 17:54:17,NG,Kwali,2026-06-26 19:57:00.608050,19,2026-06-26,19:57:00,Friday
makurdi,7.7306,8.5361,clouds,scattered clouds,stations,26.04,26.04,26.04,26.04,1013,78,1013,1002,10000,3.19,201,9.31,25,2026-06-26 19:57:00,2026-06-26 05:11:28,2026-06-26 17:45:41,NG,Walmayo,2026-06-26 19:57:01.238350,19,2026-06-26,19:57:00,Friday
panda,9.2624,7.8385,rain,light rain,stations,23.32,24.06,23.32,23.32,1016,90,1016,972,10000,2.72,340,7.08,100,2026-06-26 21:25:05,2026-06-26 05:11:32,2026-06-26 17:51:12,NG,Maitama,2026-06-26 21:25:05.590483,21,2026-06-26,21:25:05,Friday
gurara,9.322,7.0232,rain,moderate rain,stations,22.93,23.68,22.93,22.93,1016,92,1016,975,10000,3.15,5,6.54,100,2026-06-26 21:25:05,2026-06-26 05:14:41,2026-06-26 17:54:34,NG,Suleja,2026-06-26 21:25:06.186554,21,2026-06-26,21:25:05,Friday
bwari,9.2856,7.3787,rain,light rain,stations,21.76,22.45,21.76,21.76,1016,94,1016,953,10000,2.89,359,6.74,100,2026-06-26 21:25:06,2026-06-26 05:13:20,2026-06-26 17:53:05,NG,Maitama,2026-06-26 21:25:06.644908,21,2026-06-26,21:25:06,Friday
gwagwalada,9.0764,6.9854,rain,light rain,stations,24.5,25.25,24.5,24.5,1015,86,1015,992,10000,0.65,7,2.28,88,2026-06-26 21:25:06,2026-06-26 05:15:16,2026-06-26 17:54:17,NG,Kwali,2026-06-26 21:25:07.241764,21,2026-06-26,21:25:06,Friday
makurdi,7.7306,8.5361,clouds,few clouds,stations,25.94,26.63,25.94,25.94,1014,78,1014,1003,10000,3.69,204,10.18,21,2026-06-26 21:25:07,2026-06-26 05:11:28,2026-06-26 17:45:41,NG,Walmayo,2026-06-26 21:25:07.828614,21,2026-06-26,21:25:07,Friday
panda,9.2624,7.8385,rain,light rain,stations,22.25,22.93,22.25,22.25,1016,92,1016,972,10000,0.69,301,0.99,100,2026-06-26 23:12:09,2026-06-27 05:11:45,2026-06-27 17:51:22,NG,Maitama,2026-06-26 23:12:10.007480,23,2026-06-26,23:12:09,Friday
gurara,9.322,7.0232,clouds,overcast clouds,stations,22.02,22.78,22.02,22.02,1015,96,1015,974,10000,0.6,151,0.77,100,2026-06-26 23:12:10,2026-06-27 05:14:55,2026-06-27 17:54:44,NG,Suleja,2026-06-26 23:12:10.567834,23,2026-06-26,23:12:10,Friday
bwari,9.2856,7.3787,clouds,overcast clouds,stations,20.59,21.19,20.59,20.59,1016,95,1016,953,10000,0.22,179,0.76,100,2026-06-26 23:12:10,2026-06-27 05:13:33,2026-06-27 17:53:15,NG,Maitama,2026-06-26 23:12:11.122693,23,2026-06-26,23:12:10,Friday
gwagwalada,9.0764,6.9854,rain,light rain,stations,23.9,24.75,23.9,23.9,1015,92,1015,992,10000,0.41,321,0.89,93,2026-06-26 23:12:11,2026-06-27 05:15:30,2026-06-27 17:54:27,NG,Kwali,2026-06-26 23:12:11.679494,23,2026-06-26,23:12:11,Friday
makurdi,7.7306,8.5361,clouds,few clouds,stations,25.19,25.96,25.19,25.19,1015,84,1015,1004,10000,3.52,207,10.11,22,2026-06-26 23:12:11,2026-06-27 05:11:41,2026-06-27 17:45:51,NG,Walmayo,2026-06-26 23:12:12.231156,23,2026-06-26,23:12:11,Friday
panda,9.2624,7.8385,clouds,broken clouds,stations,21.61,22.28,21.61,21.61,1015,94,1015,971,10000,0.64,119,0.78,81,2026-06-27 03:54:13,2026-06-27 05:11:45,2026-06-27 17:51:22,NG,Maitama,2026-06-27 03:54:13.148679,3,2026-06-27,03:54:13,Saturday
gurara,9.322,7.0232,clouds,broken clouds,stations,21.9,22.63,21.9,21.9,1014,95,1014,973,10000,1.76,182,5.75,57,2026-06-27 03:54:13,2026-06-27 05:14:55,2026-06-27 17:54:44,NG,Suleja,2026-06-27 03:54:13.278061,3,2026-06-27,03:54:13,Saturday
bwari,9.2856,7.3787,clouds,broken clouds,stations,20.7,21.36,20.7,20.7,1015,97,1015,951,10000,1.69,193,5.59,63,2026-06-27 03:54:13,2026-06-27 05:13:33,2026-06-27 17:53:15,NG,Maitama,2026-06-27 03:54:13.409074,3,2026-06-27,03:54:13,Saturday
gwagwalada,9.0764,6.9854,clouds,broken clouds,stations,22.81,23.6,22.81,22.81,1014,94,1014,990,10000,1.38,185,2.85,53,2026-06-27 03:54:13,2026-06-27 05:15:30,2026-06-27 17:54:27,NG,Kwali,2026-06-27 03:54:13.542073,3,2026-06-27,03:54:13,Saturday
makurdi,7.7306,8.5361,clouds,scattered clouds,stations,22.86,23.76,22.86,22.86,1014,98,1014,1003,10000,2.66,208,8.76,35,2026-06-27 03:54:13,2026-06-27 05:11:41,2026-06-27 17:45:51,NG,Walmayo,2026-06-27 03:54:13.669601,3,2026-06-27,03:54:13,Saturday
panda,9.2624,7.8385,clouds,overcast clouds,stations,23.79,24.52,23.79,23.79,1016,88,1016,972,10000,1.13,153,2.17,93,2026-06-27 06:56:49,2026-06-27 05:11:45,2026-06-27 17:51:22,NG,Maitama,2026-06-27 06:56:49.457201,6,2026-06-27,06:56:49,Saturday
gurara,9.322,7.0232,clouds,broken clouds,stations,23.83,24.54,23.83,23.83,1015,87,1015,974,10000,2.74,187,5.01,76,2026-06-27 06:56:49,2026-06-27 05:14:55,2026-06-27 17:54:44,NG,Suleja,2026-06-27 06:56:49.551229,6,2026-06-27,06:56:49,Saturday
bwari,9.2856,7.3787,clouds,broken clouds,stations,22.71,23.36,22.71,22.71,1016,89,1016,953,10000,1.92,187,3.67,73,2026-06-27 06:56:49,2026-06-27 05:13:33,2026-06-27 17:53:15,NG,Maitama,2026-06-27 06:56:49.639542,6,2026-06-27,06:56:49,Saturday
gwagwalada,9.0764,6.9854,clouds,scattered clouds,stations,24.79,25.52,24.79,24.79,1015,84,1015,992,10000,2.63,184,4.62,47,2026-06-27 06:56:49,2026-06-27 05:15:30,2026-06-27 17:54:27,NG,Kwali,2026-06-27 06:56:49.733571,6,2026-06-27,06:56:49,Saturday
makurdi,7.7306,8.5361,clouds,broken clouds,stations,25.15,25.97,25.15,25.15,1015,86,1015,1004,10000,2.84,224,5.11,66,2026-06-27 06:56:49,2026-06-27 05:11:41,2026-06-27 17:45:51,NG,Walmayo,2026-06-27 06:56:49.835521,6,2026-06-27,06:56:49,Saturday
panda,9.2624,7.8385,clouds,overcast clouds,stations,27.36,29.58,27.36,27.36,1016,71,1016,972,10000,2.25,179,2.81,90,2026-06-27 10:13:46,2026-06-27 05:11:45,2026-06-27 17:51:22,NG,Maitama,2026-06-27 10:13:46.943938,10,2026-06-27,10:13:46,Saturday
gurara,9.322,7.0232,clouds,overcast clouds,stations,27.66,29.8,27.66,27.66,1015,68,1015,975,10000,3.0,191,3.58,86,2026-06-27 10:13:47,2026-06-27 05:14:55,2026-06-27 17:54:44,NG,Suleja,2026-06-27 10:13:47.513963,10,2026-06-27,10:13:47,Saturday
bwari,9.2856,7.3787,clouds,overcast clouds,stations,26.3,26.3,26.3,26.3,1016,72,1016,953,10000,2.52,190,2.94,87,2026-06-27 10:13:47,2026-06-27 05:13:33,2026-06-27 17:53:15,NG,Maitama,2026-06-27 10:13:48.076569,10,2026-06-27,10:13:47,Saturday
gwagwalada,9.0764,6.9854,clouds,broken clouds,stations,29.04,31.75,29.04,29.04,1015,64,1015,992,10000,2.58,188,3.16,69,2026-06-27 10:13:48,2026-06-27 05:15:30,2026-06-27 17:54:27,NG,Kwali,2026-06-27 10:13:48.640159,10,2026-06-27,10:13:48,Saturday
makurdi,7.7306,8.5361,clouds,broken clouds,stations,29.75,33.14,29.75,29.75,1015,64,1015,1004,10000,2.91,213,3.78,83,2026-06-27 10:13:48,2026-06-27 05:11:41,2026-06-27 17:45:51,NG,Walmayo,2026-06-27 10:13:49.205297,10,2026-06-27,10:13:48,Saturday
panda,9.2624,7.8385,clouds,broken clouds,stations,32.88,35.24,32.88,32.88,1011,47,1011,968,10000,1.89,174,2.73,71,2026-06-27 13:52:59,2026-06-27 05:11:45,2026-06-27 17:51:22,NG,Maitama,2026-06-27 13:53:00.077298,13,2026-06-27,13:52:59,Saturday
gurara,9.322,7.0232,clouds,overcast clouds,stations,31.63,34.16,31.63,31.63,1011,52,1011,971,10000,1.35,173,1.92,86,2026-06-27 13:53:00,2026-06-27 05:14:55,2026-06-27 17:54:44,NG,Suleja,2026-06-27 13:53:00.643308,13,2026-06-27,13:53:00,Saturday
bwari,9.2856,7.3787,rain,light rain,stations,28.35,30.64,28.35,28.35,1012,65,1012,950,10000,1.64,235,1.99,94,2026-06-27 13:53:00,2026-06-27 05:13:33,2026-06-27 17:53:15,NG,Maitama,2026-06-27 13:53:01.191995,13,2026-06-27,13:53:00,Saturday
gwagwalada,9.0764,6.9854,clouds,broken clouds,stations,32.53,35.36,32.53,32.53,1011,50,1011,988,10000,3.0,174,2.54,77,2026-06-27 13:53:01,2026-06-27 05:15:30,2026-06-27 17:54:27,NG,Kwali,2026-06-27 13:53:01.747159,13,2026-06-27,13:53:01,Saturday
makurdi,7.7306,8.5361,clouds,overcast clouds,stations,31.43,35.25,31.43,31.43,1011,58,1011,1000,10000,2.31,184,2.47,90,2026-06-27 13:53:01,2026-06-27 05:11:41,2026-06-27 17:45:51,NG,Walmayo,2026-06-27 13:53:02.300778,13,2026-06-27,13:53:01,Saturday
panda,9.2624,7.8385,rain,light rain,stations,32.76,35.02,32.76,32.76,1010,47,1010,968,10000,1.92,210,2.42,70,2026-06-27 15:19:20,2026-06-27 05:11:45,2026-06-27 17:51:22,NG,Maitama,2026-06-27 15:19:21.498188,15,2026-06-27,15:19:20,Saturday
gurara,9.322,7.0232,rain,light rain,stations,29.4,32.63,29.4,29.4,1011,65,1011,971,10000,0.89,163,2.87,91,2026-06-27 15:19:21,2026-06-27 05:14:55,2026-06-27 17:54:44,NG,Suleja,2026-06-27 15:19:22.051384,15,2026-06-27,15:19:21,Saturday
bwari,9.2856,7.3787,rain,light rain,stations,26.84,29.06,26.84,26.84,1012,76,1012,950,10000,1.92,247,3.68,96,2026-06-27 15:19:22,2026-06-27 05:13:33,2026-06-27 17:53:15,NG,Maitama,2026-06-27 15:19:22.601195,15,2026-06-27,15:19:22,Saturday
gwagwalada,9.0764,6.9854,clouds,overcast clouds,stations,30.66,33.68,30.66,30.66,1010,58,1010,988,10000,2.32,170,3.66,85,2026-06-27 15:19:22,2026-06-27 05:15:30,2026-06-27 17:54:27,NG,Kwali,2026-06-27 15:19:23.149405,15,2026-06-27,15:19:22,Saturday
makurdi,7.7306,8.5361,clouds,broken clouds,stations,31.81,35.79,31.81,31.81,1010,57,1010,999,10000,2.52,176,2.34,75,2026-06-27 15:19:23,2026-06-27 05:11:41,2026-06-27 17:45:51,NG,Walmayo,2026-06-27 15:19:23.697716,15,2026-06-27,15:19:23,Saturday
panda,9.2624,7.8385,rain,light rain,stations,27.08,29.17,27.08,27.08,1011,72,1011,968,10000,2.35,266,5.45,82,2026-06-27 17:16:46,2026-06-27 05:11:45,2026-06-27 17:51:22,NG,Maitama,2026-06-27 17:16:46.783644,17,2026-06-27,17:16:46,Saturday
gurara,9.322,7.0232,rain,light rain,stations,27.08,29.63,27.08,27.08,1011,77,1011,971,10000,1.44,295,1.72,95,2026-06-27 17:16:46,2026-06-27 05:14:55,2026-06-27 17:54:44,NG,Suleja,2026-06-27 17:16:46.913348,17,2026-06-27,17:16:46,Saturday
bwari,9.2856,7.3787,rain,light rain,stations,25.39,26.13,25.39,25.39,1012,82,1012,950,10000,1.39,262,2.29,95,2026-06-27 17:16:47,2026-06-27 05:13:33,2026-06-27 17:53:15,NG,Maitama,2026-06-27 17:16:47.038082,17,2026-06-27,17:16:47,Saturday
gwagwalada,9.0764,6.9854,rain,light rain,stations,29.1,32.21,29.1,29.1,1010,66,1010,988,10000,0.86,303,1.09,89,2026-06-27 17:16:47,2026-06-27 05:15:30,2026-06-27 17:54:27,NG,Kwali,2026-06-27 17:16:47.173712,17,2026-06-27,17:16:47,Saturday
makurdi,7.7306,8.5361,clouds,broken clouds,stations,29.39,33.6,29.39,29.39,1011,70,1011,1000,10000,2.25,182,4.45,74,2026-06-27 17:16:47,2026-06-27 05:11:41,2026-06-27 17:45:51,NG,Walmayo,2026-06-27 17:16:47.337914,17,2026-06-27,17:16:47,Saturday
panda,9.2624,7.8385,rain,moderate rain,stations,24.59,25.32,24.59,24.59,1014,85,1014,970,10000,1.36,311,1.36,96,2026-06-27 19:27:45,2026-06-27 05:11:45,2026-06-27 17:51:22,NG,Maitama,2026-06-27 19:27:45.368524,19,2026-06-27,19:27:45,Saturday
gurara,9.322,7.0232,rain,light rain,stations,25.23,25.9,25.23,25.23,1013,80,1013,972,10000,1.5,51,1.44,71,2026-06-27 19:27:45,2026-06-27 05:14:55,2026-06-27 17:54:44,NG,Suleja,2026-06-27 19:27:45.458577,19,2026-06-27,19:27:45,Saturday
bwari,9.2856,7.3787,rain,moderate rain,stations,23.3,23.91,23.3,23.3,1014,85,1014,951,10000,0.77,1,1.05,91,2026-06-27 19:27:45,2026-06-27 05:13:33,2026-06-27 17:53:15,NG,Maitama,2026-06-27 19:27:45.547191,19,2026-06-27,19:27:45,Saturday
gwagwalada,9.0764,6.9854,rain,light rain,stations,27.03,28.99,27.03,27.03,1013,71,1013,989,10000,0.92,54,1.23,86,2026-06-27 19:27:45,2026-06-27 05:15:30,2026-06-27 17:54:27,NG,Kwali,2026-06-27 19:27:45.641488,19,2026-06-27,19:27:45,Saturday
makurdi,7.7306,8.5361,clouds,broken clouds,stations,26.56,26.56,26.56,26.56,1012,78,1012,1001,10000,2.01,183,3.62,81,2026-06-27 19:27:45,2026-06-27 05:11:41,2026-06-27 17:45:51,NG,Walmayo,2026-06-27 19:27:45.730365,19,2026-06-27,19:27:45,Saturday
panda,9.2624,7.8385,rain,light rain,stations,24.04,24.8,24.04,24.04,1014,88,1014,971,10000,0.79,318,0.85,99,2026-06-27 21:10:14,2026-06-27 05:11:45,2026-06-27 17:51:22,NG,Maitama,2026-06-27 21:10:14.385265,21,2026-06-27,21:10:14,Saturday
gurara,9.322,7.0232,clouds,overcast clouds,stations,24.56,25.24,24.56,24.56,1014,83,1014,973,10000,0.31,161,0.78,90,2026-06-27 21:10:14,2026-06-27 05:14:55,2026-06-27 17:54:44,NG,Suleja,2026-06-27 21:10:14.531628,21,2026-06-27,21:10:14,Saturday
bwari,9.2856,7.3787,rain,light rain,stations,23.3,23.91,23.3,23.3,1014,85,1014,952,10000,0.56,101,0.7,97,2026-06-27 21:10:14,2026-06-27 05:13:33,2026-06-27 17:53:15,NG,Maitama,2026-06-27 21:10:14.658839,21,2026-06-27,21:10:14,Saturday
gwagwalada,9.0764,6.9854,clouds,overcast clouds,stations,25.3,26.03,25.3,25.3,1013,82,1013,990,10000,0.58,222,0.64,95,2026-06-27 21:10:14,2026-06-27 05:15:30,2026-06-27 17:54:27,NG,Kwali,2026-06-27 21:10:14.784292,21,2026-06-27,21:10:14,Saturday
makurdi,7.7306,8.5361,clouds,overcast clouds,stations,26.0,26.0,26.0,26.0,1013,79,1013,1001,10000,2.24,220,6.57,94,2026-06-27 21:10:14,2026-06-27 05:11:41,2026-06-27 17:45:51,NG,Walmayo,2026-06-27 21:10:14.910549,21,2026-06-27,21:10:14,Saturday
panda,9.2624,7.8385,clouds,overcast clouds,stations,23.72,24.45,23.72,23.72,1014,88,1014,970,10000,0.52,341,0.65,99,2026-06-27 23:08:05,2026-06-28 05:11:59,2026-06-28 17:51:31,NG,Maitama,2026-06-27 23:08:05.802853,23,2026-06-27,23:08:05,Saturday
gurara,9.322,7.0232,clouds,overcast clouds,stations,24.15,24.84,24.15,24.15,1013,85,1013,972,10000,0.92,187,1.03,94,2026-06-27 23:08:05,2026-06-28 05:15:08,2026-06-28 17:54:54,NG,Suleja,2026-06-27 23:08:06.354261,23,2026-06-27,23:08:05,Saturday
bwari,9.2856,7.3787,clouds,overcast clouds,stations,22.68,23.33,22.68,22.68,1014,89,1014,951,10000,0.9,221,1.13,98,2026-06-27 23:08:06,2026-06-28 05:13:47,2026-06-28 17:53:24,NG,Maitama,2026-06-27 23:08:06.906501,23,2026-06-27,23:08:06,Saturday
gwagwalada,9.0764,6.9854,clouds,overcast clouds,stations,24.7,25.45,24.7,24.7,1013,85,1013,990,10000,1.18,219,1.21,97,2026-06-27 23:08:06,2026-06-28 05:15:44,2026-06-28 17:54:36,NG,Kwali,2026-06-27 23:08:07.458936,23,2026-06-27,23:08:06,Saturday
makurdi,7.7306,8.5361,clouds,overcast clouds,stations,25.15,25.91,25.15,25.15,1013,84,1013,1001,10000,2.34,209,7.85,95,2026-06-27 23:08:07,2026-06-28 05:11:55,2026-06-28 17:46:01,NG,Walmayo,2026-06-27 23:08:08.008366,23,2026-06-27,23:08:07,Saturday
panda,9.2624,7.8385,rain,moderate rain,stations,21.85,22.6,21.85,21.85,1013,96,1013,969,6674,0.51,123,0.68,100,2026-06-28 04:16:37,2026-06-28 05:11:59,2026-06-28 17:51:31,NG,Maitama,2026-06-28 04:16:37.868616,4,2026-06-28,04:16:37,Sunday
gurara,9.322,7.0232,rain,moderate rain,stations,22.24,23.03,22.24,22.24,1013,96,1013,972,10000,0.91,203,1.49,96,2026-06-28 04:16:38,2026-06-28 05:15:08,2026-06-28 17:54:54,NG,Suleja,2026-06-28 04:16:38.027324,4,2026-06-28,04:16:38,Sunday
bwari,9.2856,7.3787,rain,moderate rain,stations,21.01,21.73,21.01,21.01,1013,98,1013,950,10000,1.22,198,2.66,98,2026-06-28 04:16:38,2026-06-28 05:13:47,2026-06-28 17:53:24,NG,Maitama,2026-06-28 04:16:38.186476,4,2026-06-28,04:16:38,Sunday
gwagwalada,9.0764,6.9854,rain,light rain,stations,23.49,24.38,23.49,23.49,1013,95,1013,989,10000,0.9,230,1.03,99,2026-06-28 04:16:38,2026-06-28 05:15:44,2026-06-28 17:54:36,NG,Kwali,2026-06-28 04:16:38.346338,4,2026-06-28,04:16:38,Sunday
makurdi,7.7306,8.5361,rain,light rain,stations,23.21,24.12,23.21,23.21,1012,97,1012,1001,10000,2.47,232,8.25,91,2026-06-28 04:16:38,2026-06-28 05:11:55,2026-06-28 17:46:01,NG,Walmayo,2026-06-28 04:16:38.507378,4,2026-06-28,04:16:38,Sunday
panda,9.2624,7.8385,clouds,overcast clouds,stations,27.57,30.55,27.57,27.57,1015,76,1015,971,10000,1.84,265,2.47,85,2026-06-28 09:17:53,2026-06-28 05:11:59,2026-06-28 17:51:31,NG,Maitama,2026-06-28 09:17:54.061372,9,2026-06-28,09:17:53,Sunday
gurara,9.322,7.0232,clouds,broken clouds,stations,27.35,29.87,27.35,27.35,1014,74,1014,974,10000,2.12,273,2.93,76,2026-06-28 09:17:54,2026-06-28 05:15:08,2026-06-28 17:54:54,NG,Suleja,2026-06-28 09:17:54.628387,9,2026-06-28,09:17:54,Sunday
bwari,9.2856,7.3787,clouds,overcast clouds,stations,25.37,26.1,25.37,25.37,1015,82,1015,953,10000,2.23,268,2.81,91,2026-06-28 09:17:54,2026-06-28 05:13:47,2026-06-28 17:53:24,NG,Maitama,2026-06-28 09:17:55.190720,9,2026-06-28,09:17:54,Sunday
gwagwalada,9.0764,6.9854,clouds,broken clouds,stations,28.95,32.44,28.95,28.95,1014,69,1014,991,10000,1.97,275,2.76,68,2026-06-28 09:17:55,2026-06-28 05:15:44,2026-06-28 17:54:36,NG,Kwali,2026-06-28 09:17:55.406516,9,2026-06-28,09:17:55,Sunday
makurdi,7.7306,8.5361,clouds,broken clouds,stations,28.73,32.49,28.73,28.73,1014,72,1014,1003,10000,2.25,237,3.13,66,2026-06-28 09:17:55,2026-06-28 05:11:55,2026-06-28 17:46:01,NG,Walmayo,2026-06-28 09:17:55.966283,9,2026-06-28,09:17:55,Sunday
panda,9.2624,7.8385,rain,light rain,stations,29.64,33.74,29.64,29.64,1013,68,1013,970,10000,2.38,295,2.23,82,2026-06-28 11:49:01,2026-06-28 05:11:59,2026-06-28 17:51:31,NG,Maitama,2026-06-28 11:49:01.554540,11,2026-06-28,11:49:01,Sunday
gurara,9.322,7.0232,clouds,overcast clouds,stations,31.71,34.79,31.71,31.71,1013,54,1013,973,10000,1.83,283,1.97,96,2026-06-28 11:49:01,2026-06-28 05:15:08,2026-06-28 17:54:54,NG,Suleja,2026-06-28 11:49:01.771675,11,2026-06-28,11:49:01,Sunday
bwari,9.2856,7.3787,rain,light rain,stations,28.6,31.09,28.6,28.6,1013,65,1013,952,10000,1.62,292,1.96,97,2026-06-28 11:49:01,2026-06-28 05:13:47,2026-06-28 17:53:24,NG,Maitama,2026-06-28 11:49:02.326575,11,2026-06-28,11:49:01,Sunday
gwagwalada,9.0764,6.9854,clouds,overcast clouds,stations,33.44,37.19,33.44,33.44,1012,50,1012,990,10000,1.81,292,1.93,91,2026-06-28 11:49:02,2026-06-28 05:15:44,2026-06-28 17:54:36,NG,Kwali,2026-06-28 11:49:02.882738,11,2026-06-28,11:49:02,Sunday
makurdi,7.7322,8.5391,clouds,broken clouds,stations,34.67,38.48,34.67,34.67,1012,46,1012,1001,10000,1.56,278,1.51,59,2026-06-28 11:45:10,2026-06-28 05:11:54,2026-06-28 17:46:00,NG,Walmayo,2026-06-28 11:49:02.927513,11,2026-06-28,11:45:10,Sunday
panda,9.2624,7.8385,rain,moderate rain,stations,29.58,33.61,29.58,29.58,1011,68,1011,968,10000,1.88,324,2.16,88,2026-06-28 13:58:28,2026-06-28 05:11:59,2026-06-28 17:51:31,NG,Maitama,2026-06-28 13:58:28.616147,13,2026-06-28,13:58:28,Sunday
gurara,9.322,7.0232,clouds,broken clouds,stations,32.41,35.13,32.41,32.41,1010,50,1010,970,10000,1.45,283,1.36,75,2026-06-28 13:58:28,2026-06-28 05:15:08,2026-06-28 17:54:54,NG,Suleja,2026-06-28 13:58:28.779838,13,2026-06-28,13:58:28,Sunday
bwari,9.2856,7.3787,rain,light rain,stations,29.84,32.53,29.84,29.84,1011,60,1011,950,10000,1.18,291,1.51,74,2026-06-28 13:58:28,2026-06-28 05:13:47,2026-06-28 17:53:24,NG,Maitama,2026-06-28 13:58:28.945367,13,2026-06-28,13:58:28,Sunday
gwagwalada,9.0764,6.9854,clouds,broken clouds,stations,34.76,38.0,34.76,34.76,1009,44,1009,987,10000,1.46,307,1.46,57,2026-06-28 13:58:29,2026-06-28 05:15:44,2026-06-28 17:54:36,NG,Kwali,2026-06-28 13:58:29.109825,13,2026-06-28,13:58:29,Sunday
makurdi,7.7306,8.5361,clouds,scattered clouds,stations,36.02,38.84,36.02,36.02,1009,39,1009,998,10000,1.27,302,1.92,40,2026-06-28 13:58:29,2026-06-28 05:11:55,2026-06-28 17:46:01,NG,Walmayo,2026-06-28 13:58:29.275347,13,2026-06-28,13:58:29,Sunday
panda,9.2624,7.8385,rain,moderate rain,stations,29.14,33.04,29.14,29.14,1010,70,1010,967,10000,0.88,311,1.33,92,2026-06-28 15:23:28,2026-06-28 05:11:59,2026-06-28 17:51:31,NG,Maitama,2026-06-28 15:23:28.533714,15,2026-06-28,15:23:28,Sunday
gurara,9.322,7.0232,clouds,broken clouds,stations,32.04,34.93,32.04,32.04,1009,52,1009,970,10000,0.74,301,0.72,79,2026-06-28 15:23:28,2026-06-28 05:15:08,2026-06-28 17:54:54,NG,Suleja,2026-06-28 15:23:29.086118,15,2026-06-28,15:23:28,Sunday
bwari,9.2856,7.3787,rain,light rain,stations,29.56,32.19,29.56,29.56,1010,61,1010,949,10000,0.68,293,1.07,82,2026-06-28 15:23:29,2026-06-28 05:13:47,2026-06-28 17:53:24,NG,Maitama,2026-06-28 15:23:29.639030,15,2026-06-28,15:23:29,Sunday
gwagwalada,9.0764,6.9854,clouds,broken clouds,stations,34.41,37.62,34.41,34.41,1009,45,1009,986,10000,1.05,330,1.02,59,2026-06-28 15:23:29,2026-06-28 05:15:44,2026-06-28 17:54:36,NG,Kwali,2026-06-28 15:23:30.189485,15,2026-06-28,15:23:29,Sunday
makurdi,7.7306,8.5361,clouds,broken clouds,stations,34.92,37.68,34.92,34.92,1008,42,1008,997,10000,0.35,278,1.37,54,2026-06-28 15:23:30,2026-06-28 05:11:55,2026-06-28 17:46:01,NG,Walmayo,2026-06-28 15:23:30.739799,15,2026-06-28,15:23:30,Sunday
panda,9.2624,7.8385,rain,moderate rain,stations,24.49,25.34,24.49,24.49,1012,90,1012,968,10000,3.5,359,7.42,95,2026-06-28 17:18:25,2026-06-28 05:11:59,2026-06-28 17:51:31,NG,Maitama,2026-06-28 17:18:25.435628,17,2026-06-28,17:18:25,Sunday
gurara,9.322,7.0232,clouds,overcast clouds,stations,30.09,34.08,30.09,30.09,1009,65,1009,970,10000,0.52,30,0.79,87,2026-06-28 17:18:25,2026-06-28 05:15:08,2026-06-28 17:54:54,NG,Suleja,2026-06-28 17:18:25.563451,17,2026-06-28,17:18:25,Sunday
bwari,9.2856,7.3787,rain,moderate rain,stations,26.01,26.01,26.01,26.01,1011,79,1011,949,10000,2.37,53,2.82,89,2026-06-28 17:18:25,2026-06-28 05:13:47,2026-06-28 17:53:24,NG,Maitama,2026-06-28 17:18:25.688667,17,2026-06-28,17:18:25,Sunday
gwagwalada,9.0764,6.9854,clouds,broken clouds,stations,31.05,35.21,31.05,31.05,1009,61,1009,986,10000,1.16,351,1.68,75,2026-06-28 17:18:25,2026-06-28 05:15:44,2026-06-28 17:54:36,NG,Kwali,2026-06-28 17:18:25.812725,17,2026-06-28,17:18:25,Sunday
makurdi,7.7306,8.5361,clouds,broken clouds,stations,29.79,33.43,29.79,29.79,1008,65,1008,997,10000,3.99,183,8.24,70,2026-06-28 17:18:25,2026-06-28 05:11:55,2026-06-28 17:46:01,NG,Walmayo,2026-06-28 17:18:25.934105,17,2026-06-28,17:18:25,Sunday
panda,9.2624,7.8385,rain,light rain,stations,22.65,23.45,22.65,22.65,1013,95,1013,969,10000,1.98,63,4.76,100,2026-06-28 19:36:49,2026-06-28 05:11:59,2026-06-28 17:51:31,NG,Maitama,2026-06-28 19:36:50.045449,19,2026-06-28,19:36:49,Sunday
gurara,9.322,7.0232,rain,moderate rain,stations,24.2,24.97,24.2,24.2,1013,88,1013,972,10000,2.25,151,3.77,100,2026-06-28 19:36:50,2026-06-28 05:15:08,2026-06-28 17:54:54,NG,Suleja,2026-06-28 19:36:50.636786,19,2026-06-28,19:36:50,Sunday
bwari,9.2856,7.3787,rain,light rain,stations,22.78,23.46,22.78,22.78,1013,90,1013,951,10000,0.9,164,2.43,100,2026-06-28 19:36:50,2026-06-28 05:13:47,2026-06-28 17:53:24,NG,Maitama,2026-06-28 19:36:51.247813,19,2026-06-28,19:36:50,Sunday
gwagwalada,9.0764,6.9854,rain,heavy intensity rain,stations,24.67,25.59,24.67,24.67,1012,92,1012,989,10000,2.8,156,5.27,100,2026-06-28 19:36:51,2026-06-28 05:15:44,2026-06-28 17:54:36,NG,Kwali,2026-06-28 19:36:51.848108,19,2026-06-28,19:36:51,Sunday
makurdi,7.7306,8.5361,rain,light rain,stations,25.42,26.29,25.42,25.42,1012,87,1012,1001,10000,2.21,194,6.33,11,2026-06-28 19:36:51,2026-06-28 05:11:55,2026-06-28 17:46:01,NG,Walmayo,2026-06-28 19:36:52.448828,19,2026-06-28,19:36:51,Sunday
panda,9.2624,7.8385,clouds,overcast clouds,stations,22.54,23.28,22.54,22.54,1013,93,1013,969,10000,1.8,312,2.09,100,2026-06-28 21:07:42,2026-06-28 05:11:59,2026-06-28 17:51:31,NG,Maitama,2026-06-28 21:07:42.662701,21,2026-06-28,21:07:42,Sunday
gurara,9.322,7.0232,rain,light rain,stations,23.42,24.25,23.42,23.42,1013,93,1013,972,10000,2.58,169,7.19,100,2026-06-28 21:07:42,2026-06-28 05:15:08,2026-06-28 17:54:54,NG,Suleja,2026-06-28 21:07:42.765484,21,2026-06-28,21:07:42,Sunday
bwari,9.2856,7.3787,rain,light rain,stations,22.48,23.16,22.48,22.48,1014,91,1014,951,10000,1.34,151,2.62,100,2026-06-28 21:07:42,2026-06-28 05:13:47,2026-06-28 17:53:24,NG,Maitama,2026-06-28 21:07:42.861539,21,2026-06-28,21:07:42,Sunday
gwagwalada,9.0764,6.9854,rain,moderate rain,stations,24.01,24.95,24.01,24.01,1013,95,1013,989,10000,3.54,195,7.9,100,2026-06-28 21:07:42,2026-06-28 05:15:44,2026-06-28 17:54:36,NG,Kwali,2026-06-28 21:07:42.961137,21,2026-06-28,21:07:42,Sunday
makurdi,7.7306,8.5361,clouds,few clouds,stations,25.09,25.95,25.09,25.09,1012,88,1012,1001,10000,2.69,199,8.36,24,2026-06-28 21:07:43,2026-06-28 05:11:55,2026-06-28 17:46:01,NG,Walmayo,2026-06-28 21:07:43.052938,21,2026-06-28,21:07:43,Sunday
panda,9.2624,7.8385,clouds,overcast clouds,stations,22.87,23.56,22.87,22.87,1013,90,1013,970,10000,1.27,11,1.44,100,2026-06-28 23:08:36,2026-06-29 05:12:13,2026-06-29 17:51:41,NG,Maitama,2026-06-28 23:08:37.444933,23,2026-06-28,23:08:36,Sunday
gurara,9.322,7.0232,clouds,overcast clouds,stations,23.17,24.0,23.17,23.17,1012,94,1012,972,10000,0.37,180,1.11,100,2026-06-28 23:08:37,2026-06-29 05:15:22,2026-06-29 17:55:03,NG,Suleja,2026-06-28 23:08:37.995426,23,2026-06-28,23:08:37,Sunday
bwari,9.2856,7.3787,clouds,overcast clouds,stations,22.48,23.11,22.48,22.48,1013,89,1013,950,10000,0.87,55,0.97,100,2026-06-28 23:08:38,2026-06-29 05:14:01,2026-06-29 17:53:33,NG,Maitama,2026-06-28 23:08:38.548283,23,2026-06-28,23:08:38,Sunday
gwagwalada,9.0764,6.9854,clouds,overcast clouds,stations,23.9,24.8,23.9,23.9,1012,94,1012,989,10000,0.32,154,0.78,100,2026-06-28 23:08:38,2026-06-29 05:15:57,2026-06-29 17:54:45,NG,Kwali,2026-06-28 23:08:38.987073,23,2026-06-28,23:08:38,Sunday
makurdi,7.7337,8.5371,rain,light rain,stations,24.3,25.19,24.3,24.3,1013,92,1013,1001,10000,3.35,213,10.42,22,2026-06-28 23:00:07,2026-06-29 05:12:07,2026-06-29 17:46:10,NG,Walmayo,2026-06-28 23:08:39.037192,23,2026-06-28,23:00:07,Sunday
panda,9.2624,7.8385,rain,light rain,stations,22.49,23.22,22.49,22.49,1013,93,1013,969,10000,0.54,334,0.63,88,2026-06-29 04:23:24,2026-06-29 05:12:13,2026-06-29 17:51:41,NG,Maitama,2026-06-29 04:23:24.772501,4,2026-06-29,04:23:24,Monday
gurara,9.322,7.0232,rain,moderate rain,stations,22.66,23.44,22.66,22.66,1013,94,1013,972,10000,0.45,242,0.91,99,2026-06-29 04:23:24,2026-06-29 05:15:22,2026-06-29 17:55:03,NG,Suleja,2026-06-29 04:23:24.883413,4,2026-06-29,04:23:24,Monday
bwari,9.2856,7.3787,rain,moderate rain,stations,21.22,21.9,21.22,21.22,1013,96,1013,950,10000,0.42,341,0.75,98,2026-06-29 04:23:24,2026-06-29 05:14:01,2026-06-29 17:53:33,NG,Maitama,2026-06-29 04:23:25.471956,4,2026-06-29,04:23:24,Monday
gwagwalada,9.0764,6.9854,rain,moderate rain,stations,23.31,24.15,23.31,23.31,1012,94,1012,989,10000,1.11,291,1.72,95,2026-06-29 04:23:25,2026-06-29 05:15:57,2026-06-29 17:54:45,NG,Kwali,2026-06-29 04:23:26.069784,4,2026-06-29,04:23:25,Monday
makurdi,7.7306,8.5361,clouds,overcast clouds,stations,23.04,23.93,23.04,23.04,1012,97,1012,1001,10000,2.4,215,8.36,88,2026-06-29 04:23:26,2026-06-29 05:12:08,2026-06-29 17:46:10,NG,Walmayo,2026-06-29 04:23:26.663330,4,2026-06-29,04:23:26,Monday
panda,9.2624,7.8385,clouds,overcast clouds,stations,29.84,32.92,29.84,29.84,1013,62,1013,970,10000,1.73,212,1.73,91,2026-06-29 11:09:19,2026-06-29 05:12:13,2026-06-29 17:51:41,NG,Maitama,2026-06-29 11:09:19.409961,11,2026-06-29,11:09:19,Monday
gurara,9.322,7.0232,clouds,overcast clouds,stations,27.8,30.41,27.8,27.8,1012,71,1012,972,10000,2.51,199,3.13,98,2026-06-29 11:09:19,2026-06-29 05:15:22,2026-06-29 17:55:03,NG,Suleja,2026-06-29 11:09:19.500734,11,2026-06-29,11:09:19,Monday
bwari,9.2856,7.3787,clouds,overcast clouds,stations,27.3,29.28,27.3,27.3,1013,69,1013,951,10000,2.66,211,2.75,96,2026-06-29 11:09:19,2026-06-29 05:14:01,2026-06-29 17:53:33,NG,Maitama,2026-06-29 11:09:19.655232,11,2026-06-29,11:09:19,Monday
gwagwalada,9.0764,6.9854,clouds,overcast clouds,stations,29.46,32.75,29.46,29.46,1012,65,1012,989,10000,2.57,217,2.52,97,2026-06-29 11:09:19,2026-06-29 05:15:57,2026-06-29 17:54:45,NG,Kwali,2026-06-29 11:09:19.746870,11,2026-06-29,11:09:19,Monday
makurdi,7.7306,8.5361,rain,light rain,stations,30.57,33.95,30.57,30.57,1012,60,1012,1001,10000,3.03,234,3.73,82,2026-06-29 11:09:19,2026-06-29 05:12:08,2026-06-29 17:46:10,NG,Walmayo,2026-06-29 11:09:19.847741,11,2026-06-29,11:09:19,Monday
panda,9.2624,7.8385,rain,light rain,stations,29.07,32.69,29.07,29.07,1010,69,1010,967,10000,1.94,213,2.93,92,2026-06-29 15:58:10,2026-06-29 05:12:13,2026-06-29 17:51:41,NG,Maitama,2026-06-29 15:58:10.760468,15,2026-06-29,15:58:10,Monday
gurara,9.322,7.0232,rain,light rain,stations,28.83,32.36,28.83,28.83,1010,70,1010,969,10000,2.11,190,2.84,88,2026-06-29 15:58:10,2026-06-29 05:15:22,2026-06-29 17:55:03,NG,Suleja,2026-06-29 15:58:10.924526,15,2026-06-29,15:58:10,Monday
bwari,9.2856,7.3787,rain,light rain,stations,26.77,29.16,26.77,26.77,1010,79,1010,948,10000,1.73,206,2.73,97,2026-06-29 15:58:11,2026-06-29 05:14:01,2026-06-29 17:53:33,NG,Maitama,2026-06-29 15:58:11.102838,15,2026-06-29,15:58:11,Monday
gwagwalada,9.0764,6.9854,rain,light rain,stations,30.19,34.07,30.19,30.19,1009,64,1009,987,10000,1.74,192,2.59,93,2026-06-29 15:58:11,2026-06-29 05:15:57,2026-06-29 17:54:45,NG,Kwali,2026-06-29 15:58:11.273254,15,2026-06-29,15:58:11,Monday
makurdi,7.7306,8.5361,rain,light rain,stations,29.47,34.0,29.47,29.47,1009,71,1009,998,10000,2.77,218,4.59,100,2026-06-29 15:58:11,2026-06-29 05:12:08,2026-06-29 17:46:10,NG,Walmayo,2026-06-29 15:58:11.430216,15,2026-06-29,15:58:11,Monday
panda,9.2624,7.8385,clouds,overcast clouds,stations,25.07,25.9,25.07,25.07,1010,87,1010,967,10000,2.16,211,5.23,85,2026-06-29 18:18:15,2026-06-29 05:12:13,2026-06-29 17:51:41,NG,Maitama,2026-06-29 18:18:15.054497,18,2026-06-29,18:18:15,Monday
gurara,9.322,7.0232,rain,light rain,stations,25.39,26.18,25.39,25.39,1010,84,1010,969,10000,1.74,202,2.57,66,2026-06-29 18:18:15,2026-06-29 05:15:22,2026-06-29 17:55:03,NG,Suleja,2026-06-29 18:18:15.141135,18,2026-06-29,18:18:15,Monday
bwari,9.2856,7.3787,rain,light rain,stations,23.73,24.51,23.73,23.73,1011,90,1011,948,10000,2.25,206,4.73,76,2026-06-29 18:18:15,2026-06-29 05:14:01,2026-06-29 17:53:33,NG,Maitama,2026-06-29 18:18:15.234081,18,2026-06-29,18:18:15,Monday
gwagwalada,9.0764,6.9854,clouds,broken clouds,stations,27.28,30.05,27.28,27.28,1010,77,1010,987,10000,2.03,188,4.6,83,2026-06-29 18:18:15,2026-06-29 05:15:57,2026-06-29 17:54:45,NG,Kwali,2026-06-29 18:18:15.328781,18,2026-06-29,18:18:15,Monday
makurdi,7.7306,8.5361,clouds,overcast clouds,stations,26.25,26.25,26.25,26.25,1010,83,1010,999,10000,2.84,212,7.21,98,2026-06-29 18:18:15,2026-06-29 05:12:08,2026-06-29 17:46:10,NG,Walmayo,2026-06-29 18:18:15.420270,18,2026-06-29,18:18:15,Monday
panda,9.2624,7.8385,rain,light rain,stations,23.88,24.62,23.88,23.88,1015,88,1015,971,10000,0.45,171,0.52,27,2026-06-29 21:38:25,2026-06-29 05:12:13,2026-06-29 17:51:41,NG,Maitama,2026-06-29 21:38:25.046381,21,2026-06-29,21:38:25,Monday
gurara,9.322,7.0232,rain,light rain,stations,23.66,24.46,23.66,23.66,1014,91,1014,973,10000,1.81,167,5.78,36,2026-06-29 21:38:25,2026-06-29 05:15:22,2026-06-29 17:55:03,NG,Suleja,2026-06-29 21:38:25.140648,21,2026-06-29,21:38:25,Monday
bwari,9.2856,7.3787,rain,moderate rain,stations,22.11,22.8,22.11,22.11,1015,93,1015,952,10000,1.27,178,2.2,31,2026-06-29 21:38:25,2026-06-29 05:14:01,2026-06-29 17:53:33,NG,Maitama,2026-06-29 21:38:25.232608,21,2026-06-29,21:38:25,Monday
gwagwalada,9.0764,6.9854,clouds,scattered clouds,stations,24.43,25.25,24.43,24.43,1014,89,1014,990,10000,1.62,175,5.67,31,2026-06-29 21:38:25,2026-06-29 05:15:57,2026-06-29 17:54:45,NG,Kwali,2026-06-29 21:38:25.325548,21,2026-06-29,21:38:25,Monday
makurdi,7.7306,8.5361,clouds,few clouds,stations,24.83,25.64,24.83,24.83,1014,87,1014,1003,10000,3.26,208,8.84,16,2026-06-29 21:38:25,2026-06-29 05:12:08,2026-06-29 17:46:10,NG,Walmayo,2026-06-29 21:38:25.415570,21,2026-06-29,21:38:25,Monday
panda,9.2624,7.8385,clouds,scattered clouds,stations,23.67,24.42,23.67,23.67,1015,89,1015,971,10000,1.2,185,1.28,42,2026-06-29 23:02:28,2026-06-30 05:12:27,2026-06-30 17:51:49,NG,Maitama,2026-06-29 23:02:28.804278,23,2026-06-29,23:02:28,Monday
gurara,9.322,7.0232,rain,moderate rain,stations,22.97,23.78,22.97,22.97,1014,94,1014,973,10000,1.85,165,4.79,48,2026-06-29 23:02:28,2026-06-30 05:15:36,2026-06-30 17:55:11,NG,Suleja,2026-06-29 23:02:29.394713,23,2026-06-29,23:02:28,Monday
bwari,9.2856,7.3787,rain,light rain,stations,21.91,22.61,21.91,21.91,1015,94,1015,952,10000,1.36,191,2.11,44,2026-06-29 23:02:29,2026-06-30 05:14:15,2026-06-30 17:53:42,NG,Maitama,2026-06-29 23:02:29.989672,23,2026-06-29,23:02:29,Monday
gwagwalada,9.0764,6.9854,rain,light rain,stations,23.86,24.73,23.86,23.86,1014,93,1014,991,10000,1.29,166,2.8,35,2026-06-29 23:02:30,2026-06-30 05:16:11,2026-06-30 17:54:54,NG,Kwali,2026-06-29 23:02:30.579882,23,2026-06-29,23:02:30,Monday
makurdi,7.7306,8.5361,clouds,few clouds,stations,24.37,25.19,24.37,24.37,1014,89,1014,1003,10000,3.46,206,9.33,16,2026-06-29 23:02:30,2026-06-30 05:12:22,2026-06-30 17:46:19,NG,Walmayo,2026-06-29 23:02:31.167520,23,2026-06-29,23:02:30,Monday
panda,9.2624,7.8385,rain,light rain,stations,22.7,23.56,22.7,22.7,1014,97,1014,970,10000,1.6,213,5.05,100,2026-06-30 04:03:18,2026-06-30 05:12:27,2026-06-30 17:51:49,NG,Maitama,2026-06-30 04:03:18.448869,4,2026-06-30,04:03:18,Tuesday
gurara,9.322,7.0232,rain,light rain,stations,22.19,23.02,22.19,22.19,1014,98,1014,972,10000,2.23,186,5.87,100,2026-06-30 04:03:18,2026-06-30 05:15:36,2026-06-30 17:55:11,NG,Suleja,2026-06-30 04:03:18.585043,4,2026-06-30,04:03:18,Tuesday
bwari,9.2856,7.3787,rain,light rain,stations,21.25,21.99,21.25,21.25,1014,98,1014,951,10000,2.43,206,6.76,99,2026-06-30 04:03:18,2026-06-30 05:14:15,2026-06-30 17:53:42,NG,Maitama,2026-06-30 04:03:18.717276,4,2026-06-30,04:03:18,Tuesday
gwagwalada,9.0764,6.9854,rain,light rain,stations,23.22,24.05,23.22,23.22,1013,94,1013,990,10000,2.1,184,5.36,100,2026-06-30 04:03:18,2026-06-30 05:16:11,2026-06-30 17:54:54,NG,Kwali,2026-06-30 04:03:18.844971,4,2026-06-30,04:03:18,Tuesday
makurdi,7.7306,8.5361,clouds,broken clouds,stations,22.88,23.7,22.88,22.88,1014,95,1014,1002,10000,2.34,222,7.85,73,2026-06-30 04:03:18,2026-06-30 05:12:22,2026-06-30 17:46:19,NG,Walmayo,2026-06-30 04:03:18.979092,4,2026-06-30,04:03:18,Tuesday
panda,9.2624,7.8385,rain,light rain,stations,26.86,29.18,26.86,26.86,1016,77,1016,972,10000,2.08,193,2.21,96,2026-06-30 09:48:41,2026-06-30 05:12:27,2026-06-30 17:51:49,NG,Maitama,2026-06-30 09:48:41.820613,9,2026-06-30,09:48:41,Tuesday
gurara,9.322,7.0232,rain,light rain,stations,25.54,26.32,25.54,25.54,1016,83,1016,975,10000,2.27,189,3.05,100,2026-06-30 09:48:41,2026-06-30 05:15:36,2026-06-30 17:55:11,NG,Suleja,2026-06-30 09:48:42.413375,9,2026-06-30,09:48:41,Tuesday
bwari,9.2856,7.3787,clouds,overcast clouds,stations,23.64,24.36,23.64,23.64,1016,88,1016,954,10000,1.94,201,2.65,100,2026-06-30 09:48:42,2026-06-30 05:14:15,2026-06-30 17:53:42,NG,Maitama,2026-06-30 09:48:43.017190,9,2026-06-30,09:48:42,Tuesday
gwagwalada,9.0764,6.9854,clouds,overcast clouds,stations,27.52,30.21,27.52,27.52,1015,74,1015,992,10000,1.78,189,2.36,100,2026-06-30 09:48:43,2026-06-30 05:16:11,2026-06-30 17:54:54,NG,Kwali,2026-06-30 09:48:43.621656,9,2026-06-30,09:48:43,Tuesday
makurdi,7.7306,8.5361,rain,light rain,stations,27.71,30.35,27.71,27.71,1015,72,1015,1004,10000,2.74,253,3.73,100,2026-06-30 09:48:43,2026-06-30 05:12:22,2026-06-30 17:46:19,NG,Walmayo,2026-06-30 09:48:44.209614,9,2026-06-30,09:48:43,Tuesday
panda,9.2624,7.8385,rain,light rain,stations,28.55,31.77,28.55,28.55,1014,70,1014,971,10000,1.09,162,1.11,99,2026-06-30 12:13:41,2026-06-30 05:12:27,2026-06-30 17:51:49,NG,Maitama,2026-06-30 12:13:41.113996,12,2026-06-30,12:13:41,Tuesday
gurara,9.322,7.0232,clouds,overcast clouds,stations,29.55,32.74,29.55,29.55,1014,64,1014,974,10000,1.36,192,1.23,99,2026-06-30 12:13:41,2026-06-30 05:15:36,2026-06-30 17:55:11,NG,Suleja,2026-06-30 12:13:41.279066,12,2026-06-30,12:13:41,Tuesday
bwari,9.2856,7.3787,rain,light rain,stations,27.68,30.3,27.68,27.68,1014,72,1014,953,10000,1.01,221,0.94,100,2026-06-30 12:13:41,2026-06-30 05:14:15,2026-06-30 17:53:42,NG,Maitama,2026-06-30 12:13:41.436025,12,2026-06-30,12:13:41,Tuesday
gwagwalada,9.0764,6.9854,clouds,overcast clouds,stations,31.21,35.04,31.21,31.21,1014,59,1014,991,10000,1.42,183,1.28,95,2026-06-30 12:13:41,2026-06-30 05:16:11,2026-06-30 17:54:54,NG,Kwali,2026-06-30 12:13:41.599919,12,2026-06-30,12:13:41,Tuesday
makurdi,7.7306,8.5361,rain,moderate rain,stations,29.37,33.15,29.37,29.37,1014,68,1014,1003,10000,1.49,276,1.99,91,2026-06-30 12:13:41,2026-06-30 05:12:22,2026-06-30 17:46:19,NG,Walmayo,2026-06-30 12:13:41.764007,12,2026-06-30,12:13:41,Tuesday
panda,9.2624,7.8385,clouds,overcast clouds,stations,25.72,26.62,25.72,25.72,1012,87,1012,969,10000,1.36,147,2.6,99,2026-06-30 16:24:19,2026-06-30 05:12:27,2026-06-30 17:51:49,NG,Maitama,2026-06-30 16:24:19.712848,16,2026-06-30,16:24:19,Tuesday
gurara,9.322,7.0232,clouds,overcast clouds,stations,28.33,31.32,28.33,28.33,1011,70,1011,971,10000,1.1,193,1.41,96,2026-06-30 16:24:19,2026-06-30 05:15:36,2026-06-30 17:55:11,NG,Suleja,2026-06-30 16:24:20.270182,16,2026-06-30,16:24:19,Tuesday
bwari,9.2856,7.3787,clouds,overcast clouds,stations,26.07,26.07,26.07,26.07,1012,79,1012,950,10000,1.63,137,2.94,95,2026-06-30 16:24:20,2026-06-30 05:14:15,2026-06-30 17:53:42,NG,Maitama,2026-06-30 16:24:20.821767,16,2026-06-30,16:24:20,Tuesday
gwagwalada,9.0764,6.9854,clouds,broken clouds,stations,30.0,33.66,30.0,30.0,1011,64,1011,988,10000,0.21,179,1.23,84,2026-06-30 16:24:20,2026-06-30 05:16:11,2026-06-30 17:54:54,NG,Kwali,2026-06-30 16:24:21.376533,16,2026-06-30,16:24:20,Tuesday
makurdi,7.7306,8.5361,rain,moderate rain,stations,24.83,25.74,24.83,24.83,1012,91,1012,1001,10000,2.36,71,4.82,81,2026-06-30 16:24:21,2026-06-30 05:12:22,2026-06-30 17:46:19,NG,Walmayo,2026-06-30 16:24:21.925046,16,2026-06-30,16:24:21,Tuesday
panda,9.2624,7.8385,clouds,overcast clouds,stations,23.29,24.16,23.29,23.29,1013,95,1013,969,10000,0.79,269,0.93,100,2026-06-30 20:04:41,2026-06-30 05:12:27,2026-06-30 17:51:49,NG,Maitama,2026-06-30 20:04:42.458926,20,2026-06-30,20:04:41,Tuesday
gurara,9.322,7.0232,clouds,overcast clouds,stations,23.98,24.81,23.98,23.98,1013,91,1013,972,10000,0.36,205,0.46,99,2026-06-30 20:04:42,2026-06-30 05:15:36,2026-06-30 17:55:11,NG,Suleja,2026-06-30 20:04:43.083187,20,2026-06-30,20:04:42,Tuesday
bwari,9.2856,7.3787,clouds,overcast clouds,stations,22.28,23.02,22.28,22.28,1013,94,1013,950,10000,1.1,232,1.12,100,2026-06-30 20:04:43,2026-06-30 05:14:15,2026-06-30 17:53:42,NG,Maitama,2026-06-30 20:04:43.356323,20,2026-06-30,20:04:43,Tuesday
gwagwalada,9.0764,6.9854,clouds,overcast clouds,stations,24.97,25.85,24.97,24.97,1012,89,1012,989,10000,0.57,161,0.62,92,2026-06-30 20:04:43,2026-06-30 05:16:11,2026-06-30 17:54:54,NG,Kwali,2026-06-30 20:04:44.015635,20,2026-06-30,20:04:43,Tuesday
makurdi,7.7306,8.5361,clouds,overcast clouds,stations,23.85,24.75,23.85,23.85,1012,94,1012,1001,10000,1.55,185,1.89,98,2026-06-30 20:04:44,2026-06-30 05:12:22,2026-06-30 17:46:19,NG,Walmayo,2026-06-30 20:04:44.638024,20,2026-06-30,20:04:44,Tuesday
panda,9.2624,7.8385,clouds,overcast clouds,stations,22.73,23.57,22.73,22.73,1015,96,1015,971,10000,0.96,187,0.98,97,2026-06-30 23:17:17,2026-07-01 05:12:41,2026-07-01 17:51:57,NG,Maitama,2026-06-30 23:17:17.861548,23,2026-06-30,23:17:17,Tuesday
gurara,9.322,7.0232,clouds,overcast clouds,stations,23.2,24.03,23.2,23.2,1014,94,1014,973,10000,0.71,144,0.74,97,2026-06-30 23:17:17,2026-07-01 05:15:50,2026-07-01 17:55:19,NG,Suleja,2026-06-30 23:17:18.224811,23,2026-06-30,23:17:17,Tuesday
bwari,9.2856,7.3787,clouds,overcast clouds,stations,21.9,22.6,21.9,21.9,1015,94,1015,952,10000,0.96,144,0.99,100,2026-06-30 23:17:18,2026-07-01 05:14:29,2026-07-01 17:53:50,NG,Maitama,2026-06-30 23:17:18.815079,23,2026-06-30,23:17:18,Tuesday
gwagwalada,9.0764,6.9854,clouds,overcast clouds,stations,24.11,24.98,24.11,24.11,1014,92,1014,991,10000,0.86,142,0.86,90,2026-06-30 23:17:18,2026-07-01 05:16:25,2026-07-01 17:55:02,NG,Kwali,2026-06-30 23:17:19.413266,23,2026-06-30,23:17:18,Tuesday
makurdi,7.7306,8.5361,clouds,overcast clouds,stations,23.73,24.64,23.73,23.73,1014,95,1014,1003,10000,1.09,227,1.85,99,2026-06-30 23:17:19,2026-07-01 05:12:35,2026-07-01 17:46:28,NG,Walmayo,2026-06-30 23:17:19.996014,23,2026-06-30,23:17:19,Tuesday
panda,9.2624,7.8385,clouds,broken clouds,stations,22.79,23.63,22.79,22.79,1014,96,1014,970,10000,1.02,186,1.03,80,2026-07-01 04:19:13,2026-07-01 05:12:41,2026-07-01 17:51:57,NG,Maitama,2026-07-01 04:19:13.407894,4,2026-07-01,04:19:13,Wednesday
gurara,9.322,7.0232,rain,light rain,stations,23.11,23.93,23.11,23.11,1013,94,1013,972,10000,1.21,198,1.24,99,2026-07-01 04:19:13,2026-07-01 05:15:50,2026-07-01 17:55:19,NG,Suleja,2026-07-01 04:19:13.502907,4,2026-07-01,04:19:13,Wednesday
bwari,9.2856,7.3787,clouds,overcast clouds,stations,21.92,22.65,21.92,21.92,1014,95,1014,951,10000,1.09,191,1.1,96,2026-07-01 04:19:13,2026-07-01 05:14:29,2026-07-01 17:53:50,NG,Maitama,2026-07-01 04:19:13.593634,4,2026-07-01,04:19:13,Wednesday
gwagwalada,9.0764,6.9854,rain,light rain,stations,23.33,24.23,23.33,23.33,1013,96,1013,990,10000,1.39,204,1.59,87,2026-07-01 04:19:13,2026-07-01 05:16:25,2026-07-01 17:55:02,NG,Kwali,2026-07-01 04:19:13.683059,4,2026-07-01,04:19:13,Wednesday
makurdi,7.7306,8.5361,rain,moderate rain,stations,23.28,24.17,23.28,23.28,1013,96,1013,1002,10000,2.0,211,6.4,95,2026-07-01 04:19:13,2026-07-01 05:12:35,2026-07-01 17:46:28,NG,Walmayo,2026-07-01 04:19:13.772507,4,2026-07-01,04:19:13,Wednesday
panda,9.2624,7.8385,clouds,overcast clouds,stations,28.33,31.32,28.33,28.33,1015,70,1015,972,10000,1.62,189,1.55,87,2026-07-01 09:57:56,2026-07-01 05:12:41,2026-07-01 17:51:57,NG,Maitama,2026-07-01 09:57:57.342206,9,2026-07-01,09:57:56,Wednesday
gurara,9.322,7.0232,rain,light rain,stations,27.56,30.41,27.56,27.56,1015,75,1015,974,10000,2.08,206,2.03,80,2026-07-01 09:57:57,2026-07-01 05:15:50,2026-07-01 17:55:19,NG,Suleja,2026-07-01 09:57:57.904740,9,2026-07-01,09:57:57,Wednesday
bwari,9.2856,7.3787,clouds,broken clouds,stations,26.83,28.88,26.83,26.83,1015,74,1015,953,10000,1.99,206,1.75,76,2026-07-01 09:57:57,2026-07-01 05:14:29,2026-07-01 17:53:50,NG,Maitama,2026-07-01 09:57:58.465030,9,2026-07-01,09:57:57,Wednesday
gwagwalada,9.0764,6.9854,clouds,broken clouds,stations,28.61,32.23,28.61,28.61,1015,72,1015,992,10000,1.96,219,1.88,74,2026-07-01 09:57:58,2026-07-01 05:16:25,2026-07-01 17:55:02,NG,Kwali,2026-07-01 09:57:59.029889,9,2026-07-01,09:57:58,Wednesday
makurdi,7.7306,8.5361,clouds,broken clouds,stations,29.48,32.99,29.48,29.48,1014,66,1014,1003,10000,2.76,234,3.42,75,2026-07-01 09:57:59,2026-07-01 05:12:35,2026-07-01 17:46:28,NG,Walmayo,2026-07-01 09:57:59.585185,9,2026-07-01,09:57:59,Wednesday
panda,9.2624,7.8385,clouds,overcast clouds,stations,28.85,31.55,28.85,28.85,1013,65,1013,970,10000,1.34,111,1.24,100,2026-07-01 12:41:02,2026-07-01 05:12:41,2026-07-01 17:51:57,NG,Maitama,2026-07-01 12:41:02.744334,12,2026-07-01,12:41:02,Wednesday
gurara,9.322,7.0232,clouds,overcast clouds,stations,29.7,32.84,29.7,29.7,1012,63,1012,972,10000,1.49,222,1.2,91,2026-07-01 12:41:02,2026-07-01 05:15:50,2026-07-01 17:55:19,NG,Suleja,2026-07-01 12:41:02.833945,12,2026-07-01,12:41:02,Wednesday
bwari,9.2856,7.3787,rain,light rain,stations,27.22,29.52,27.22,27.22,1013,73,1013,951,10000,1.17,236,1.16,97,2026-07-01 12:41:02,2026-07-01 05:14:29,2026-07-01 17:53:50,NG,Maitama,2026-07-01 12:41:02.923337,12,2026-07-01,12:41:02,Wednesday
gwagwalada,9.0764,6.9854,clouds,overcast clouds,stations,30.39,33.81,30.39,30.39,1012,61,1012,989,10000,1.77,226,1.32,96,2026-07-01 12:41:03,2026-07-01 05:16:25,2026-07-01 17:55:02,NG,Kwali,2026-07-01 12:41:03.020316,12,2026-07-01,12:41:03,Wednesday
makurdi,7.7306,8.5361,rain,light rain,stations,30.34,34.16,30.34,30.34,1012,63,1012,1001,10000,1.61,227,1.75,100,2026-07-01 12:41:03,2026-07-01 05:12:35,2026-07-01 17:46:28,NG,Walmayo,2026-07-01 12:41:03.112257,12,2026-07-01,12:41:03,Wednesday
panda,9.2624,7.8385,rain,light rain,stations,30.13,32.88,30.13,30.13,1011,59,1011,968,10000,0.97,260,1.06,63,2026-07-01 16:29:28,2026-07-01 05:12:41,2026-07-01 17:51:57,NG,Maitama,2026-07-01 16:29:28.837955,16,2026-07-01,16:29:28,Wednesday
gurara,9.322,7.0232,rain,light rain,stations,28.5,31.99,28.5,28.5,1011,72,1011,971,10000,1.54,239,1.41,65,2026-07-01 16:29:28,2026-07-01 05:15:50,2026-07-01 17:55:19,NG,Suleja,2026-07-01 16:29:28.927223,16,2026-07-01,16:29:28,Wednesday
bwari,9.2856,7.3787,rain,light rain,stations,27.14,29.46,27.14,27.14,1011,74,1011,950,10000,1.61,254,1.33,70,2026-07-01 16:29:29,2026-07-01 05:14:29,2026-07-01 17:53:50,NG,Maitama,2026-07-01 16:29:29.018061,16,2026-07-01,16:29:29,Wednesday
gwagwalada,9.0764,6.9854,rain,light rain,stations,29.94,33.97,29.94,29.94,1011,66,1011,988,10000,1.49,241,1.63,75,2026-07-01 16:29:29,2026-07-01 05:16:25,2026-07-01 17:55:02,NG,Kwali,2026-07-01 16:29:29.115831,16,2026-07-01,16:29:29,Wednesday
makurdi,7.7306,8.5361,rain,light rain,stations,29.7,33.88,29.7,29.7,1010,68,1010,999,10000,2.01,214,2.58,95,2026-07-01 16:29:29,2026-07-01 05:12:35,2026-07-01 17:46:28,NG,Walmayo,2026-07-01 16:29:29.204233,16,2026-07-01,16:29:29,Wednesday
panda,9.2624,7.8385,rain,light rain,stations,24.24,25.02,24.24,24.24,1014,88,1014,971,10000,1.55,231,2.02,75,2026-07-01 20:02:27,2026-07-01 05:12:41,2026-07-01 17:51:57,NG,Maitama,2026-07-01 20:02:27.564313,20,2026-07-01,20:02:27,Wednesday
gurara,9.322,7.0232,rain,light rain,stations,24.29,25.02,24.29,24.29,1014,86,1014,973,10000,0.84,196,1.04,57,2026-07-01 20:02:27,2026-07-01 05:15:50,2026-07-01 17:55:19,NG,Suleja,2026-07-01 20:02:27.660725,20,2026-07-01,20:02:27,Wednesday
bwari,9.2856,7.3787,rain,light rain,stations,22.62,23.31,22.62,22.62,1015,91,1015,952,10000,1.32,217,1.92,66,2026-07-01 20:02:27,2026-07-01 05:14:29,2026-07-01 17:53:50,NG,Maitama,2026-07-01 20:02:27.776302,20,2026-07-01,20:02:27,Wednesday
gwagwalada,9.0764,6.9854,clouds,broken clouds,stations,25.48,26.2,25.48,25.48,1014,81,1014,990,10000,0.7,217,0.76,77,2026-07-01 20:02:27,2026-07-01 05:16:25,2026-07-01 17:55:02,NG,Kwali,2026-07-01 20:02:27.880042,20,2026-07-01,20:02:27,Wednesday
makurdi,7.7306,8.5361,clouds,broken clouds,stations,24.88,25.7,24.88,24.88,1013,87,1013,1002,10000,2.14,211,5.15,78,2026-07-01 20:02:27,2026-07-01 05:12:35,2026-07-01 17:46:28,NG,Walmayo,2026-07-01 20:02:27.971178,20,2026-07-01,20:02:27,Wednesday
panda,9.2624,7.8385,rain,light rain,stations,23.56,24.3,23.56,23.56,1015,89,1015,971,10000,0.81,280,0.92,62,2026-07-01 23:19:35,2026-07-02 05:12:55,2026-07-02 17:52:05,NG,Maitama,2026-07-01 23:19:36.091202,23,2026-07-01,23:19:35,Wednesday
gurara,9.322,7.0232,rain,light rain,stations,23.97,24.72,23.97,23.97,1015,88,1015,974,10000,0.89,202,1.59,79,2026-07-01 23:19:36,2026-07-02 05:16:04,2026-07-02 17:55:27,NG,Suleja,2026-07-01 23:19:36.684534,23,2026-07-01,23:19:36,Wednesday
bwari,9.2856,7.3787,clouds,broken clouds,stations,22.25,22.93,22.25,22.25,1015,92,1015,952,10000,1.28,228,1.87,83,2026-07-01 23:19:36,2026-07-02 05:14:43,2026-07-02 17:53:57,NG,Maitama,2026-07-01 23:19:37.283641,23,2026-07-01,23:19:36,Wednesday
gwagwalada,9.0764,6.9854,clouds,broken clouds,stations,24.9,25.64,24.9,24.9,1014,84,1014,991,10000,0.28,190,0.33,80,2026-07-01 23:19:37,2026-07-02 05:16:39,2026-07-02 17:55:10,NG,Kwali,2026-07-01 23:19:37.881182,23,2026-07-01,23:19:37,Wednesday
makurdi,7.7306,8.5361,clouds,broken clouds,stations,24.16,24.93,24.16,24.16,1014,88,1014,1003,10000,2.42,204,7.61,57,2026-07-01 23:19:37,2026-07-02 05:12:49,2026-07-02 17:46:36,NG,Walmayo,2026-07-01 23:19:38.195729,23,2026-07-01,23:19:37,Wednesday
panda,9.2624,7.8385,clouds,broken clouds,stations,22.76,23.52,22.76,22.76,1013,93,1013,970,10000,0.53,211,0.67,78,2026-07-02 03:58:51,2026-07-02 05:12:55,2026-07-02 17:52:05,NG,Maitama,2026-07-02 03:58:51.093906,3,2026-07-02,03:58:51,Thursday
gurara,9.322,7.0232,clouds,overcast clouds,stations,22.51,23.32,22.51,22.51,1013,96,1013,972,10000,1.34,220,2.29,89,2026-07-02 03:58:51,2026-07-02 05:16:04,2026-07-02 17:55:27,NG,Suleja,2026-07-02 03:58:51.185008,3,2026-07-02,03:58:51,Thursday
bwari,9.2856,7.3787,clouds,overcast clouds,stations,21.78,22.49,21.78,21.78,1014,95,1014,951,10000,1.32,222,2.05,88,2026-07-02 03:58:51,2026-07-02 05:14:43,2026-07-02 17:53:57,NG,Maitama,2026-07-02 03:58:51.279263,3,2026-07-02,03:58:51,Thursday
gwagwalada,9.0764,6.9854,clouds,overcast clouds,stations,23.36,24.26,23.36,23.36,1013,96,1013,990,10000,1.51,220,2.93,94,2026-07-02 03:58:51,2026-07-02 05:16:39,2026-07-02 17:55:10,NG,Kwali,2026-07-02 03:58:51.377598,3,2026-07-02,03:58:51,Thursday
makurdi,7.7306,8.5361,clouds,broken clouds,stations,22.93,23.81,22.93,22.93,1013,97,1013,1002,10000,2.69,204,8.11,63,2026-07-02 03:58:51,2026-07-02 05:12:49,2026-07-02 17:46:36,NG,Walmayo,2026-07-02 03:58:51.472360,3,2026-07-02,03:58:51,Thursday
panda,9.2624,7.8385,clouds,few clouds,stations,26.0,26.0,26.0,26.0,1015,81,1015,972,10000,2.0,162,2.67,23,2026-07-02 07:38:49,2026-07-02 05:12:55,2026-07-02 17:52:05,NG,Maitama,2026-07-02 07:38:49.071691,7,2026-07-02,07:38:49,Thursday
gurara,9.322,7.0232,clouds,overcast clouds,stations,25.29,26.09,25.29,25.29,1015,85,1015,974,10000,2.33,181,3.06,92,2026-07-02 07:38:49,2026-07-02 05:16:04,2026-07-02 17:55:27,NG,Suleja,2026-07-02 07:38:49.173293,7,2026-07-02,07:38:49,Thursday
bwari,9.2856,7.3787,clouds,broken clouds,stations,24.67,25.39,24.67,24.67,1015,84,1015,953,10000,2.07,186,2.75,63,2026-07-02 07:38:49,2026-07-02 05:14:43,2026-07-02 17:53:57,NG,Maitama,2026-07-02 07:38:49.265212,7,2026-07-02,07:38:49,Thursday
gwagwalada,9.0764,6.9854,clouds,overcast clouds,stations,26.02,26.02,26.02,26.02,1015,86,1015,992,10000,2.31,188,3.02,95,2026-07-02 07:38:49,2026-07-02 05:16:39,2026-07-02 17:55:10,NG,Kwali,2026-07-02 07:38:49.355870,7,2026-07-02,07:38:49,Thursday
makurdi,7.7306,8.5361,clouds,overcast clouds,stations,25.47,26.34,25.47,25.47,1015,87,1015,1004,10000,2.98,210,4.72,100,2026-07-02 07:38:49,2026-07-02 05:12:49,2026-07-02 17:46:36,NG,Walmayo,2026-07-02 07:38:49.449111,7,2026-07-02,07:38:49,Thursday
panda,9.2624,7.8385,clouds,scattered clouds,stations,31.21,35.04,31.21,31.21,1014,59,1014,971,10000,1.99,156,2.16,46,2026-07-02 10:45:40,2026-07-02 05:12:55,2026-07-02 17:52:05,NG,Maitama,2026-07-02 10:45:40.809480,10,2026-07-02,10:45:40,Thursday
gurara,9.322,7.0232,clouds,broken clouds,stations,28.86,31.9,28.86,28.86,1014,67,1014,974,10000,1.84,190,1.77,76,2026-07-02 10:45:40,2026-07-02 05:16:04,2026-07-02 17:55:27,NG,Suleja,2026-07-02 10:45:40.903648,10,2026-07-02,10:45:40,Thursday
bwari,9.2856,7.3787,clouds,broken clouds,stations,28.78,31.58,28.78,28.78,1014,66,1014,952,10000,1.57,199,1.88,57,2026-07-02 10:45:40,2026-07-02 05:14:43,2026-07-02 17:53:57,NG,Maitama,2026-07-02 10:45:41.002293,10,2026-07-02,10:45:40,Thursday
gwagwalada,9.0764,6.9854,clouds,overcast clouds,stations,29.14,32.66,29.14,29.14,1014,68,1014,991,10000,1.98,198,1.82,90,2026-07-02 10:45:41,2026-07-02 05:16:39,2026-07-02 17:55:10,NG,Kwali,2026-07-02 10:45:41.095991,10,2026-07-02,10:45:41,Thursday
makurdi,7.7306,8.5361,clouds,overcast clouds,stations,26.99,29.53,26.99,26.99,1014,78,1014,1003,10000,2.51,222,3.6,100,2026-07-02 10:45:41,2026-07-02 05:12:49,2026-07-02 17:46:36,NG,Walmayo,2026-07-02 10:45:41.190677,10,2026-07-02,10:45:41,Thursday
panda,9.2624,7.8385,rain,light rain,stations,33.22,36.74,33.22,33.22,1010,50,1010,968,10000,1.16,30,2.75,56,2026-07-02 14:11:49,2026-07-02 05:12:55,2026-07-02 17:52:05,NG,Maitama,2026-07-02 14:11:49.822727,14,2026-07-02,14:11:49,Thursday
gurara,9.322,7.0232,rain,light rain,stations,30.32,34.82,30.32,30.32,1011,66,1011,971,10000,0.95,208,1.04,72,2026-07-02 14:11:49,2026-07-02 05:16:04,2026-07-02 17:55:27,NG,Suleja,2026-07-02 14:11:49.913092,14,2026-07-02,14:11:49,Thursday
bwari,9.2856,7.3787,rain,light rain,stations,28.96,32.28,28.96,28.96,1011,68,1011,950,10000,0.97,246,1.38,54,2026-07-02 14:11:49,2026-07-02 05:14:43,2026-07-02 17:53:57,NG,Maitama,2026-07-02 14:11:50.002906,14,2026-07-02,14:11:49,Thursday
gwagwalada,9.0764,6.9854,rain,light rain,stations,31.21,36.1,31.21,31.21,1011,63,1011,988,10000,1.31,201,0.98,75,2026-07-02 14:11:50,2026-07-02 05:16:39,2026-07-02 17:55:10,NG,Kwali,2026-07-02 14:11:50.092086,14,2026-07-02,14:11:50,Thursday
makurdi,7.7306,8.5361,clouds,scattered clouds,stations,34.04,38.15,34.04,34.04,1010,49,1010,999,10000,0.35,196,0.81,44,2026-07-02 14:11:50,2026-07-02 05:12:49,2026-07-02 17:46:36,NG,Walmayo,2026-07-02 14:11:50.181213,14,2026-07-02,14:11:50,Thursday
panda,9.2624,7.8385,rain,light rain,stations,25.98,25.98,25.98,25.98,1011,83,1011,968,10000,1.31,208,1.83,71,2026-07-02 17:54:17,2026-07-02 05:12:55,2026-07-02 17:52:05,NG,Maitama,2026-07-02 17:54:17.580363,17,2026-07-02,17:54:17,Thursday
gurara,9.322,7.0232,rain,light rain,stations,26.28,26.28,26.28,26.28,1011,82,1011,971,10000,1.3,202,1.43,71,2026-07-02 17:54:17,2026-07-02 05:16:04,2026-07-02 17:55:27,NG,Suleja,2026-07-02 17:54:17.678475,17,2026-07-02,17:54:17,Thursday
bwari,9.2856,7.3787,rain,light rain,stations,24.36,25.18,24.36,24.36,1012,89,1012,949,10000,2.05,242,3.08,54,2026-07-02 17:54:17,2026-07-02 05:14:43,2026-07-02 17:53:57,NG,Maitama,2026-07-02 17:54:17.767752,17,2026-07-02,17:54:17,Thursday
gwagwalada,9.0764,6.9854,clouds,broken clouds,stations,27.61,30.76,27.61,27.61,1011,77,1011,988,10000,1.58,189,1.63,69,2026-07-02 17:54:17,2026-07-02 05:16:39,2026-07-02 17:55:10,NG,Kwali,2026-07-02 17:54:17.861321,17,2026-07-02,17:54:17,Thursday
makurdi,7.7306,8.5361,clouds,scattered clouds,stations,27.83,30.85,27.83,27.83,1011,74,1011,1000,10000,3.33,192,7.31,38,2026-07-02 17:54:17,2026-07-02 05:12:49,2026-07-02 17:46:36,NG,Walmayo,2026-07-02 17:54:17.984196,17,2026-07-02,17:54:17,Thursday
panda,9.2624,7.8385,rain,light rain,stations,25.12,25.96,25.12,25.12,1014,87,1014,970,10000,0.64,297,1.06,85,2026-07-02 19:38:20,2026-07-02 05:12:55,2026-07-02 17:52:05,NG,Maitama,2026-07-02 19:38:20.818127,19,2026-07-02,19:38:20,Thursday
gurara,9.322,7.0232,rain,moderate rain,stations,24.96,25.81,24.96,24.96,1013,88,1013,972,10000,0.59,190,0.84,92,2026-07-02 19:38:20,2026-07-02 05:16:04,2026-07-02 17:55:27,NG,Suleja,2026-07-02 19:38:21.385556,19,2026-07-02,19:38:20,Thursday
bwari,9.2856,7.3787,rain,light rain,stations,23.83,24.54,23.83,23.83,1014,87,1014,951,10000,0.57,178,0.8,77,2026-07-02 19:38:21,2026-07-02 05:14:43,2026-07-02 17:53:57,NG,Maitama,2026-07-02 19:38:21.457577,19,2026-07-02,19:38:21,Thursday
gwagwalada,9.0764,6.9854,rain,moderate rain,stations,25.39,26.31,25.39,25.39,1013,89,1013,990,10000,1.23,181,1.29,65,2026-07-02 19:38:21,2026-07-02 05:16:39,2026-07-02 17:55:10,NG,Kwali,2026-07-02 19:38:22.032197,19,2026-07-02,19:38:21,Thursday
makurdi,7.7306,8.5361,rain,light rain,stations,26.13,26.13,26.13,26.13,1013,80,1013,1001,10000,1.82,227,3.6,72,2026-07-02 19:38:22,2026-07-02 05:12:49,2026-07-02 17:46:36,NG,Walmayo,2026-07-02 19:38:22.607976,19,2026-07-02,19:38:22,Thursday
panda,9.2624,7.8385,clouds,overcast clouds,stations,24.76,25.59,24.76,24.76,1014,88,1014,971,10000,1.13,132,1.17,90,2026-07-02 21:13:39,2026-07-02 05:12:55,2026-07-02 17:52:05,NG,Maitama,2026-07-02 21:13:40.466091,21,2026-07-02,21:13:39,Thursday
gurara,9.322,7.0232,clouds,overcast clouds,stations,24.46,25.31,24.46,24.46,1013,90,1013,972,10000,1.4,199,1.52,95,2026-07-02 21:13:40,2026-07-02 05:16:04,2026-07-02 17:55:27,NG,Suleja,2026-07-02 21:13:41.022700,21,2026-07-02,21:13:40,Thursday
bwari,9.2856,7.3787,clouds,overcast clouds,stations,23.54,24.25,23.54,23.54,1014,88,1014,951,10000,1.04,177,1.22,85,2026-07-02 21:13:41,2026-07-02 05:14:43,2026-07-02 17:53:57,NG,Maitama,2026-07-02 21:13:41.580545,21,2026-07-02,21:13:41,Thursday
gwagwalada,9.0764,6.9854,clouds,broken clouds,stations,25.19,26.14,25.19,25.19,1013,91,1013,990,10000,1.43,202,1.48,77,2026-07-02 21:13:41,2026-07-02 05:16:39,2026-07-02 17:55:10,NG,Kwali,2026-07-02 21:13:42.140012,21,2026-07-02,21:13:41,Thursday
makurdi,7.7306,8.5361,rain,light rain,stations,25.24,26.07,25.24,25.24,1013,86,1013,1002,10000,2.15,238,4.82,67,2026-07-02 21:13:42,2026-07-02 05:12:49,2026-07-02 17:46:36,NG,Walmayo,2026-07-02 21:13:42.695962,21,2026-07-02,21:13:42,Thursday
panda,9.2624,7.8385,clouds,broken clouds,stations,23.85,24.75,23.85,23.85,1014,94,1014,970,10000,0.53,117,0.78,70,2026-07-02 23:12:37,2026-07-03 05:13:09,2026-07-03 17:52:11,NG,Maitama,2026-07-02 23:12:37.775549,23,2026-07-02,23:12:37,Thursday
gurara,9.322,7.0232,clouds,overcast clouds,stations,23.87,24.74,23.87,23.87,1013,93,1013,972,10000,0.5,121,0.61,93,2026-07-02 23:12:37,2026-07-03 05:16:19,2026-07-03 17:55:33,NG,Suleja,2026-07-02 23:12:38.333109,23,2026-07-02,23:12:37,Thursday
bwari,9.2856,7.3787,clouds,broken clouds,stations,22.64,23.39,22.64,22.64,1014,93,1014,951,10000,0.4,141,0.65,82,2026-07-02 23:12:38,2026-07-03 05:14:57,2026-07-03 17:54:04,NG,Maitama,2026-07-02 23:12:38.884840,23,2026-07-02,23:12:38,Thursday
gwagwalada,9.0764,6.9854,clouds,broken clouds,stations,24.75,25.71,24.75,24.75,1013,93,1013,990,10000,0.66,113,0.72,80,2026-07-02 23:12:38,2026-07-03 05:16:54,2026-07-03 17:55:17,NG,Kwali,2026-07-02 23:12:39.433889,23,2026-07-02,23:12:38,Thursday
makurdi,7.7306,8.5361,rain,light rain,stations,24.51,25.37,24.51,24.51,1013,90,1013,1002,10000,2.3,207,7.31,66,2026-07-02 23:12:39,2026-07-03 05:13:02,2026-07-03 17:46:43,NG,Walmayo,2026-07-02 23:12:40.002847,23,2026-07-02,23:12:39,Thursday
panda,9.2624,7.8385,rain,light rain,stations,22.73,23.54,22.73,22.73,1013,95,1013,970,10000,0.74,242,0.89,83,2026-07-03 03:42:19,2026-07-03 05:13:09,2026-07-03 17:52:11,NG,Maitama,2026-07-03 03:42:19.147758,3,2026-07-03,03:42:19,Friday
gurara,9.322,7.0232,rain,light rain,stations,22.7,23.56,22.7,22.7,1013,97,1013,972,10000,1.39,203,3.32,75,2026-07-03 03:42:19,2026-07-03 05:16:19,2026-07-03 17:55:33,NG,Suleja,2026-07-03 03:42:19.263570,3,2026-07-03,03:42:19,Friday
bwari,9.2856,7.3787,rain,light rain,stations,21.53,22.25,21.53,21.53,1014,96,1014,951,10000,1.53,230,2.45,67,2026-07-03 03:42:19,2026-07-03 05:14:57,2026-07-03 17:54:04,NG,Maitama,2026-07-03 03:42:19.361332,3,2026-07-03,03:42:19,Friday
gwagwalada,9.0764,6.9854,rain,light rain,stations,23.39,24.29,23.39,23.39,1013,96,1013,990,10000,0.98,186,1.48,73,2026-07-03 03:42:19,2026-07-03 05:16:54,2026-07-03 17:55:17,NG,Kwali,2026-07-03 03:42:19.462396,3,2026-07-03,03:42:19,Friday
makurdi,7.7306,8.5361,clouds,overcast clouds,stations,23.47,24.35,23.47,23.47,1013,95,1013,1002,10000,3.04,217,8.7,96,2026-07-03 03:42:19,2026-07-03 05:13:02,2026-07-03 17:46:43,NG,Walmayo,2026-07-03 03:42:19.552597,3,2026-07-03,03:42:19,Friday
panda,9.2624,7.8385,clouds,overcast clouds,stations,24.35,25.19,24.35,24.35,1015,90,1015,971,10000,0.88,188,1.34,97,2026-07-03 07:26:41,2026-07-03 05:13:09,2026-07-03 17:52:11,NG,Maitama,2026-07-03 07:26:41.621854,7,2026-07-03,07:26:41,Friday
gurara,9.322,7.0232,clouds,broken clouds,stations,23.96,24.79,23.96,23.96,1015,91,1015,974,10000,2.27,183,4.44,77,2026-07-03 07:26:41,2026-07-03 05:16:19,2026-07-03 17:55:33,NG,Suleja,2026-07-03 07:26:41.788616,7,2026-07-03,07:26:41,Friday
bwari,9.2856,7.3787,clouds,broken clouds,stations,23.33,24.09,23.33,23.33,1015,91,1015,952,10000,1.58,205,3.05,76,2026-07-03 07:26:41,2026-07-03 05:14:57,2026-07-03 17:54:04,NG,Maitama,2026-07-03 07:26:41.954586,7,2026-07-03,07:26:41,Friday
gwagwalada,9.0764,6.9854,clouds,scattered clouds,stations,24.79,25.65,24.79,24.79,1014,89,1014,991,10000,2.03,187,4.14,38,2026-07-03 07:26:42,2026-07-03 05:16:54,2026-07-03 17:55:17,NG,Kwali,2026-07-03 07:26:42.120399,7,2026-07-03,07:26:42,Friday
makurdi,7.7306,8.5361,clouds,overcast clouds,stations,24.11,24.98,24.11,24.11,1014,92,1014,1003,10000,3.35,216,7.9,88,2026-07-03 07:26:42,2026-07-03 05:13:02,2026-07-03 17:46:43,NG,Walmayo,2026-07-03 07:26:42.300049,7,2026-07-03,07:26:42,Friday
panda,9.2624,7.8385,clouds,broken clouds,stations,30.18,34.05,30.18,30.18,1014,64,1014,971,10000,2.39,171,2.16,81,2026-07-03 10:41:53,2026-07-03 05:13:09,2026-07-03 17:52:11,NG,Maitama,2026-07-03 10:41:53.771334,10,2026-07-03,10:41:53,Friday
gurara,9.322,7.0232,clouds,broken clouds,stations,29.38,32.78,29.38,29.38,1014,66,1014,974,10000,3.09,183,3.03,82,2026-07-03 10:41:53,2026-07-03 05:16:19,2026-07-03 17:55:33,NG,Suleja,2026-07-03 10:41:54.324982,10,2026-07-03,10:41:53,Friday
bwari,9.2856,7.3787,clouds,broken clouds,stations,28.51,31.22,28.51,28.51,1014,67,1014,952,10000,2.71,200,2.62,78,2026-07-03 10:41:54,2026-07-03 05:14:57,2026-07-03 17:54:04,NG,Maitama,2026-07-03 10:41:54.883455,10,2026-07-03,10:41:54,Friday
gwagwalada,9.0764,6.9854,clouds,broken clouds,stations,29.4,33.02,29.4,29.4,1014,67,1014,991,10000,2.76,187,2.94,78,2026-07-03 10:41:54,2026-07-03 05:16:54,2026-07-03 17:55:17,NG,Kwali,2026-07-03 10:41:55.437450,10,2026-07-03,10:41:54,Friday
makurdi,7.7306,8.5361,clouds,overcast clouds,stations,29.97,33.6,29.97,29.97,1014,64,1014,1003,10000,3.24,226,3.69,88,2026-07-03 10:41:55,2026-07-03 05:13:02,2026-07-03 17:46:43,NG,Walmayo,2026-07-03 10:41:55.988758,10,2026-07-03,10:41:55,Friday
panda,9.2624,7.8385,rain,light rain,stations,30.66,34.61,30.66,30.66,1012,62,1012,969,10000,2.66,225,2.5,78,2026-07-03 14:19:24,2026-07-03 05:13:09,2026-07-03 17:52:11,NG,Maitama,2026-07-03 14:19:24.559521,14,2026-07-03,14:19:24,Friday
gurara,9.322,7.0232,clouds,overcast clouds,stations,30.28,33.81,30.28,30.28,1012,62,1012,972,10000,2.23,127,2.21,88,2026-07-03 14:19:24,2026-07-03 05:16:19,2026-07-03 17:55:33,NG,Suleja,2026-07-03 14:19:25.147418,14,2026-07-03,14:19:24,Friday
bwari,9.2856,7.3787,rain,light rain,stations,27.7,30.46,27.7,27.7,1013,73,1013,951,10000,1.94,218,1.79,93,2026-07-03 14:19:25,2026-07-03 05:14:57,2026-07-03 17:54:04,NG,Maitama,2026-07-03 14:19:25.709256,14,2026-07-03,14:19:25,Friday
gwagwalada,9.0764,6.9854,clouds,broken clouds,stations,32.18,36.3,32.18,32.18,1011,56,1011,989,10000,2.24,139,2.09,82,2026-07-03 14:19:25,2026-07-03 05:16:54,2026-07-03 17:55:17,NG,Kwali,2026-07-03 14:19:26.274566,14,2026-07-03,14:19:25,Friday
makurdi,7.7306,8.5361,clouds,overcast clouds,stations,31.03,34.66,31.03,31.03,1011,59,1011,1000,10000,2.17,246,2.65,99,2026-07-03 14:19:26,2026-07-03 05:13:02,2026-07-03 17:46:43,NG,Walmayo,2026-07-03 14:19:26.839093,14,2026-07-03,14:19:26,Friday
panda,9.2624,7.8385,rain,moderate rain,stations,25.56,26.34,25.56,25.56,1013,83,1013,969,10000,1.36,239,1.56,88,2026-07-03 17:37:44,2026-07-03 05:13:09,2026-07-03 17:52:11,NG,Maitama,2026-07-03 17:37:44.748797,17,2026-07-03,17:37:44,Friday
gurara,9.322,7.0232,rain,moderate rain,stations,24.47,25.32,24.47,24.47,1012,90,1012,971,10000,0.52,46,1.82,84,2026-07-03 17:37:44,2026-07-03 05:16:19,2026-07-03 17:55:33,NG,Suleja,2026-07-03 17:37:45.302891,17,2026-07-03,17:37:44,Friday
bwari,9.2856,7.3787,rain,moderate rain,stations,23.45,24.2,23.45,23.45,1013,90,1013,950,10000,1.17,295,1.83,87,2026-07-03 17:37:45,2026-07-03 05:14:57,2026-07-03 17:54:04,NG,Maitama,2026-07-03 17:37:45.952021,17,2026-07-03,17:37:45,Friday
gwagwalada,9.0764,6.9854,rain,light rain,stations,27.38,30.15,27.38,27.38,1011,76,1011,988,10000,0.62,54,0.71,77,2026-07-03 17:37:46,2026-07-03 05:16:54,2026-07-03 17:55:17,NG,Kwali,2026-07-03 17:37:46.570823,17,2026-07-03,17:37:46,Friday
makurdi,7.7306,8.5361,clouds,overcast clouds,stations,28.16,31.12,28.16,28.16,1011,71,1011,1000,10000,2.34,213,5.32,94,2026-07-03 17:37:46,2026-07-03 05:13:02,2026-07-03 17:46:43,NG,Walmayo,2026-07-03 17:37:47.220032,17,2026-07-03,17:37:46,Friday
panda,9.2624,7.8385,rain,moderate rain,stations,25.39,26.15,25.39,25.39,1014,83,1014,971,10000,1.48,222,1.66,100,2026-07-03 19:36:22,2026-07-03 05:13:09,2026-07-03 17:52:11,NG,Maitama,2026-07-03 19:36:22.437108,19,2026-07-03,19:36:22,Friday
gurara,9.322,7.0232,rain,moderate rain,stations,25.74,26.41,25.74,25.74,1014,78,1014,973,10000,1.42,68,1.56,100,2026-07-03 19:36:22,2026-07-03 05:16:19,2026-07-03 17:55:33,NG,Suleja,2026-07-03 19:36:22.602727,19,2026-07-03,19:36:22,Friday
bwari,9.2856,7.3787,rain,heavy intensity rain,stations,23.51,24.21,23.51,23.51,1015,88,1015,952,4763,0.98,51,1.74,100,2026-07-03 19:36:22,2026-07-03 05:14:57,2026-07-03 17:54:04,NG,Maitama,2026-07-03 19:36:22.769013,19,2026-07-03,19:36:22,Friday
gwagwalada,9.0764,6.9854,rain,light rain,stations,26.9,29.01,26.9,26.9,1013,74,1013,990,10000,0.8,116,1.02,97,2026-07-03 19:36:22,2026-07-03 05:16:54,2026-07-03 17:55:17,NG,Kwali,2026-07-03 19:36:22.932198,19,2026-07-03,19:36:22,Friday
makurdi,7.7306,8.5361,clouds,scattered clouds,stations,26.58,26.58,26.58,26.58,1013,79,1013,1002,10000,3.25,205,8.95,43,2026-07-03 19:36:23,2026-07-03 05:13:02,2026-07-03 17:46:43,NG,Walmayo,2026-07-03 19:36:23.092346,19,2026-07-03,19:36:23,Friday
panda,9.2624,7.8385,clouds,overcast clouds,stations,24.92,25.74,24.92,24.92,1015,87,1015,971,10000,0.81,184,0.97,100,2026-07-03 21:12:25,2026-07-03 05:13:09,2026-07-03 17:52:11,NG,Maitama,2026-07-03 21:12:25.652836,21,2026-07-03,21:12:25,Friday
gurara,9.322,7.0232,rain,heavy intensity rain,stations,24.08,24.92,24.08,24.08,1014,91,1014,974,6754,1.94,54,3.23,100,2026-07-03 21:12:25,2026-07-03 05:16:19,2026-07-03 17:55:33,NG,Suleja,2026-07-03 21:12:25.794302,21,2026-07-03,21:12:25,Friday
bwari,9.2856,7.3787,rain,moderate rain,stations,23.24,24.0,23.24,23.24,1015,91,1015,952,10000,0.75,279,1.4,100,2026-07-03 21:12:25,2026-07-03 05:14:57,2026-07-03 17:54:04,NG,Maitama,2026-07-03 21:12:25.925765,21,2026-07-03,21:12:25,Friday
gwagwalada,9.0764,6.9854,rain,moderate rain,stations,25.24,26.07,25.24,25.24,1014,86,1014,991,10000,1.08,96,1.74,98,2026-07-03 21:12:26,2026-07-03 05:16:54,2026-07-03 17:55:17,NG,Kwali,2026-07-03 21:12:26.057633,21,2026-07-03,21:12:26,Friday
makurdi,7.7306,8.5361,clouds,scattered clouds,stations,26.09,26.09,26.09,26.09,1015,82,1015,1004,10000,3.33,202,9.07,43,2026-07-03 21:12:26,2026-07-03 05:13:02,2026-07-03 17:46:43,NG,Walmayo,2026-07-03 21:12:26.190422,21,2026-07-03,21:12:26,Friday
panda,9.2624,7.8385,clouds,overcast clouds,stations,23.71,24.56,23.71,23.71,1014,93,1014,971,10000,1.14,185,2.16,93,2026-07-03 23:09:18,2026-07-04 05:13:24,2026-07-04 17:52:18,NG,Maitama,2026-07-03 23:09:18.981249,23,2026-07-03,23:09:18,Friday
gurara,9.322,7.0232,rain,light rain,stations,23.27,24.19,23.27,23.27,1015,97,1015,974,10000,1.5,257,3.9,95,2026-07-03 23:09:19,2026-07-04 05:16:33,2026-07-04 17:55:40,NG,Suleja,2026-07-03 23:09:19.075669,23,2026-07-03,23:09:19,Friday
bwari,9.2856,7.3787,clouds,overcast clouds,stations,22.36,23.11,22.36,22.36,1015,94,1015,952,10000,1.48,219,3.13,92,2026-07-03 23:09:19,2026-07-04 05:15:12,2026-07-04 17:54:11,NG,Maitama,2026-07-03 23:09:19.169636,23,2026-07-03,23:09:19,Friday
gwagwalada,9.0764,6.9854,rain,light rain,stations,24.71,25.61,24.71,24.71,1014,91,1014,991,10000,1.81,252,3.06,94,2026-07-03 23:09:19,2026-07-04 05:17:08,2026-07-04 17:55:23,NG,Kwali,2026-07-03 23:09:19.263728,23,2026-07-03,23:09:19,Friday
makurdi,7.7306,8.5361,clouds,broken clouds,stations,25.05,25.88,25.05,25.05,1014,87,1014,1003,10000,4.49,201,10.54,56,2026-07-03 23:09:19,2026-07-04 05:13:16,2026-07-04 17:46:50,NG,Walmayo,2026-07-03 23:09:19.356857,23,2026-07-03,23:09:19,Friday
panda,9.2624,7.8385,clouds,broken clouds,stations,22.7,23.56,22.7,22.7,1014,97,1014,971,10000,1.53,208,3.67,65,2026-07-04 03:35:14,2026-07-04 05:13:24,2026-07-04 17:52:18,NG,Maitama,2026-07-04 03:35:15.009551,3,2026-07-04,03:35:14,Saturday
gurara,9.322,7.0232,clouds,broken clouds,stations,22.71,23.57,22.71,22.71,1014,97,1014,973,10000,2.08,182,5.76,75,2026-07-04 03:35:15,2026-07-04 05:16:33,2026-07-04 17:55:40,NG,Suleja,2026-07-04 03:35:15.572019,3,2026-07-04,03:35:15,Saturday
bwari,9.2856,7.3787,rain,light rain,stations,21.8,22.59,21.8,21.8,1015,98,1015,952,5951,2.33,199,6.51,74,2026-07-04 03:35:15,2026-07-04 05:15:12,2026-07-04 17:54:11,NG,Maitama,2026-07-04 03:35:15.685037,3,2026-07-04,03:35:15,Saturday
gwagwalada,9.0764,6.9854,rain,light rain,stations,23.49,24.38,23.49,23.49,1014,95,1014,991,10000,1.54,176,4.18,68,2026-07-04 03:35:15,2026-07-04 05:17:08,2026-07-04 17:55:23,NG,Kwali,2026-07-04 03:35:16.243326,3,2026-07-04,03:35:15,Saturday
makurdi,7.7306,8.5361,clouds,broken clouds,stations,23.37,24.22,23.37,23.37,1014,94,1014,1002,10000,2.95,209,8.6,81,2026-07-04 03:35:16,2026-07-04 05:13:16,2026-07-04 17:46:50,NG,Walmayo,2026-07-04 03:35:16.797885,3,2026-07-04,03:35:16,Saturday
panda,9.2624,7.8385,rain,light rain,stations,23.63,24.5,23.63,23.63,1016,94,1016,972,10000,2.14,184,4.6,100,2026-07-04 06:50:54,2026-07-04 05:13:24,2026-07-04 17:52:18,NG,Maitama,2026-07-04 06:50:54.983729,6,2026-07-04,06:50:54,Saturday
gurara,9.322,7.0232,rain,light rain,stations,23.22,24.1,23.22,23.22,1016,96,1016,975,10000,2.45,183,4.68,100,2026-07-04 06:50:55,2026-07-04 05:16:33,2026-07-04 17:55:40,NG,Suleja,2026-07-04 06:50:55.108815,6,2026-07-04,06:50:55,Saturday
bwari,9.2856,7.3787,clouds,overcast clouds,stations,22.06,22.83,22.06,22.06,1016,96,1016,953,10000,2.58,198,5.47,100,2026-07-04 06:50:55,2026-07-04 05:15:12,2026-07-04 17:54:11,NG,Maitama,2026-07-04 06:50:55.242353,6,2026-07-04,06:50:55,Saturday
gwagwalada,9.0764,6.9854,clouds,broken clouds,stations,24.42,25.29,24.42,24.42,1016,91,1016,992,10000,2.24,180,3.63,79,2026-07-04 06:50:55,2026-07-04 05:17:08,2026-07-04 17:55:23,NG,Kwali,2026-07-04 06:50:55.367262,6,2026-07-04,06:50:55,Saturday
makurdi,7.7306,8.5361,clouds,overcast clouds,stations,23.48,24.36,23.48,23.48,1015,95,1015,1004,10000,2.04,237,5.43,100,2026-07-04 06:50:55,2026-07-04 05:13:16,2026-07-04 17:46:50,NG,Walmayo,2026-07-04 06:50:55.499503,6,2026-07-04,06:50:55,Saturday
panda,9.2624,7.8385,clouds,overcast clouds,stations,26.78,29.02,26.78,26.78,1015,77,1015,971,10000,1.89,216,2.1,97,2026-07-04 10:16:05,2026-07-04 05:13:24,2026-07-04 17:52:18,NG,Maitama,2026-07-04 10:16:05.954385,10,2026-07-04,10:16:05,Saturday
gurara,9.322,7.0232,clouds,overcast clouds,stations,27.26,29.8,27.26,27.26,1015,75,1015,974,10000,2.37,218,2.56,97,2026-07-04 10:16:06,2026-07-04 05:16:33,2026-07-04 17:55:40,NG,Suleja,2026-07-04 10:16:06.085519,10,2026-07-04,10:16:06,Saturday
bwari,9.2856,7.3787,clouds,overcast clouds,stations,26.07,26.07,26.07,26.07,1015,77,1015,953,10000,2.73,222,2.91,94,2026-07-04 10:16:06,2026-07-04 05:15:12,2026-07-04 17:54:11,NG,Maitama,2026-07-04 10:16:06.229272,10,2026-07-04,10:16:06,Saturday
gwagwalada,9.0764,6.9854,clouds,overcast clouds,stations,28.43,31.68,28.43,28.43,1014,71,1014,991,10000,2.35,207,2.56,93,2026-07-04 10:16:06,2026-07-04 05:17:08,2026-07-04 17:55:23,NG,Kwali,2026-07-04 10:16:06.377838,10,2026-07-04,10:16:06,Saturday
makurdi,7.7306,8.5361,clouds,overcast clouds,stations,29.26,32.53,29.26,29.26,1014,66,1014,1003,10000,3.11,250,3.92,97,2026-07-04 10:16:06,2026-07-04 05:13:16,2026-07-04 17:46:50,NG,Walmayo,2026-07-04 10:16:06.510264,10,2026-07-04,10:16:06,Saturday
panda,9.2624,7.8385,rain,light rain,stations,28.67,32.54,28.67,28.67,1012,73,1012,969,10000,1.56,202,1.65,100,2026-07-04 13:43:45,2026-07-04 05:13:24,2026-07-04 17:52:18,NG,Maitama,2026-07-04 13:43:45.505889,13,2026-07-04,13:43:45,Saturday
gurara,9.322,7.0232,clouds,overcast clouds,stations,29.38,33.17,29.38,29.38,1012,68,1012,971,10000,1.94,252,1.81,100,2026-07-04 13:43:45,2026-07-04 05:16:33,2026-07-04 17:55:40,NG,Suleja,2026-07-04 13:43:45.598798,13,2026-07-04,13:43:45,Saturday
bwari,9.2856,7.3787,clouds,overcast clouds,stations,27.91,30.62,27.91,27.91,1012,71,1012,950,10000,1.53,246,1.37,98,2026-07-04 13:43:45,2026-07-04 05:15:12,2026-07-04 17:54:11,NG,Maitama,2026-07-04 13:43:45.705174,13,2026-07-04,13:43:45,Saturday
gwagwalada,9.0764,6.9854,clouds,overcast clouds,stations,30.85,35.28,30.85,30.85,1011,63,1011,988,10000,1.78,243,1.64,98,2026-07-04 13:43:45,2026-07-04 05:17:08,2026-07-04 17:55:23,NG,Kwali,2026-07-04 13:43:45.804729,13,2026-07-04,13:43:45,Saturday
makurdi,7.7306,8.5361,clouds,overcast clouds,stations,32.63,36.69,32.63,32.63,1010,54,1010,999,10000,2.13,219,2.05,93,2026-07-04 13:43:45,2026-07-04 05:13:16,2026-07-04 17:46:50,NG,Walmayo,2026-07-04 13:43:45.899229,13,2026-07-04,13:43:45,Saturday
panda,9.2624,7.8385,clouds,overcast clouds,stations,28.91,32.71,28.91,28.91,1011,71,1011,968,10000,2.06,225,2.61,100,2026-07-04 15:09:51,2026-07-04 05:13:24,2026-07-04 17:52:18,NG,Maitama,2026-07-04 15:09:51.151763,15,2026-07-04,15:09:51,Saturday
gurara,9.322,7.0232,rain,light rain,stations,28.7,32.6,28.7,28.7,1011,73,1011,971,10000,2.58,258,2.63,99,2026-07-04 15:09:51,2026-07-04 05:16:33,2026-07-04 17:55:40,NG,Suleja,2026-07-04 15:09:51.318853,15,2026-07-04,15:09:51,Saturday
bwari,9.2856,7.3787,rain,light rain,stations,27.3,29.98,27.3,27.3,1011,76,1011,950,10000,1.86,245,2.34,98,2026-07-04 15:09:51,2026-07-04 05:15:12,2026-07-04 17:54:11,NG,Maitama,2026-07-04 15:09:51.493396,15,2026-07-04,15:09:51,Saturday
gwagwalada,9.0764,6.9854,clouds,overcast clouds,stations,30.05,34.68,30.05,30.05,1011,68,1011,988,10000,2.05,249,2.44,98,2026-07-04 15:09:51,2026-07-04 05:17:08,2026-07-04 17:55:23,NG,Kwali,2026-07-04 15:09:51.662892,15,2026-07-04,15:09:51,Saturday
makurdi,7.7306,8.5361,clouds,overcast clouds,stations,31.12,35.62,31.12,31.12,1010,62,1010,999,10000,2.47,208,3.42,96,2026-07-04 15:09:51,2026-07-04 05:13:16,2026-07-04 17:46:50,NG,Walmayo,2026-07-04 15:09:51.823676,15,2026-07-04,15:09:51,Saturday
panda,9.2624,7.8385,rain,heavy intensity rain,stations,25.81,26.74,25.81,25.81,1010,88,1010,967,3866,1.63,292,3.47,99,2026-07-04 17:11:54,2026-07-04 05:13:24,2026-07-04 17:52:18,NG,Maitama,2026-07-04 17:11:54.148040,17,2026-07-04,17:11:54,Saturday
gurara,9.322,7.0232,rain,moderate rain,stations,26.38,26.38,26.38,26.38,1011,85,1011,970,10000,2.56,293,5.2,97,2026-07-04 17:11:54,2026-07-04 05:16:33,2026-07-04 17:55:40,NG,Suleja,2026-07-04 17:11:54.240682,17,2026-07-04,17:11:54,Saturday
bwari,9.2856,7.3787,rain,moderate rain,stations,24.81,25.67,24.81,24.81,1011,89,1011,949,7381,2.76,280,5.7,95,2026-07-04 17:11:54,2026-07-04 05:15:12,2026-07-04 17:54:11,NG,Maitama,2026-07-04 17:11:54.329990,17,2026-07-04,17:11:54,Saturday
gwagwalada,9.0764,6.9854,rain,light rain,stations,28.53,32.91,28.53,28.53,1010,77,1010,987,10000,2.48,288,4.66,97,2026-07-04 17:11:54,2026-07-04 05:17:08,2026-07-04 17:55:23,NG,Kwali,2026-07-04 17:11:54.419402,17,2026-07-04,17:11:54,Saturday
makurdi,7.7306,8.5361,clouds,overcast clouds,stations,29.34,33.48,29.34,29.34,1009,70,1009,998,10000,2.36,203,5.19,93,2026-07-04 17:11:54,2026-07-04 05:13:16,2026-07-04 17:46:50,NG,Walmayo,2026-07-04 17:11:54.515941,17,2026-07-04,17:11:54,Saturday
panda,9.2624,7.8385,rain,moderate rain,stations,24.42,25.29,24.42,24.42,1013,91,1013,969,3650,1.86,318,3.57,93,2026-07-04 19:21:18,2026-07-04 05:13:24,2026-07-04 17:52:18,NG,Maitama,2026-07-04 19:21:18.492308,19,2026-07-04,19:21:18,Saturday
gurara,9.322,7.0232,rain,light rain,stations,24.52,25.4,24.52,24.52,1012,91,1012,972,10000,1.85,289,2.94,100,2026-07-04 19:21:18,2026-07-04 05:16:33,2026-07-04 17:55:40,NG,Suleja,2026-07-04 19:21:18.667394,19,2026-07-04,19:21:18,Saturday
bwari,9.2856,7.3787,rain,moderate rain,stations,23.01,23.87,23.01,23.01,1013,96,1013,950,10000,1.6,295,4.03,100,2026-07-04 19:21:18,2026-07-04 05:15:12,2026-07-04 17:54:11,NG,Maitama,2026-07-04 19:21:18.834288,19,2026-07-04,19:21:18,Saturday
gwagwalada,9.0764,6.9854,rain,light rain,stations,26.16,26.16,26.16,26.16,1012,85,1012,989,10000,1.94,317,3.7,88,2026-07-04 19:21:18,2026-07-04 05:17:08,2026-07-04 17:55:23,NG,Kwali,2026-07-04 19:21:19.004436,19,2026-07-04,19:21:18,Saturday
makurdi,7.7306,8.5361,clouds,scattered clouds,stations,27.12,29.91,27.12,27.12,1011,79,1011,1000,10000,2.27,222,5.44,37,2026-07-04 19:21:19,2026-07-04 05:13:16,2026-07-04 17:46:50,NG,Walmayo,2026-07-04 19:21:19.171626,19,2026-07-04,19:21:19,Saturday
panda,9.2624,7.8385,clouds,overcast clouds,stations,23.25,24.03,23.25,23.25,1015,92,1015,971,10000,1.64,339,3.29,97,2026-07-04 21:03:02,2026-07-04 05:13:24,2026-07-04 17:52:18,NG,Maitama,2026-07-04 21:03:02.870122,21,2026-07-04,21:03:02,Saturday
gurara,9.322,7.0232,rain,heavy intensity rain,stations,23.72,24.58,23.72,23.72,1014,93,1014,973,7780,2.73,31,5.64,100,2026-07-04 21:03:02,2026-07-04 05:16:33,2026-07-04 17:55:40,NG,Suleja,2026-07-04 21:03:03.433608,21,2026-07-04,21:03:02,Saturday
bwari,9.2856,7.3787,rain,moderate rain,stations,22.54,23.3,22.54,22.54,1015,94,1015,952,10000,2.62,359,6.28,100,2026-07-04 21:03:03,2026-07-04 05:15:12,2026-07-04 17:54:11,NG,Maitama,2026-07-04 21:03:03.995704,21,2026-07-04,21:03:03,Saturday
gwagwalada,9.0764,6.9854,rain,heavy intensity rain,stations,24.96,25.86,24.96,24.96,1014,90,1014,990,5987,2.07,13,2.93,95,2026-07-04 21:03:04,2026-07-04 05:17:08,2026-07-04 17:55:23,NG,Kwali,2026-07-04 21:03:04.557155,21,2026-07-04,21:03:04,Saturday
makurdi,7.7306,8.5361,clouds,broken clouds,stations,25.88,26.77,25.88,25.88,1013,86,1013,1002,10000,2.01,219,5.54,61,2026-07-04 21:03:04,2026-07-04 05:13:16,2026-07-04 17:46:50,NG,Walmayo,2026-07-04 21:03:05.119201,21,2026-07-04,21:03:04,Saturday
panda,9.2624,7.8385,clouds,overcast clouds,stations,22.72,23.4,22.72,22.72,1014,90,1014,970,10000,1.66,259,1.69,98,2026-07-04 23:01:25,2026-07-05 05:13:38,2026-07-05 17:52:24,NG,Maitama,2026-07-04 23:01:25.377585,23,2026-07-04,23:01:25,Saturday
gurara,9.322,7.0232,rain,light rain,stations,23.13,24.01,23.13,23.13,1015,96,1015,974,10000,0.33,138,2.2,100,2026-07-04 23:01:25,2026-07-05 05:16:47,2026-07-05 17:55:46,NG,Suleja,2026-07-04 23:01:25.847263,23,2026-07-04,23:01:25,Saturday
bwari,9.2856,7.3787,clouds,overcast clouds,stations,21.86,22.56,21.86,21.86,1015,94,1015,952,10000,0.71,69,1.69,100,2026-07-04 23:01:25,2026-07-05 05:15:26,2026-07-05 17:54:16,NG,Maitama,2026-07-04 23:01:26.000004,23,2026-07-04,23:01:25,Saturday
gwagwalada,9.0764,6.9854,rain,light rain,stations,23.75,24.69,23.75,23.75,1014,96,1014,991,10000,1.1,304,3.65,97,2026-07-04 23:01:26,2026-07-05 05:17:22,2026-07-05 17:55:29,NG,Kwali,2026-07-04 23:01:26.264871,23,2026-07-04,23:01:26,Saturday
makurdi,7.7306,8.5361,rain,moderate rain,stations,24.52,25.46,24.52,24.52,1013,93,1013,1002,10000,2.55,215,6.53,64,2026-07-04 23:01:26,2026-07-05 05:13:30,2026-07-05 17:46:57,NG,Walmayo,2026-07-04 23:01:26.571522,23,2026-07-04,23:01:26,Saturday
panda,9.2624,7.8385,clouds,overcast clouds,stations,21.72,22.38,21.72,21.72,1013,93,1013,969,10000,0.48,328,0.84,100,2026-07-05 03:54:02,2026-07-05 05:13:38,2026-07-05 17:52:24,NG,Maitama,2026-07-05 03:54:02.797915,3,2026-07-05,03:54:02,Sunday
gurara,9.322,7.0232,clouds,overcast clouds,stations,22.26,22.97,22.26,22.26,1012,93,1012,971,10000,1.39,134,1.44,100,2026-07-05 03:54:02,2026-07-05 05:16:47,2026-07-05 17:55:46,NG,Suleja,2026-07-05 03:54:03.355610,3,2026-07-05,03:54:02,Sunday
bwari,9.2856,7.3787,clouds,overcast clouds,stations,20.95,21.45,20.95,20.95,1013,90,1013,950,10000,0.89,128,1.05,100,2026-07-05 03:54:03,2026-07-05 05:15:26,2026-07-05 17:54:16,NG,Maitama,2026-07-05 03:54:03.923571,3,2026-07-05,03:54:03,Sunday
gwagwalada,9.0764,6.9854,clouds,overcast clouds,stations,23.01,23.82,23.01,23.01,1012,94,1012,989,10000,1.21,131,1.17,92,2026-07-05 03:54:03,2026-07-05 05:17:22,2026-07-05 17:55:29,NG,Kwali,2026-07-05 03:54:04.365143,3,2026-07-05,03:54:03,Sunday
makurdi,7.7306,8.5361,clouds,overcast clouds,stations,23.82,24.74,23.82,23.82,1012,95,1012,1001,10000,3.37,209,9.08,100,2026-07-05 03:54:04,2026-07-05 05:13:30,2026-07-05 17:46:57,NG,Walmayo,2026-07-05 03:54:04.928047,3,2026-07-05,03:54:04,Sunday
panda,9.2624,7.8385,clouds,overcast clouds,stations,25.63,26.39,25.63,25.63,1015,82,1015,971,10000,1.17,147,1.32,100,2026-07-05 07:31:52,2026-07-05 05:13:38,2026-07-05 17:52:24,NG,Maitama,2026-07-05 07:31:52.147050,7,2026-07-05,07:31:52,Sunday
gurara,9.322,7.0232,clouds,overcast clouds,stations,25.22,26.02,25.22,25.22,1014,85,1014,974,10000,1.52,205,2.01,100,2026-07-05 07:31:52,2026-07-05 05:16:47,2026-07-05 17:55:46,NG,Suleja,2026-07-05 07:31:52.282278,7,2026-07-05,07:31:52,Sunday
bwari,9.2856,7.3787,clouds,overcast clouds,stations,24.54,25.19,24.54,24.54,1015,82,1015,952,10000,1.34,189,1.86,100,2026-07-05 07:31:52,2026-07-05 05:15:26,2026-07-05 17:54:16,NG,Maitama,2026-07-05 07:31:52.412983,7,2026-07-05,07:31:52,Sunday
gwagwalada,9.0764,6.9854,clouds,overcast clouds,stations,25.58,26.33,25.58,25.58,1014,82,1014,991,10000,2.16,191,2.68,99,2026-07-05 07:31:52,2026-07-05 05:17:22,2026-07-05 17:55:29,NG,Kwali,2026-07-05 07:31:52.540155,7,2026-07-05,07:31:52,Sunday
makurdi,7.7306,8.5361,clouds,overcast clouds,stations,26.63,26.63,26.63,26.63,1014,82,1014,1003,10000,3.49,239,5.17,100,2026-07-05 07:31:52,2026-07-05 05:13:30,2026-07-05 17:46:57,NG,Walmayo,2026-07-05 07:31:52.667977,7,2026-07-05,07:31:52,Sunday
panda,9.2624,7.8385,clouds,overcast clouds,stations,29.53,33.09,29.53,29.53,1014,66,1014,971,10000,1.06,180,0.74,86,2026-07-05 10:20:34,2026-07-05 05:13:38,2026-07-05 17:52:24,NG,Maitama,2026-07-05 10:20:34.120433,10,2026-07-05,10:20:34,Sunday
gurara,9.322,7.0232,clouds,overcast clouds,stations,28.21,31.08,28.21,28.21,1014,70,1014,973,10000,1.81,192,1.49,99,2026-07-05 10:20:34,2026-07-05 05:16:47,2026-07-05 17:55:46,NG,Suleja,2026-07-05 10:20:34.212155,10,2026-07-05,10:20:34,Sunday
bwari,9.2856,7.3787,clouds,overcast clouds,stations,27.63,29.97,27.63,27.63,1014,70,1014,952,10000,1.63,215,1.22,100,2026-07-05 10:20:34,2026-07-05 05:15:26,2026-07-05 17:54:16,NG,Maitama,2026-07-05 10:20:34.301056,10,2026-07-05,10:20:34,Sunday
gwagwalada,9.0764,6.9854,clouds,overcast clouds,stations,29.32,32.1,29.32,29.32,1014,63,1014,991,10000,1.53,174,1.58,93,2026-07-05 10:20:34,2026-07-05 05:17:22,2026-07-05 17:55:29,NG,Kwali,2026-07-05 10:20:34.397148,10,2026-07-05,10:20:34,Sunday
makurdi,7.7306,8.5361,clouds,overcast clouds,stations,29.49,33.62,29.49,29.49,1013,69,1013,1002,10000,2.75,231,3.44,97,2026-07-05 10:20:34,2026-07-05 05:13:30,2026-07-05 17:46:57,NG,Walmayo,2026-07-05 10:20:34.495003,10,2026-07-05,10:20:34,Sunday
panda,9.2624,7.8385,clouds,scattered clouds,stations,33.66,37.34,33.66,33.66,1010,49,1010,968,10000,0.72,9,2.01,50,2026-07-05 13:50:12,2026-07-05 05:13:38,2026-07-05 17:52:24,NG,Maitama,2026-07-05 13:50:13.437639,13,2026-07-05,13:50:12,Sunday
gurara,9.322,7.0232,clouds,overcast clouds,stations,31.95,35.81,31.95,31.95,1010,56,1010,970,10000,1.41,245,1.48,91,2026-07-05 13:50:13,2026-07-05 05:16:47,2026-07-05 17:55:46,NG,Suleja,2026-07-05 13:50:14.003632,13,2026-07-05,13:50:13,Sunday
bwari,9.2856,7.3787,rain,light rain,stations,30.42,33.65,30.42,30.42,1011,60,1011,949,10000,1.12,281,1.57,90,2026-07-05 13:50:14,2026-07-05 05:15:26,2026-07-05 17:54:16,NG,Maitama,2026-07-05 13:50:14.569752,13,2026-07-05,13:50:14,Sunday
gwagwalada,9.0764,6.9854,clouds,overcast clouds,stations,33.22,37.04,33.22,33.22,1010,51,1010,987,10000,1.22,207,1.28,99,2026-07-05 13:50:14,2026-07-05 05:17:22,2026-07-05 17:55:29,NG,Kwali,2026-07-05 13:50:15.135700,13,2026-07-05,13:50:14,Sunday
makurdi,7.7306,8.5361,clouds,overcast clouds,stations,30.7,35.45,30.7,30.7,1010,65,1010,999,10000,2.44,229,3.25,92,2026-07-05 13:50:15,2026-07-05 05:13:30,2026-07-05 17:46:57,NG,Walmayo,2026-07-05 13:50:15.698345,13,2026-07-05,13:50:15,Sunday
panda,9.2624,7.8385,rain,light rain,stations,33.3,36.6,33.3,33.3,1009,49,1009,967,10000,1.38,336,2.16,59,2026-07-05 15:16:47,2026-07-05 05:13:38,2026-07-05 17:52:24,NG,Maitama,2026-07-05 15:16:47.581725,15,2026-07-05,15:16:47,Sunday
gurara,9.322,7.0232,rain,light rain,stations,31.38,35.14,31.38,31.38,1010,58,1010,970,10000,1.13,257,1.16,86,2026-07-05 15:16:47,2026-07-05 05:16:47,2026-07-05 17:55:46,NG,Suleja,2026-07-05 15:16:48.145891,15,2026-07-05,15:16:47,Sunday
bwari,9.2856,7.3787,rain,light rain,stations,29.48,32.79,29.48,29.48,1010,65,1010,949,10000,0.96,304,1.4,83,2026-07-05 15:16:48,2026-07-05 05:15:26,2026-07-05 17:54:16,NG,Maitama,2026-07-05 15:16:48.396333,15,2026-07-05,15:16:48,Sunday
gwagwalada,9.0764,6.9854,clouds,overcast clouds,stations,32.85,36.56,32.85,32.85,1009,52,1009,987,10000,1.36,206,1.4,93,2026-07-05 15:16:48,2026-07-05 05:17:22,2026-07-05 17:55:29,NG,Kwali,2026-07-05 15:16:48.946312,15,2026-07-05,15:16:48,Sunday
makurdi,7.7306,8.5361,clouds,overcast clouds,stations,30.7,35.45,30.7,30.7,1009,65,1009,998,10000,2.61,235,3.27,95,2026-07-05 15:16:48,2026-07-05 05:13:30,2026-07-05 17:46:57,NG,Walmayo,2026-07-05 15:16:49.496143,15,2026-07-05,15:16:48,Sunday
panda,9.2624,7.8385,rain,moderate rain,stations,28.64,32.64,28.64,28.64,1009,74,1009,967,7305,1.72,291,4.06,57,2026-07-05 17:16:56,2026-07-05 05:13:38,2026-07-05 17:52:24,NG,Maitama,2026-07-05 17:16:57.072376,17,2026-07-05,17:16:56,Sunday
gurara,9.322,7.0232,rain,light rain,stations,28.21,32.46,28.21,28.21,1009,79,1009,969,10000,1.67,271,2.65,79,2026-07-05 17:16:57,2026-07-05 05:16:47,2026-07-05 17:55:46,NG,Suleja,2026-07-05 17:16:57.719334,17,2026-07-05,17:16:57,Sunday
bwari,9.2856,7.3787,rain,light rain,stations,26.48,26.48,26.48,26.48,1010,84,1010,948,10000,2.46,282,5.07,70,2026-07-05 17:16:57,2026-07-05 05:15:26,2026-07-05 17:54:16,NG,Maitama,2026-07-05 17:16:58.372480,17,2026-07-05,17:16:57,Sunday
gwagwalada,9.0764,6.9854,rain,light rain,stations,30.02,34.85,30.02,30.02,1009,69,1009,986,10000,1.75,269,2.9,86,2026-07-05 17:16:58,2026-07-05 05:17:22,2026-07-05 17:55:29,NG,Kwali,2026-07-05 17:16:59.030704,17,2026-07-05,17:16:58,Sunday
makurdi,7.7306,8.5361,clouds,overcast clouds,stations,29.93,35.11,29.93,29.93,1009,71,1009,998,10000,1.82,216,3.05,95,2026-07-05 17:16:59,2026-07-05 05:13:30,2026-07-05 17:46:57,NG,Walmayo,2026-07-05 17:16:59.654672,17,2026-07-05,17:16:59,Sunday
panda,9.2624,7.8385,rain,moderate rain,stations,23.34,24.11,23.34,23.34,1013,91,1013,969,10000,2.45,49,6.42,100,2026-07-05 19:24:50,2026-07-05 05:13:38,2026-07-05 17:52:24,NG,Maitama,2026-07-05 19:24:50.798927,19,2026-07-05,19:24:50,Sunday
gurara,9.322,7.0232,rain,light rain,stations,25.46,26.23,25.46,25.46,1012,83,1012,971,10000,1.25,112,1.42,99,2026-07-05 19:24:50,2026-07-05 05:16:47,2026-07-05 17:55:46,NG,Suleja,2026-07-05 19:24:51.402704,19,2026-07-05,19:24:50,Sunday
bwari,9.2856,7.3787,rain,moderate rain,stations,23.76,24.44,23.76,23.76,1012,86,1012,950,10000,1.25,61,2.17,100,2026-07-05 19:24:51,2026-07-05 05:15:26,2026-07-05 17:54:16,NG,Maitama,2026-07-05 19:24:51.989893,19,2026-07-05,19:24:51,Sunday
gwagwalada,9.0764,6.9854,rain,light rain,stations,26.52,26.52,26.52,26.52,1011,81,1011,988,10000,1.19,51,1.39,85,2026-07-05 19:24:52,2026-07-05 05:17:22,2026-07-05 17:55:29,NG,Kwali,2026-07-05 19:24:52.578520,19,2026-07-05,19:24:52,Sunday
makurdi,7.7306,8.5361,clouds,broken clouds,stations,26.97,29.86,26.97,26.97,1011,82,1011,1000,10000,2.25,203,5.9,73,2026-07-05 19:24:52,2026-07-05 05:13:30,2026-07-05 17:46:57,NG,Walmayo,2026-07-05 19:24:53.170154,19,2026-07-05,19:24:52,Sunday
panda,9.2624,7.8385,clouds,overcast clouds,stations,23.82,24.45,23.82,23.82,1012,84,1012,969,10000,0.18,343,0.44,100,2026-07-05 21:07:11,2026-07-05 05:13:38,2026-07-05 17:52:24,NG,Maitama,2026-07-05 21:07:12.154822,21,2026-07-05,21:07:11,Sunday
gurara,9.322,7.0232,clouds,overcast clouds,stations,25.04,25.85,25.04,25.04,1012,86,1012,972,10000,1.13,134,1.3,100,2026-07-05 21:07:12,2026-07-05 05:16:47,2026-07-05 17:55:46,NG,Suleja,2026-07-05 21:07:12.808801,21,2026-07-05,21:07:12,Sunday
bwari,9.2856,7.3787,clouds,overcast clouds,stations,23.21,23.86,23.21,23.21,1013,87,1013,950,10000,0.59,172,0.89,100,2026-07-05 21:07:12,2026-07-05 05:15:26,2026-07-05 17:54:16,NG,Maitama,2026-07-05 21:07:13.444936,21,2026-07-05,21:07:12,Sunday
gwagwalada,9.0764,6.9854,clouds,overcast clouds,stations,26.39,26.39,26.39,26.39,1012,83,1012,989,10000,0.78,161,0.89,95,2026-07-05 21:07:13,2026-07-05 05:17:22,2026-07-05 17:55:29,NG,Kwali,2026-07-05 21:07:14.092459,21,2026-07-05,21:07:13,Sunday
makurdi,7.7306,8.5361,clouds,broken clouds,stations,26.16,26.16,26.16,26.16,1012,85,1012,1001,10000,2.5,202,7.52,74,2026-07-05 21:07:14,2026-07-05 05:13:30,2026-07-05 17:46:57,NG,Walmayo,2026-07-05 21:07:14.711273,21,2026-07-05,21:07:14,Sunday
panda,9.2624,7.8385,clouds,overcast clouds,stations,23.7,24.42,23.7,23.7,1013,88,1013,970,10000,1.65,260,2.49,100,2026-07-05 23:05:14,2026-07-06 05:13:52,2026-07-06 17:52:29,NG,Maitama,2026-07-05 23:05:14.799232,23,2026-07-05,23:05:14,Sunday
gurara,9.322,7.0232,clouds,overcast clouds,stations,24.63,25.45,24.63,24.63,1013,88,1013,972,10000,0.47,57,0.88,99,2026-07-05 23:05:14,2026-07-06 05:17:02,2026-07-06 17:55:51,NG,Suleja,2026-07-05 23:05:14.893056,23,2026-07-05,23:05:14,Sunday
bwari,9.2856,7.3787,clouds,overcast clouds,stations,23.1,23.74,23.1,23.1,1014,87,1014,951,10000,0.46,75,0.75,99,2026-07-05 23:05:14,2026-07-06 05:15:40,2026-07-06 17:54:22,NG,Maitama,2026-07-05 23:05:14.991308,23,2026-07-05,23:05:14,Sunday
gwagwalada,9.0764,6.9854,clouds,overcast clouds,stations,25.68,26.58,25.68,25.68,1013,87,1013,989,10000,1.34,203,3.39,96,2026-07-05 23:05:15,2026-07-06 05:17:36,2026-07-06 17:55:34,NG,Kwali,2026-07-05 23:05:15.085219,23,2026-07-05,23:05:15,Sunday
makurdi,7.7306,8.5361,clouds,broken clouds,stations,25.67,26.51,25.67,25.67,1013,85,1013,1002,10000,2.64,211,8.83,75,2026-07-05 23:05:15,2026-07-06 05:13:43,2026-07-06 17:47:03,NG,Walmayo,2026-07-05 23:05:15.181382,23,2026-07-05,23:05:15,Sunday
panda,9.2624,7.8385,clouds,overcast clouds,stations,23.21,24.09,23.21,23.21,1013,96,1013,969,10000,1.15,193,2.02,94,2026-07-06 04:00:45,2026-07-06 05:13:52,2026-07-06 17:52:29,NG,Maitama,2026-07-06 04:00:45.316501,4,2026-07-06,04:00:45,Monday
gurara,9.322,7.0232,rain,light rain,stations,22.49,23.38,22.49,22.49,1013,99,1013,972,10000,1.9,200,5.91,96,2026-07-06 04:00:45,2026-07-06 05:17:02,2026-07-06 17:55:51,NG,Suleja,2026-07-06 04:00:45.410719,4,2026-07-06,04:00:45,Monday
bwari,9.2856,7.3787,clouds,overcast clouds,stations,21.68,22.46,21.68,21.68,1013,98,1013,950,10000,2.33,206,7.17,98,2026-07-06 04:00:45,2026-07-06 05:15:40,2026-07-06 17:54:22,NG,Maitama,2026-07-06 04:00:45.507783,4,2026-07-06,04:00:45,Monday
gwagwalada,9.0764,6.9854,rain,light rain,stations,23.3,24.22,23.3,23.3,1013,97,1013,989,10000,1.57,217,4.98,98,2026-07-06 04:00:45,2026-07-06 05:17:36,2026-07-06 17:55:34,NG,Kwali,2026-07-06 04:00:45.607888,4,2026-07-06,04:00:45,Monday
makurdi,7.7306,8.5361,rain,light rain,stations,23.36,24.26,23.36,23.36,1013,96,1013,1001,10000,2.97,220,9.38,100,2026-07-06 04:00:45,2026-07-06 05:13:43,2026-07-06 17:47:03,NG,Walmayo,2026-07-06 04:00:45.706664,4,2026-07-06,04:00:45,Monday
panda,9.2624,7.8385,clouds,overcast clouds,stations,29.51,32.85,29.51,29.51,1014,65,1014,971,10000,2.48,191,2.61,93,2026-07-06 10:46:55,2026-07-06 05:13:52,2026-07-06 17:52:29,NG,Maitama,2026-07-06 10:46:55.133906,10,2026-07-06,10:46:55,Monday
gurara,9.322,7.0232,clouds,overcast clouds,stations,27.86,30.65,27.86,27.86,1014,72,1014,974,10000,3.06,186,3.55,98,2026-07-06 10:46:55,2026-07-06 05:17:02,2026-07-06 17:55:51,NG,Suleja,2026-07-06 10:46:55.231350,10,2026-07-06,10:46:55,Monday
bwari,9.2856,7.3787,clouds,overcast clouds,stations,26.81,28.77,26.81,26.81,1015,73,1015,953,10000,3.04,202,3.55,96,2026-07-06 10:46:55,2026-07-06 05:15:40,2026-07-06 17:54:22,NG,Maitama,2026-07-06 10:46:55.322090,10,2026-07-06,10:46:55,Monday
gwagwalada,9.0764,6.9854,clouds,overcast clouds,stations,28.8,32.3,28.8,28.8,1014,70,1014,991,10000,3.32,186,3.68,98,2026-07-06 10:46:55,2026-07-06 05:17:36,2026-07-06 17:55:34,NG,Kwali,2026-07-06 10:46:55.432193,10,2026-07-06,10:46:55,Monday
makurdi,7.7306,8.5361,clouds,overcast clouds,stations,29.8,33.46,29.8,29.8,1014,65,1014,1003,10000,3.59,242,4.64,95,2026-07-06 10:46:55,2026-07-06 05:13:43,2026-07-06 17:47:03,NG,Walmayo,2026-07-06 10:46:55.527143,10,2026-07-06,10:46:55,Monday
panda,9.2624,7.8385,rain,light rain,stations,28.23,31.87,28.23,28.23,1012,75,1012,969,10000,1.75,227,2.51,91,2026-07-06 15:42:55,2026-07-06 05:13:52,2026-07-06 17:52:29,NG,Maitama,2026-07-06 15:42:55.217175,15,2026-07-06,15:42:55,Monday
gurara,9.322,7.0232,rain,light rain,stations,27.57,30.92,27.57,27.57,1012,79,1012,971,10000,0.99,167,2.17,97,2026-07-06 15:42:55,2026-07-06 05:17:02,2026-07-06 17:55:51,NG,Suleja,2026-07-06 15:42:55.310477,15,2026-07-06,15:42:55,Monday
bwari,9.2856,7.3787,rain,light rain,stations,25.39,26.2,25.39,25.39,1012,85,1012,950,10000,1.31,240,3.24,99,2026-07-06 15:42:55,2026-07-06 05:15:40,2026-07-06 17:54:22,NG,Maitama,2026-07-06 15:42:55.405299,15,2026-07-06,15:42:55,Monday
gwagwalada,9.0764,6.9854,rain,light rain,stations,29.27,33.94,29.27,29.27,1011,73,1011,988,10000,1.41,133,2.54,97,2026-07-06 15:42:55,2026-07-06 05:17:36,2026-07-06 17:55:34,NG,Kwali,2026-07-06 15:42:55.531474,15,2026-07-06,15:42:55,Monday
makurdi,7.7306,8.5361,clouds,overcast clouds,stations,30.72,34.99,30.72,30.72,1011,63,1011,1000,10000,2.09,245,3.62,91,2026-07-06 15:42:55,2026-07-06 05:13:43,2026-07-06 17:47:03,NG,Walmayo,2026-07-06 15:42:55.621986,15,2026-07-06,15:42:55,Monday
panda,9.2624,7.8385,rain,light rain,stations,24.96,25.86,24.96,24.96,1013,90,1013,969,10000,1.6,250,1.82,79,2026-07-06 18:14:15,2026-07-06 05:13:52,2026-07-06 17:52:29,NG,Maitama,2026-07-06 18:14:16.284281,18,2026-07-06,18:14:15,Monday
gurara,9.322,7.0232,clouds,overcast clouds,stations,25.88,26.69,25.88,25.88,1012,83,1012,972,10000,0.76,185,1.02,93,2026-07-06 18:14:16,2026-07-06 05:17:02,2026-07-06 17:55:51,NG,Suleja,2026-07-06 18:14:16.869547,18,2026-07-06,18:14:16,Monday
bwari,9.2856,7.3787,clouds,overcast clouds,stations,24.16,24.9,24.16,24.16,1013,87,1013,950,10000,1.49,228,2.81,95,2026-07-06 18:14:16,2026-07-06 05:15:40,2026-07-06 17:54:22,NG,Maitama,2026-07-06 18:14:17.454310,18,2026-07-06,18:14:16,Monday
gwagwalada,9.0764,6.9854,clouds,overcast clouds,stations,27.35,30.2,27.35,27.35,1012,77,1012,989,10000,1.26,138,1.81,92,2026-07-06 18:14:17,2026-07-06 05:17:36,2026-07-06 17:55:34,NG,Kwali,2026-07-06 18:14:18.052039,18,2026-07-06,18:14:17,Monday
makurdi,7.7306,8.5361,clouds,broken clouds,stations,27.57,30.55,27.57,27.57,1012,76,1012,1000,10000,2.67,211,6.48,81,2026-07-06 18:14:18,2026-07-06 05:13:43,2026-07-06 17:47:03,NG,Walmayo,2026-07-06 18:14:18.638993,18,2026-07-06,18:14:18,Monday
panda,9.2624,7.8385,clouds,few clouds,stations,23.98,24.81,23.98,23.98,1015,91,1015,971,10000,1.01,209,1.03,22,2026-07-06 21:40:00,2026-07-06 05:13:52,2026-07-06 17:52:29,NG,Maitama,2026-07-06 21:40:00.132965,21,2026-07-06,21:40:00,Monday
gurara,9.322,7.0232,rain,light rain,stations,24.13,24.95,24.13,24.13,1015,90,1015,974,10000,1.11,172,1.35,21,2026-07-06 21:40:00,2026-07-06 05:17:02,2026-07-06 17:55:51,NG,Suleja,2026-07-06 21:40:00.229823,21,2026-07-06,21:40:00,Monday
bwari,9.2856,7.3787,clouds,few clouds,stations,22.93,23.63,22.93,22.93,1015,90,1015,952,10000,1.2,176,1.43,14,2026-07-06 21:40:00,2026-07-06 05:15:40,2026-07-06 17:54:22,NG,Maitama,2026-07-06 21:40:00.323660,21,2026-07-06,21:40:00,Monday
gwagwalada,9.0764,6.9854,clouds,few clouds,stations,25.51,26.31,25.51,25.51,1014,84,1014,991,10000,0.62,99,0.76,24,2026-07-06 21:40:00,2026-07-06 05:17:36,2026-07-06 17:55:34,NG,Kwali,2026-07-06 21:40:00.420571,21,2026-07-06,21:40:00,Monday
makurdi,7.7306,8.5361,clouds,scattered clouds,stations,25.47,26.34,25.47,25.47,1014,87,1014,1003,10000,2.89,199,8.61,37,2026-07-06 21:40:00,2026-07-06 05:13:43,2026-07-06 17:47:03,NG,Walmayo,2026-07-06 21:40:00.564543,21,2026-07-06,21:40:00,Monday
panda,9.2624,7.8385,clouds,scattered clouds,stations,23.77,24.6,23.77,23.77,1015,92,1015,971,10000,0.94,237,1.07,38,2026-07-06 23:12:22,2026-07-07 05:14:07,2026-07-07 17:52:33,NG,Maitama,2026-07-06 23:12:22.090720,23,2026-07-06,23:12:22,Monday
gurara,9.322,7.0232,clouds,scattered clouds,stations,23.98,24.78,23.98,23.98,1014,90,1014,974,10000,1.11,171,1.28,27,2026-07-06 23:12:22,2026-07-07 05:17:16,2026-07-07 17:55:55,NG,Suleja,2026-07-06 23:12:22.191577,23,2026-07-06,23:12:22,Monday
bwari,9.2856,7.3787,clouds,scattered clouds,stations,22.73,23.41,22.73,22.73,1015,90,1015,952,10000,1.38,193,1.74,30,2026-07-06 23:12:22,2026-07-07 05:15:55,2026-07-07 17:54:26,NG,Maitama,2026-07-06 23:12:22.280951,23,2026-07-06,23:12:22,Monday
gwagwalada,9.0764,6.9854,rain,light rain,stations,24.88,25.7,24.88,24.88,1014,87,1014,991,10000,1.04,143,1.07,26,2026-07-06 23:12:22,2026-07-07 05:17:51,2026-07-07 17:55:39,NG,Kwali,2026-07-06 23:12:22.387504,23,2026-07-06,23:12:22,Monday
makurdi,7.7306,8.5361,clouds,scattered clouds,stations,25.25,26.1,25.25,25.25,1014,87,1014,1003,10000,3.87,203,9.94,41,2026-07-06 23:12:22,2026-07-07 05:13:57,2026-07-07 17:47:08,NG,Walmayo,2026-07-06 23:12:22.487463,23,2026-07-06,23:12:22,Monday
panda,9.2624,7.8385,rain,light rain,stations,22.67,23.53,22.67,22.67,1015,97,1015,971,10000,1.08,187,1.96,78,2026-07-07 03:51:47,2026-07-07 05:14:07,2026-07-07 17:52:33,NG,Maitama,2026-07-07 03:51:48.136871,3,2026-07-07,03:51:47,Tuesday
gurara,9.322,7.0232,rain,light rain,stations,22.54,23.36,22.54,22.54,1015,96,1015,973,10000,2.04,190,7.02,77,2026-07-07 03:51:48,2026-07-07 05:17:16,2026-07-07 17:55:55,NG,Suleja,2026-07-07 03:51:48.690572,3,2026-07-07,03:51:48,Tuesday
bwari,9.2856,7.3787,clouds,broken clouds,stations,21.57,22.32,21.57,21.57,1015,97,1015,952,10000,1.74,209,4.89,66,2026-07-07 03:51:48,2026-07-07 05:15:55,2026-07-07 17:54:26,NG,Maitama,2026-07-07 03:51:49.247980,3,2026-07-07,03:51:48,Tuesday
gwagwalada,9.0764,6.9854,rain,light rain,stations,23.58,24.45,23.58,23.58,1014,94,1014,991,10000,1.51,197,4.81,51,2026-07-07 03:51:49,2026-07-07 05:17:51,2026-07-07 17:55:39,NG,Kwali,2026-07-07 03:51:49.801609,3,2026-07-07,03:51:49,Tuesday
makurdi,7.7306,8.5361,rain,light rain,stations,23.55,24.44,23.55,23.55,1014,95,1014,1003,10000,3.88,203,9.17,92,2026-07-07 03:51:49,2026-07-07 05:13:57,2026-07-07 17:47:08,NG,Walmayo,2026-07-07 03:51:50.354140,3,2026-07-07,03:51:49,Tuesday
panda,9.2624,7.8385,clouds,broken clouds,stations,26.07,26.07,26.07,26.07,1017,84,1017,974,10000,2.32,233,3.69,82,2026-07-07 07:44:11,2026-07-07 05:14:07,2026-07-07 17:52:33,NG,Maitama,2026-07-07 07:44:11.694465,7,2026-07-07,07:44:11,Tuesday
gurara,9.322,7.0232,clouds,overcast clouds,stations,24.56,25.45,24.56,24.56,1017,91,1017,976,10000,2.66,237,4.75,90,2026-07-07 07:44:11,2026-07-07 05:17:16,2026-07-07 17:55:55,NG,Suleja,2026-07-07 07:44:12.253004,7,2026-07-07,07:44:11,Tuesday
bwari,9.2856,7.3787,clouds,overcast clouds,stations,23.23,24.06,23.23,23.23,1017,94,1017,955,10000,3.09,237,5.69,90,2026-07-07 07:44:12,2026-07-07 05:15:55,2026-07-07 17:54:26,NG,Maitama,2026-07-07 07:44:12.805295,7,2026-07-07,07:44:12,Tuesday
gwagwalada,9.0764,6.9854,rain,light rain,stations,25.69,26.61,25.69,25.69,1017,88,1017,994,10000,2.39,240,3.91,80,2026-07-07 07:44:12,2026-07-07 05:17:51,2026-07-07 17:55:39,NG,Kwali,2026-07-07 07:44:12.943686,7,2026-07-07,07:44:12,Tuesday
makurdi,7.7306,8.5361,clouds,broken clouds,stations,27.69,30.94,27.69,27.69,1017,77,1017,1006,10000,3.29,232,5.09,65,2026-07-07 07:44:12,2026-07-07 05:13:57,2026-07-07 17:47:08,NG,Walmayo,2026-07-07 07:44:13.501259,7,2026-07-07,07:44:12,Tuesday
panda,9.2624,7.8385,rain,light rain,stations,28.61,32.4,28.61,28.61,1016,73,1016,973,10000,1.8,236,1.92,75,2026-07-07 11:12:45,2026-07-07 05:14:07,2026-07-07 17:52:33,NG,Maitama,2026-07-07 11:12:45.627968,11,2026-07-07,11:12:45,Tuesday
gurara,9.322,7.0232,rain,light rain,stations,28.65,31.98,28.65,28.65,1016,70,1016,976,10000,2.67,238,2.92,81,2026-07-07 11:12:45,2026-07-07 05:17:16,2026-07-07 17:55:55,NG,Suleja,2026-07-07 11:12:46.179457,11,2026-07-07,11:12:45,Tuesday
bwari,9.2856,7.3787,rain,light rain,stations,27.08,29.63,27.08,27.08,1017,77,1017,955,10000,2.58,248,2.74,81,2026-07-07 11:12:46,2026-07-07 05:15:55,2026-07-07 17:54:26,NG,Maitama,2026-07-07 11:12:46.732285,11,2026-07-07,11:12:46,Tuesday
gwagwalada,9.0764,6.9854,rain,light rain,stations,29.43,33.69,29.43,29.43,1016,70,1016,993,10000,2.2,241,2.55,78,2026-07-07 11:12:46,2026-07-07 05:17:51,2026-07-07 17:55:39,NG,Kwali,2026-07-07 11:12:47.292392,11,2026-07-07,11:12:46,Tuesday
makurdi,7.7306,8.5361,rain,light rain,stations,29.74,34.19,29.74,29.74,1016,69,1016,1005,10000,2.79,240,3.22,73,2026-07-07 11:12:47,2026-07-07 05:13:57,2026-07-07 17:47:08,NG,Walmayo,2026-07-07 11:12:47.843459,11,2026-07-07,11:12:47,Tuesday
panda,9.2624,7.8385,clouds,broken clouds,stations,30.09,34.54,30.09,30.09,1013,67,1013,970,10000,1.33,258,1.28,77,2026-07-07 14:47:40,2026-07-07 05:14:07,2026-07-07 17:52:33,NG,Maitama,2026-07-07 14:47:40.115944,14,2026-07-07,14:47:40,Tuesday
gurara,9.322,7.0232,rain,light rain,stations,29.77,33.82,29.77,29.77,1013,67,1013,973,10000,1.23,250,1.13,72,2026-07-07 14:47:40,2026-07-07 05:17:16,2026-07-07 17:55:55,NG,Suleja,2026-07-07 14:47:40.310325,14,2026-07-07,14:47:40,Tuesday
bwari,9.2856,7.3787,rain,moderate rain,stations,27.73,30.77,27.73,27.73,1013,75,1013,952,10000,1.11,266,1.16,75,2026-07-07 14:47:40,2026-07-07 05:15:55,2026-07-07 17:54:26,NG,Maitama,2026-07-07 14:47:40.475598,14,2026-07-07,14:47:40,Tuesday
gwagwalada,9.0764,6.9854,rain,light rain,stations,31.72,36.43,31.72,31.72,1012,60,1012,990,10000,1.09,220,1.04,78,2026-07-07 14:47:40,2026-07-07 05:17:51,2026-07-07 17:55:39,NG,Kwali,2026-07-07 14:47:40.637046,14,2026-07-07,14:47:40,Tuesday
makurdi,7.7306,8.5361,rain,light rain,stations,30.67,35.38,30.67,30.67,1012,65,1012,1001,10000,2.53,232,3.51,85,2026-07-07 14:47:40,2026-07-07 05:13:57,2026-07-07 17:47:08,NG,Walmayo,2026-07-07 14:47:40.801914,14,2026-07-07,14:47:40,Tuesday
panda,9.2624,7.8385,rain,heavy intensity rain,stations,25.43,26.3,25.43,25.43,1014,87,1014,970,10000,1.62,309,1.56,63,2026-07-07 18:04:05,2026-07-07 05:14:07,2026-07-07 17:52:33,NG,Maitama,2026-07-07 18:04:05.808516,18,2026-07-07,18:04:05,Tuesday
gurara,9.322,7.0232,rain,light rain,stations,25.63,26.49,25.63,25.63,1013,86,1013,972,10000,1.09,297,1.16,56,2026-07-07 18:04:05,2026-07-07 05:17:16,2026-07-07 17:55:55,NG,Suleja,2026-07-07 18:04:05.902758,18,2026-07-07,18:04:05,Tuesday
bwari,9.2856,7.3787,rain,light rain,stations,24.23,25.06,24.23,24.23,1014,90,1014,952,10000,0.91,306,1.01,54,2026-07-07 18:04:05,2026-07-07 05:15:55,2026-07-07 17:54:26,NG,Maitama,2026-07-07 18:04:05.992974,18,2026-07-07,18:04:05,Tuesday
gwagwalada,9.0764,6.9854,rain,light rain,stations,27.77,31.12,27.77,27.77,1012,77,1012,990,10000,0.8,295,0.93,71,2026-07-07 18:04:06,2026-07-07 05:17:51,2026-07-07 17:55:39,NG,Kwali,2026-07-07 18:04:06.089653,18,2026-07-07,18:04:06,Tuesday
makurdi,7.7306,8.5361,rain,light rain,stations,26.36,26.36,26.36,26.36,1013,86,1013,1002,10000,2.72,198,5.25,90,2026-07-07 18:04:06,2026-07-07 05:13:57,2026-07-07 17:47:08,NG,Walmayo,2026-07-07 18:04:06.189749,18,2026-07-07,18:04:06,Tuesday
panda,9.2624,7.8385,clouds,overcast clouds,stations,24.81,25.67,24.81,24.81,1016,89,1016,973,10000,0.83,18,0.9,93,2026-07-07 21:27:36,2026-07-07 05:14:07,2026-07-07 17:52:33,NG,Maitama,2026-07-07 21:27:37.304430,21,2026-07-07,21:27:36,Tuesday
gurara,9.322,7.0232,clouds,broken clouds,stations,25.09,25.9,25.09,25.09,1015,86,1015,975,10000,1.47,98,1.44,81,2026-07-07 21:27:37,2026-07-07 05:17:16,2026-07-07 17:55:55,NG,Suleja,2026-07-07 21:27:37.868298,21,2026-07-07,21:27:37,Tuesday
bwari,9.2856,7.3787,clouds,overcast clouds,stations,23.55,24.34,23.55,23.55,1016,91,1016,954,10000,1.1,93,1.11,89,2026-07-07 21:27:37,2026-07-07 05:15:55,2026-07-07 17:54:26,NG,Maitama,2026-07-07 21:27:38.437393,21,2026-07-07,21:27:37,Tuesday
gwagwalada,9.0764,6.9854,rain,light rain,stations,26.1,26.1,26.1,26.1,1015,84,1015,992,10000,1.47,82,1.4,76,2026-07-07 21:27:38,2026-07-07 05:17:51,2026-07-07 17:55:39,NG,Kwali,2026-07-07 21:27:38.998703,21,2026-07-07,21:27:38,Tuesday
makurdi,7.7306,8.5361,clouds,overcast clouds,stations,25.23,26.21,25.23,25.23,1015,92,1015,1004,10000,2.22,192,6.37,88,2026-07-07 21:27:39,2026-07-07 05:13:57,2026-07-07 17:47:08,NG,Walmayo,2026-07-07 21:27:39.561233,21,2026-07-07,21:27:39,Tuesday
panda,9.2624,7.8385,clouds,overcast clouds,stations,24.39,25.21,24.39,24.39,1015,89,1015,971,10000,0.8,231,0.87,96,2026-07-07 23:06:09,2026-07-08 05:14:21,2026-07-08 17:52:37,NG,Maitama,2026-07-07 23:06:09.187933,23,2026-07-07,23:06:09,Tuesday
gurara,9.322,7.0232,clouds,overcast clouds,stations,24.76,25.56,24.76,24.76,1015,87,1015,974,10000,0.17,353,0.43,89,2026-07-07 23:06:09,2026-07-08 05:17:31,2026-07-08 17:55:59,NG,Suleja,2026-07-07 23:06:09.324113,23,2026-07-07,23:06:09,Tuesday
bwari,9.2856,7.3787,clouds,overcast clouds,stations,23.48,24.21,23.48,23.48,1015,89,1015,953,10000,1.04,224,1.03,94,2026-07-07 23:06:09,2026-07-08 05:16:09,2026-07-08 17:54:30,NG,Maitama,2026-07-07 23:06:09.455988,23,2026-07-07,23:06:09,Tuesday
gwagwalada,9.0764,6.9854,clouds,overcast clouds,stations,25.85,26.68,25.85,25.85,1014,84,1014,991,10000,0.23,73,0.45,85,2026-07-07 23:06:09,2026-07-08 05:18:05,2026-07-08 17:55:43,NG,Kwali,2026-07-07 23:06:09.596445,23,2026-07-07,23:06:09,Tuesday
makurdi,7.7306,8.5361,clouds,overcast clouds,stations,24.87,25.87,24.87,24.87,1015,94,1015,1004,10000,2.44,223,8.05,93,2026-07-07 23:06:09,2026-07-08 05:14:11,2026-07-08 17:47:13,NG,Walmayo,2026-07-07 23:06:09.730816,23,2026-07-07,23:06:09,Tuesday
panda,9.2624,7.8385,clouds,overcast clouds,stations,23.27,24.03,23.27,23.27,1015,91,1015,971,10000,0.2,115,0.32,100,2026-07-08 03:18:38,2026-07-08 05:14:21,2026-07-08 17:52:37,NG,Maitama,2026-07-08 03:18:38.249129,3,2026-07-08,03:18:38,Wednesday
gurara,9.322,7.0232,rain,light rain,stations,23.42,24.19,23.42,23.42,1014,91,1014,973,10000,1.69,159,2.74,100,2026-07-08 03:18:38,2026-07-08 05:17:31,2026-07-08 17:55:59,NG,Suleja,2026-07-08 03:18:38.406260,3,2026-07-08,03:18:38,Wednesday
bwari,9.2856,7.3787,rain,light rain,stations,21.89,22.48,21.89,21.89,1015,90,1015,952,10000,0.76,124,0.83,100,2026-07-08 03:18:38,2026-07-08 05:16:09,2026-07-08 17:54:30,NG,Maitama,2026-07-08 03:18:38.551495,3,2026-07-08,03:18:38,Wednesday
gwagwalada,9.0764,6.9854,rain,light rain,stations,23.92,24.85,23.92,23.92,1014,95,1014,991,10000,1.5,174,3.78,100,2026-07-08 03:18:38,2026-07-08 05:18:05,2026-07-08 17:55:43,NG,Kwali,2026-07-08 03:18:38.686610,3,2026-07-08,03:18:38,Wednesday
makurdi,7.7306,8.5361,clouds,overcast clouds,stations,24.24,25.2,24.24,24.24,1014,95,1014,1003,10000,2.81,199,8.63,100,2026-07-08 03:18:38,2026-07-08 05:14:11,2026-07-08 17:47:13,NG,Walmayo,2026-07-08 03:18:38.824737,3,2026-07-08,03:18:38,Wednesday
panda,9.2624,7.8385,clouds,overcast clouds,stations,24.45,25.38,24.45,24.45,1017,93,1017,973,10000,1.89,147,3.17,100,2026-07-08 06:32:23,2026-07-08 05:14:21,2026-07-08 17:52:37,NG,Maitama,2026-07-08 06:32:24.293017,6,2026-07-08,06:32:23,Wednesday
gurara,9.322,7.0232,clouds,overcast clouds,stations,24.06,24.92,24.06,24.06,1016,92,1016,975,10000,1.59,187,2.73,100,2026-07-08 06:32:25,2026-07-08 05:17:31,2026-07-08 17:55:59,NG,Suleja,2026-07-08 06:32:25.716950,6,2026-07-08,06:32:25,Wednesday
bwari,9.2856,7.3787,clouds,overcast clouds,stations,23.1,23.92,23.1,23.1,1016,94,1016,953,10000,1.43,172,2.61,100,2026-07-08 06:32:25,2026-07-08 05:16:09,2026-07-08 17:54:30,NG,Maitama,2026-07-08 06:32:26.916697,6,2026-07-08,06:32:25,Wednesday
gwagwalada,9.0764,6.9854,clouds,overcast clouds,stations,24.88,25.8,24.88,24.88,1015,91,1015,992,10000,0.9,177,1.69,100,2026-07-08 06:32:26,2026-07-08 05:18:05,2026-07-08 17:55:43,NG,Kwali,2026-07-08 06:32:27.486354,6,2026-07-08,06:32:26,Wednesday
makurdi,7.7306,8.5361,rain,heavy intensity rain,stations,23.96,24.94,23.96,23.96,1016,97,1016,1005,8154,2.47,188,5.78,100,2026-07-08 06:32:27,2026-07-08 05:14:11,2026-07-08 17:47:13,NG,Walmayo,2026-07-08 06:32:28.267068,6,2026-07-08,06:32:27,Wednesday
panda,9.2624,7.8385,clouds,overcast clouds,stations,27.39,30.4,27.39,27.39,1016,78,1016,973,10000,2.79,166,3.41,98,2026-07-08 10:23:10,2026-07-08 05:14:21,2026-07-08 17:52:37,NG,Maitama,2026-07-08 10:23:10.548950,10,2026-07-08,10:23:10,Wednesday
gurara,9.322,7.0232,clouds,overcast clouds,stations,28.18,31.45,28.18,28.18,1016,73,1016,975,10000,2.54,174,3.08,100,2026-07-08 10:23:10,2026-07-08 05:17:31,2026-07-08 17:55:59,NG,Suleja,2026-07-08 10:23:10.725521,10,2026-07-08,10:23:10,Wednesday
bwari,9.2856,7.3787,clouds,overcast clouds,stations,26.69,28.99,26.69,26.69,1016,79,1016,954,10000,2.44,164,3.11,100,2026-07-08 10:23:10,2026-07-08 05:16:09,2026-07-08 17:54:30,NG,Maitama,2026-07-08 10:23:10.889146,10,2026-07-08,10:23:10,Wednesday
gwagwalada,9.0764,6.9854,clouds,overcast clouds,stations,29.2,33.37,29.2,29.2,1015,71,1015,993,10000,2.31,169,2.91,100,2026-07-08 10:23:11,2026-07-08 05:18:05,2026-07-08 17:55:43,NG,Kwali,2026-07-08 10:23:11.051425,10,2026-07-08,10:23:11,Wednesday
makurdi,7.7306,8.5361,clouds,overcast clouds,stations,25.67,26.64,25.67,25.67,1015,90,1015,1004,10000,2.99,246,4.92,100,2026-07-08 10:23:11,2026-07-08 05:14:11,2026-07-08 17:47:13,NG,Walmayo,2026-07-08 10:23:11.215198,10,2026-07-08,10:23:11,Wednesday
panda,9.2624,7.8385,clouds,overcast clouds,stations,31.76,36.23,31.76,31.76,1012,59,1012,970,10000,0.76,147,1.27,100,2026-07-08 14:25:39,2026-07-08 05:14:21,2026-07-08 17:52:37,NG,Maitama,2026-07-08 14:25:40.413667,14,2026-07-08,14:25:39,Wednesday
gurara,9.322,7.0232,rain,light rain,stations,28.79,32.81,28.79,28.79,1013,73,1013,972,10000,1.57,211,1.79,100,2026-07-08 14:25:40,2026-07-08 05:17:31,2026-07-08 17:55:59,NG,Suleja,2026-07-08 14:25:41.431756,14,2026-07-08,14:25:40,Wednesday
bwari,9.2856,7.3787,rain,light rain,stations,28.48,31.94,28.48,28.48,1013,72,1013,951,10000,1.0,244,1.59,100,2026-07-08 14:25:41,2026-07-08 05:16:09,2026-07-08 17:54:30,NG,Maitama,2026-07-08 14:25:42.029226,14,2026-07-08,14:25:41,Wednesday
gwagwalada,9.0764,6.9854,clouds,overcast clouds,stations,29.82,34.37,29.82,29.82,1012,69,1012,989,10000,1.16,199,1.26,100,2026-07-08 14:25:42,2026-07-08 05:18:05,2026-07-08 17:55:43,NG,Kwali,2026-07-08 14:25:42.626006,14,2026-07-08,14:25:42,Wednesday
makurdi,7.7306,8.5361,clouds,overcast clouds,stations,29.6,34.08,29.6,29.6,1012,70,1012,1001,10000,1.13,240,1.12,100,2026-07-08 14:25:42,2026-07-08 05:14:11,2026-07-08 17:47:13,NG,Walmayo,2026-07-08 14:25:43.218459,14,2026-07-08,14:25:42,Wednesday
panda,9.2624,7.8385,rain,light rain,stations,25.59,26.5,25.59,25.59,1012,88,1012,969,10000,2.21,202,3.09,100,2026-07-08 17:42:00,2026-07-08 05:14:21,2026-07-08 17:52:37,NG,Maitama,2026-07-08 17:42:00.039942,17,2026-07-08,17:42:00,Wednesday
gurara,9.322,7.0232,rain,light rain,stations,25.9,26.82,25.9,25.9,1011,87,1011,971,10000,2.14,197,4.82,100,2026-07-08 17:42:00,2026-07-08 05:17:31,2026-07-08 17:55:59,NG,Suleja,2026-07-08 17:42:00.135341,17,2026-07-08,17:42:00,Wednesday
bwari,9.2856,7.3787,rain,moderate rain,stations,24.17,25.04,24.17,24.17,1012,92,1012,950,10000,2.03,187,3.32,100,2026-07-08 17:42:00,2026-07-08 05:16:09,2026-07-08 17:54:30,NG,Maitama,2026-07-08 17:42:00.230194,17,2026-07-08,17:42:00,Wednesday
gwagwalada,9.0764,6.9854,rain,light rain,stations,27.11,30.09,27.11,27.11,1011,81,1011,988,10000,1.99,200,2.64,100,2026-07-08 17:42:00,2026-07-08 05:18:05,2026-07-08 17:55:43,NG,Kwali,2026-07-08 17:42:00.327166,17,2026-07-08,17:42:00,Wednesday
makurdi,7.7306,8.5361,clouds,overcast clouds,stations,26.79,29.28,26.79,26.79,1012,80,1012,1001,10000,2.1,208,2.58,98,2026-07-08 17:42:00,2026-07-08 05:14:11,2026-07-08 17:47:13,NG,Walmayo,2026-07-08 17:42:00.453393,17,2026-07-08,17:42:00,Wednesday
panda,9.2624,7.8385,clouds,overcast clouds,stations,24.79,25.7,24.79,24.79,1014,91,1014,970,10000,1.18,192,1.34,100,2026-07-08 19:39:45,2026-07-08 05:14:21,2026-07-08 17:52:37,NG,Maitama,2026-07-08 19:39:46.260981,19,2026-07-08,19:39:45,Wednesday
gurara,9.322,7.0232,clouds,overcast clouds,stations,24.79,25.7,24.79,24.79,1013,91,1013,973,10000,1.74,193,2.67,100,2026-07-08 19:39:46,2026-07-08 05:17:31,2026-07-08 17:55:59,NG,Suleja,2026-07-08 19:39:46.812678,19,2026-07-08,19:39:46,Wednesday
bwari,9.2856,7.3787,rain,light rain,stations,23.53,24.37,23.53,23.53,1014,93,1014,951,10000,1.9,201,2.83,100,2026-07-08 19:39:46,2026-07-08 05:16:09,2026-07-08 17:54:30,NG,Maitama,2026-07-08 19:39:47.365267,19,2026-07-08,19:39:46,Wednesday
gwagwalada,9.0764,6.9854,clouds,overcast clouds,stations,26.02,26.02,26.02,26.02,1013,87,1013,990,10000,1.9,186,2.58,100,2026-07-08 19:39:47,2026-07-08 05:18:05,2026-07-08 17:55:43,NG,Kwali,2026-07-08 19:39:47.916186,19,2026-07-08,19:39:47,Wednesday
makurdi,7.7306,8.5361,clouds,overcast clouds,stations,25.63,26.49,25.63,25.63,1014,86,1014,1003,10000,2.2,218,4.63,100,2026-07-08 19:39:47,2026-07-08 05:14:11,2026-07-08 17:47:13,NG,Walmayo,2026-07-08 19:39:48.363680,19,2026-07-08,19:39:47,Wednesday
panda,9.2624,7.8385,clouds,overcast clouds,stations,24.4,25.32,24.4,24.4,1015,93,1015,971,10000,1.05,182,1.22,100,2026-07-08 21:12:30,2026-07-08 05:14:21,2026-07-08 17:52:37,NG,Maitama,2026-07-08 21:12:30.926664,21,2026-07-08,21:12:30,Wednesday
gurara,9.322,7.0232,clouds,overcast clouds,stations,24.68,25.61,24.68,24.68,1014,92,1014,974,10000,1.24,233,1.75,100,2026-07-08 21:12:30,2026-07-08 05:17:31,2026-07-08 17:55:59,NG,Suleja,2026-07-08 21:12:31.481577,21,2026-07-08,21:12:30,Wednesday
bwari,9.2856,7.3787,clouds,overcast clouds,stations,23.38,24.23,23.38,23.38,1015,94,1015,952,10000,1.51,224,2.36,99,2026-07-08 21:12:31,2026-07-08 05:16:09,2026-07-08 17:54:30,NG,Maitama,2026-07-08 21:12:32.032642,21,2026-07-08,21:12:31,Wednesday
gwagwalada,9.0764,6.9854,clouds,overcast clouds,stations,25.6,26.57,25.6,25.6,1014,90,1014,991,10000,1.4,203,3.16,100,2026-07-08 21:12:32,2026-07-08 05:18:05,2026-07-08 17:55:43,NG,Kwali,2026-07-08 21:12:32.585283,21,2026-07-08,21:12:32,Wednesday
makurdi,7.7306,8.5361,clouds,overcast clouds,stations,25.28,26.14,25.28,25.28,1014,87,1014,1003,10000,2.42,213,6.62,100,2026-07-08 21:12:32,2026-07-08 05:14:11,2026-07-08 17:47:13,NG,Walmayo,2026-07-08 21:12:33.135745,21,2026-07-08,21:12:32,Wednesday
panda,9.2624,7.8385,rain,light rain,stations,23.75,24.69,23.75,23.75,1015,96,1015,971,10000,1.33,207,1.41,100,2026-07-08 23:12:32,2026-07-09 05:14:35,2026-07-09 17:52:41,NG,Maitama,2026-07-08 23:12:33.380078,23,2026-07-08,23:12:32,Wednesday
gurara,9.322,7.0232,clouds,overcast clouds,stations,23.95,24.91,23.95,23.95,1014,96,1014,973,10000,2.06,145,4.51,100,2026-07-08 23:12:33,2026-07-09 05:17:45,2026-07-09 17:56:02,NG,Suleja,2026-07-08 23:12:33.944648,23,2026-07-08,23:12:33,Wednesday
bwari,9.2856,7.3787,rain,moderate rain,stations,22.62,23.47,22.62,22.62,1015,97,1015,952,10000,1.54,195,2.8,99,2026-07-08 23:12:33,2026-07-09 05:16:23,2026-07-09 17:54:33,NG,Maitama,2026-07-08 23:12:34.506421,23,2026-07-08,23:12:33,Wednesday
gwagwalada,9.0764,6.9854,rain,light rain,stations,24.8,25.76,24.8,24.8,1014,93,1014,991,10000,1.8,145,3.16,99,2026-07-08 23:12:34,2026-07-09 05:18:19,2026-07-09 17:55:46,NG,Kwali,2026-07-08 23:12:35.076278,23,2026-07-08,23:12:34,Wednesday
makurdi,7.7306,8.5361,rain,light rain,stations,24.61,25.53,24.61,24.61,1014,92,1014,1003,10000,2.03,208,6.34,100,2026-07-08 23:12:35,2026-07-09 05:14:24,2026-07-09 17:47:17,NG,Walmayo,2026-07-08 23:12:35.640481,23,2026-07-08,23:12:35,Wednesday
panda,9.2624,7.8385,clouds,overcast clouds,stations,23.01,23.93,23.01,23.01,1013,98,1013,969,10000,1.35,156,2.45,99,2026-07-09 03:44:00,2026-07-09 05:14:35,2026-07-09 17:52:41,NG,Maitama,2026-07-09 03:44:00.064385,3,2026-07-09,03:44:00,Thursday
gurara,9.322,7.0232,clouds,overcast clouds,stations,22.59,23.49,22.59,22.59,1013,99,1013,972,10000,1.95,183,6.35,100,2026-07-09 03:44:00,2026-07-09 05:17:45,2026-07-09 17:56:02,NG,Suleja,2026-07-09 03:44:00.160450,3,2026-07-09,03:44:00,Thursday
bwari,9.2856,7.3787,clouds,overcast clouds,stations,21.73,22.52,21.73,21.73,1013,98,1013,950,10000,1.9,199,5.64,100,2026-07-09 03:44:00,2026-07-09 05:16:23,2026-07-09 17:54:33,NG,Maitama,2026-07-09 03:44:00.254295,3,2026-07-09,03:44:00,Thursday
gwagwalada,9.0764,6.9854,clouds,overcast clouds,stations,23.44,24.4,23.44,23.44,1012,98,1012,989,10000,1.45,187,4.29,100,2026-07-09 03:44:00,2026-07-09 05:18:19,2026-07-09 17:55:46,NG,Kwali,2026-07-09 03:44:00.348379,3,2026-07-09,03:44:00,Thursday
makurdi,7.7306,8.5361,rain,light rain,stations,24.07,24.99,24.07,24.07,1012,94,1012,1001,10000,2.63,207,7.49,100,2026-07-09 03:44:00,2026-07-09 05:14:24,2026-07-09 17:47:17,NG,Walmayo,2026-07-09 03:44:00.441711,3,2026-07-09,03:44:00,Thursday
panda,9.2624,7.8385,clouds,overcast clouds,stations,24.9,25.74,24.9,24.9,1015,88,1015,971,10000,0.81,173,1.27,99,2026-07-09 07:41:01,2026-07-09 05:14:35,2026-07-09 17:52:41,NG,Maitama,2026-07-09 07:41:01.963009,7,2026-07-09,07:41:01,Thursday
gurara,9.322,7.0232,clouds,overcast clouds,stations,24.7,25.5,24.7,24.7,1014,87,1014,973,10000,1.65,158,2.83,100,2026-07-09 07:41:02,2026-07-09 05:17:45,2026-07-09 17:56:02,NG,Suleja,2026-07-09 07:41:02.556786,7,2026-07-09,07:41:02,Thursday
bwari,9.2856,7.3787,clouds,overcast clouds,stations,23.63,24.37,23.63,23.63,1015,89,1015,952,10000,1.39,169,2.45,97,2026-07-09 07:41:02,2026-07-09 05:16:23,2026-07-09 17:54:33,NG,Maitama,2026-07-09 07:41:03.163241,7,2026-07-09,07:41:02,Thursday
gwagwalada,9.0764,6.9854,clouds,overcast clouds,stations,25.33,26.16,25.33,25.33,1014,86,1014,991,10000,1.24,155,2.22,100,2026-07-09 07:41:03,2026-07-09 05:18:19,2026-07-09 17:55:46,NG,Kwali,2026-07-09 07:41:03.755970,7,2026-07-09,07:41:03,Thursday
makurdi,7.7306,8.5361,clouds,overcast clouds,stations,26.05,26.05,26.05,26.05,1014,86,1014,1003,10000,2.86,211,4.75,100,2026-07-09 07:41:03,2026-07-09 05:14:24,2026-07-09 17:47:17,NG,Walmayo,2026-07-09 07:41:04.277774,7,2026-07-09,07:41:03,Thursday
panda,9.2624,7.8385,rain,light rain,stations,29.52,33.27,29.52,29.52,1014,67,1014,971,10000,2.23,167,2.49,98,2026-07-09 11:13:28,2026-07-09 05:14:35,2026-07-09 17:52:41,NG,Maitama,2026-07-09 11:13:29.157986,11,2026-07-09,11:13:28,Thursday
gurara,9.322,7.0232,clouds,overcast clouds,stations,27.93,31.06,27.93,27.93,1014,74,1014,974,10000,2.83,192,3.1,100,2026-07-09 11:13:29,2026-07-09 05:17:45,2026-07-09 17:56:02,NG,Suleja,2026-07-09 11:13:29.717541,11,2026-07-09,11:13:29,Thursday
bwari,9.2856,7.3787,clouds,overcast clouds,stations,27.55,30.16,27.55,27.55,1014,73,1014,952,10000,2.32,189,2.55,99,2026-07-09 11:13:29,2026-07-09 05:16:23,2026-07-09 17:54:33,NG,Maitama,2026-07-09 11:13:30.268509,11,2026-07-09,11:13:29,Thursday
gwagwalada,9.0764,6.9854,clouds,overcast clouds,stations,27.76,31.1,27.76,27.76,1014,77,1014,991,10000,1.9,210,2.65,100,2026-07-09 11:13:30,2026-07-09 05:18:19,2026-07-09 17:55:46,NG,Kwali,2026-07-09 11:13:30.820512,11,2026-07-09,11:13:30,Thursday
makurdi,7.7306,8.5361,rain,moderate rain,stations,25.15,26.12,25.15,25.15,1014,92,1014,1003,6955,1.83,158,3.8,100,2026-07-09 11:13:30,2026-07-09 05:14:24,2026-07-09 17:47:17,NG,Walmayo,2026-07-09 11:13:31.373266,11,2026-07-09,11:13:30,Thursday
panda,9.2624,7.8385,rain,moderate rain,stations,24.73,25.61,24.73,24.73,1012,90,1012,969,10000,2.64,170,5.49,100,2026-07-09 15:19:58,2026-07-09 05:14:35,2026-07-09 17:52:41,NG,Maitama,2026-07-09 15:19:58.257494,15,2026-07-09,15:19:58,Thursday
gurara,9.322,7.0232,rain,moderate rain,stations,25.59,26.48,25.59,25.59,1012,87,1012,971,7448,2.51,174,4.21,100,2026-07-09 15:19:58,2026-07-09 05:17:45,2026-07-09 17:56:02,NG,Suleja,2026-07-09 15:19:58.347161,15,2026-07-09,15:19:58,Thursday
bwari,9.2856,7.3787,rain,moderate rain,stations,23.98,24.78,23.98,23.98,1012,90,1012,950,10000,2.21,170,3.86,100,2026-07-09 15:19:58,2026-07-09 05:16:23,2026-07-09 17:54:33,NG,Maitama,2026-07-09 15:19:58.461960,15,2026-07-09,15:19:58,Thursday
gwagwalada,9.0764,6.9854,rain,light rain,stations,27.53,30.96,27.53,27.53,1011,80,1011,988,10000,2.5,173,3.57,100,2026-07-09 15:19:58,2026-07-09 05:18:19,2026-07-09 17:55:46,NG,Kwali,2026-07-09 15:19:58.560576,15,2026-07-09,15:19:58,Thursday
makurdi,7.7306,8.5361,rain,light rain,stations,24.98,25.96,24.98,24.98,1012,93,1012,1001,10000,3.17,192,6.35,100,2026-07-09 15:19:58,2026-07-09 05:14:24,2026-07-09 17:47:17,NG,Walmayo,2026-07-09 15:19:58.662845,15,2026-07-09,15:19:58,Thursday
panda,9.2624,7.8385,clouds,overcast clouds,stations,23.44,24.37,23.44,23.44,1012,97,1012,969,10000,1.78,180,5.66,100,2026-07-09 18:00:10,2026-07-09 05:14:35,2026-07-09 17:52:41,NG,Maitama,2026-07-09 18:00:10.795057,18,2026-07-09,18:00:10,Thursday
gurara,9.322,7.0232,rain,light rain,stations,23.19,24.1,23.19,23.19,1012,97,1012,971,10000,2.19,181,6.21,100,2026-07-09 18:00:10,2026-07-09 05:17:45,2026-07-09 17:56:02,NG,Suleja,2026-07-09 18:00:10.935859,18,2026-07-09,18:00:10,Thursday
bwari,9.2856,7.3787,clouds,overcast clouds,stations,22.37,23.17,22.37,22.37,1013,96,1013,950,10000,1.68,191,5.14,100,2026-07-09 18:00:11,2026-07-09 05:16:23,2026-07-09 17:54:33,NG,Maitama,2026-07-09 18:00:11.077992,18,2026-07-09,18:00:11,Thursday
gwagwalada,9.0764,6.9854,rain,moderate rain,stations,24.09,25.06,24.09,24.09,1012,96,1012,988,10000,1.7,194,4.7,100,2026-07-09 18:00:11,2026-07-09 05:18:19,2026-07-09 17:55:46,NG,Kwali,2026-07-09 18:00:11.207354,18,2026-07-09,18:00:11,Thursday
makurdi,7.7306,8.5361,clouds,overcast clouds,stations,23.19,24.05,23.19,23.19,1012,95,1012,1001,10000,2.96,222,8.9,100,2026-07-09 18:00:11,2026-07-09 05:14:24,2026-07-09 17:47:17,NG,Walmayo,2026-07-09 18:00:11.338596,18,2026-07-09,18:00:11,Thursday
panda,9.2624,7.8385,clouds,overcast clouds,stations,22.84,23.76,22.84,22.84,1014,99,1014,970,10000,1.45,151,4.73,100,2026-07-09 20:00:25,2026-07-09 05:14:35,2026-07-09 17:52:41,NG,Maitama,2026-07-09 20:00:25.399316,20,2026-07-09,20:00:25,Thursday
gurara,9.322,7.0232,rain,light rain,stations,23.19,24.05,23.19,23.19,1013,95,1013,972,10000,1.78,158,5.51,100,2026-07-09 20:00:25,2026-07-09 05:17:45,2026-07-09 17:56:02,NG,Suleja,2026-07-09 20:00:25.452798,20,2026-07-09,20:00:25,Thursday
bwari,9.2856,7.3787,rain,light rain,stations,21.9,22.68,21.9,21.9,1014,97,1014,951,10000,1.54,183,4.37,100,2026-07-09 20:00:25,2026-07-09 05:16:23,2026-07-09 17:54:33,NG,Maitama,2026-07-09 20:00:25.499083,20,2026-07-09,20:00:25,Thursday
gwagwalada,9.0764,6.9854,rain,light rain,stations,24.06,24.98,24.06,24.06,1013,94,1013,990,10000,2.09,155,6.39,100,2026-07-09 20:00:25,2026-07-09 05:18:19,2026-07-09 17:55:46,NG,Kwali,2026-07-09 20:00:25.548274,20,2026-07-09,20:00:25,Thursday
makurdi,7.7306,8.5361,clouds,overcast clouds,stations,22.83,23.54,22.83,22.83,1013,91,1013,1002,10000,1.94,223,7.04,100,2026-07-09 20:00:25,2026-07-09 05:14:24,2026-07-09 17:47:17,NG,Walmayo,2026-07-09 20:00:25.603964,20,2026-07-09,20:00:25,Thursday
panda,9.2624,7.8385,clouds,overcast clouds,stations,22.49,23.38,22.49,22.49,1015,99,1015,971,9106,1.76,158,3.44,100,2026-07-09 23:16:32,2026-07-10 05:14:50,2026-07-10 17:52:43,NG,Maitama,2026-07-09 23:16:32.699975,23,2026-07-09,23:16:32,Thursday
gurara,9.322,7.0232,clouds,overcast clouds,stations,22.73,23.62,22.73,22.73,1015,98,1015,973,10000,1.9,175,6.52,100,2026-07-09 23:16:32,2026-07-10 05:17:59,2026-07-10 17:56:05,NG,Suleja,2026-07-09 23:16:33.357497,23,2026-07-09,23:16:32,Thursday
bwari,9.2856,7.3787,clouds,overcast clouds,stations,21.71,22.52,21.71,21.71,1015,99,1015,952,10000,1.77,178,5.29,100,2026-07-09 23:16:33,2026-07-10 05:16:38,2026-07-10 17:54:36,NG,Maitama,2026-07-09 23:16:33.993862,23,2026-07-09,23:16:33,Thursday
gwagwalada,9.0764,6.9854,clouds,overcast clouds,stations,23.39,24.32,23.39,23.39,1014,97,1014,991,10000,1.47,174,5.12,100,2026-07-09 23:16:34,2026-07-10 05:18:33,2026-07-10 17:55:49,NG,Kwali,2026-07-09 23:16:34.208632,23,2026-07-09,23:16:34,Thursday
makurdi,7.7306,8.5361,clouds,overcast clouds,stations,21.89,22.59,21.89,21.89,1015,94,1015,1004,10000,1.49,211,3.69,100,2026-07-09 23:16:34,2026-07-10 05:14:37,2026-07-10 17:47:21,NG,Walmayo,2026-07-09 23:16:34.840088,23,2026-07-09,23:16:34,Thursday
panda,9.2624,7.8385,rain,light rain,stations,22.5,23.36,22.5,22.5,1014,98,1014,970,10000,1.25,179,3.25,98,2026-07-10 03:46:19,2026-07-10 05:14:50,2026-07-10 17:52:43,NG,Maitama,2026-07-10 03:46:19.919146,3,2026-07-10,03:46:19,Friday
gurara,9.322,7.0232,clouds,overcast clouds,stations,22.18,23.01,22.18,22.18,1014,98,1014,973,10000,1.26,163,2.49,100,2026-07-10 03:46:20,2026-07-10 05:17:59,2026-07-10 17:56:05,NG,Suleja,2026-07-10 03:46:20.082296,3,2026-07-10,03:46:20,Friday
bwari,9.2856,7.3787,clouds,overcast clouds,stations,21.11,21.84,21.11,21.11,1014,98,1014,951,10000,1.27,181,1.69,98,2026-07-10 03:46:20,2026-07-10 05:16:38,2026-07-10 17:54:36,NG,Maitama,2026-07-10 03:46:20.208771,3,2026-07-10,03:46:20,Friday
gwagwalada,9.0764,6.9854,rain,light rain,stations,23.19,24.07,23.19,23.19,1014,96,1014,990,10000,1.13,160,1.98,100,2026-07-10 03:46:20,2026-07-10 05:18:33,2026-07-10 17:55:49,NG,Kwali,2026-07-10 03:46:20.356506,3,2026-07-10,03:46:20,Friday
makurdi,7.7306,8.5361,clouds,overcast clouds,stations,22.05,22.87,22.05,22.05,1014,98,1014,1002,10000,1.77,203,6.02,100,2026-07-10 03:46:20,2026-07-10 05:14:37,2026-07-10 17:47:21,NG,Walmayo,2026-07-10 03:46:20.483515,3,2026-07-10,03:46:20,Friday
panda,9.2624,7.8385,clouds,overcast clouds,stations,24.38,25.12,24.38,24.38,1015,86,1015,972,10000,1.76,163,2.93,100,2026-07-10 07:40:28,2026-07-10 05:14:50,2026-07-10 17:52:43,NG,Maitama,2026-07-10 07:40:28.775568,7,2026-07-10,07:40:28,Friday
gurara,9.322,7.0232,clouds,overcast clouds,stations,24.3,25.08,24.3,24.3,1015,88,1015,974,10000,2.05,193,3.3,99,2026-07-10 07:40:28,2026-07-10 05:17:59,2026-07-10 17:56:05,NG,Suleja,2026-07-10 07:40:28.869348,7,2026-07-10,07:40:28,Friday
bwari,9.2856,7.3787,clouds,overcast clouds,stations,23.11,23.8,23.11,23.11,1015,89,1015,952,10000,1.75,180,3.04,99,2026-07-10 07:40:28,2026-07-10 05:16:38,2026-07-10 17:54:36,NG,Maitama,2026-07-10 07:40:28.967074,7,2026-07-10,07:40:28,Friday
gwagwalada,9.0764,6.9854,clouds,overcast clouds,stations,25.26,26.09,25.26,25.26,1014,86,1014,991,10000,2.13,191,3.37,100,2026-07-10 07:40:29,2026-07-10 05:18:33,2026-07-10 17:55:49,NG,Kwali,2026-07-10 07:40:29.066863,7,2026-07-10,07:40:29,Friday
makurdi,7.7306,8.5361,clouds,overcast clouds,stations,24.87,25.71,24.87,24.87,1015,88,1015,1004,10000,1.75,202,3.72,100,2026-07-10 07:40:29,2026-07-10 05:14:37,2026-07-10 17:47:21,NG,Walmayo,2026-07-10 07:40:29.157547,7,2026-07-10,07:40:29,Friday
panda,9.2624,7.8385,clouds,overcast clouds,stations,28.33,30.74,28.33,28.33,1014,66,1014,971,10000,2.18,181,2.7,99,2026-07-10 11:09:03,2026-07-10 05:14:50,2026-07-10 17:52:43,NG,Maitama,2026-07-10 11:09:03.231984,11,2026-07-10,11:09:03,Friday
gurara,9.322,7.0232,rain,light rain,stations,27.9,30.47,27.9,27.9,1014,70,1014,974,10000,2.22,173,2.73,98,2026-07-10 11:09:03,2026-07-10 05:17:59,2026-07-10 17:56:05,NG,Suleja,2026-07-10 11:09:03.283569,11,2026-07-10,11:09:03,Friday
bwari,9.2856,7.3787,clouds,overcast clouds,stations,26.86,28.7,26.86,26.86,1014,71,1014,952,10000,2.15,184,2.63,98,2026-07-10 11:09:03,2026-07-10 05:16:38,2026-07-10 17:54:36,NG,Maitama,2026-07-10 11:09:03.330356,11,2026-07-10,11:09:03,Friday
gwagwalada,9.0764,6.9854,clouds,overcast clouds,stations,29.06,32.31,29.06,29.06,1014,67,1014,991,10000,1.96,172,2.4,100,2026-07-10 11:09:03,2026-07-10 05:18:33,2026-07-10 17:55:49,NG,Kwali,2026-07-10 11:09:03.423521,11,2026-07-10,11:09:03,Friday
makurdi,7.7306,8.5361,rain,light rain,stations,29.35,33.11,29.35,29.35,1014,68,1014,1003,10000,2.56,221,3.35,98,2026-07-10 11:09:03,2026-07-10 05:14:37,2026-07-10 17:47:21,NG,Walmayo,2026-07-10 11:09:03.474316,11,2026-07-10,11:09:03,Friday
panda,9.2624,7.8385,clouds,overcast clouds,stations,29.25,32.51,29.25,29.25,1011,66,1011,968,10000,0.73,243,0.97,99,2026-07-10 14:38:09,2026-07-10 05:14:50,2026-07-10 17:52:43,NG,Maitama,2026-07-10 14:38:09.404551,14,2026-07-10,14:38:09,Friday
gurara,9.322,7.0232,clouds,overcast clouds,stations,29.19,32.21,29.19,29.19,1011,65,1011,970,10000,1.52,210,1.63,99,2026-07-10 14:38:09,2026-07-10 05:17:59,2026-07-10 17:56:05,NG,Suleja,2026-07-10 14:38:09.501241,14,2026-07-10,14:38:09,Friday
bwari,9.2856,7.3787,clouds,overcast clouds,stations,27.18,29.44,27.18,27.18,1011,73,1011,949,10000,1.18,207,1.74,100,2026-07-10 14:38:09,2026-07-10 05:16:38,2026-07-10 17:54:36,NG,Maitama,2026-07-10 14:38:09.598022,14,2026-07-10,14:38:09,Friday
gwagwalada,9.0764,6.9854,clouds,overcast clouds,stations,30.15,33.76,30.15,30.15,1010,63,1010,987,10000,1.43,223,1.58,98,2026-07-10 14:38:09,2026-07-10 05:18:33,2026-07-10 17:55:49,NG,Kwali,2026-07-10 14:38:09.691270,14,2026-07-10,14:38:09,Friday
makurdi,7.7306,8.5361,rain,light rain,stations,29.08,33.49,29.08,29.08,1010,73,1010,999,10000,1.36,286,2.65,94,2026-07-10 14:38:09,2026-07-10 05:14:37,2026-07-10 17:47:21,NG,Walmayo,2026-07-10 14:38:09.780172,14,2026-07-10,14:38:09,Friday
panda,9.2624,7.8385,clouds,overcast clouds,stations,26.0,26.0,26.0,26.0,1011,77,1011,968,10000,1.44,274,1.6,94,2026-07-10 17:50:06,2026-07-10 05:14:50,2026-07-10 17:52:43,NG,Maitama,2026-07-10 17:50:06.543221,17,2026-07-10,17:50:06,Friday
gurara,9.322,7.0232,rain,light rain,stations,26.03,26.03,26.03,26.03,1011,77,1011,971,10000,1.5,181,1.55,95,2026-07-10 17:50:06,2026-07-10 05:17:59,2026-07-10 17:56:05,NG,Suleja,2026-07-10 17:50:06.703907,17,2026-07-10,17:50:06,Friday
bwari,9.2856,7.3787,rain,light rain,stations,23.93,24.57,23.93,23.93,1012,84,1012,950,10000,1.44,221,1.68,90,2026-07-10 17:50:06,2026-07-10 05:16:38,2026-07-10 17:54:36,NG,Maitama,2026-07-10 17:50:06.868459,17,2026-07-10,17:50:06,Friday
gwagwalada,9.0764,6.9854,clouds,overcast clouds,stations,27.82,30.32,27.82,27.82,1011,70,1011,988,10000,1.06,183,1.1,98,2026-07-10 17:50:07,2026-07-10 05:18:33,2026-07-10 17:55:49,NG,Kwali,2026-07-10 17:50:07.027477,17,2026-07-10,17:50:07,Friday
makurdi,7.7306,8.5361,clouds,broken clouds,stations,26.2,26.2,26.2,26.2,1011,85,1011,1000,10000,2.49,190,5.3,81,2026-07-10 17:50:07,2026-07-10 05:14:37,2026-07-10 17:47:21,NG,Walmayo,2026-07-10 17:50:07.179611,17,2026-07-10,17:50:07,Friday
panda,9.2624,7.8385,rain,light rain,stations,24.33,25.04,24.33,24.33,1014,85,1014,970,10000,1.01,293,1.1,56,2026-07-10 19:39:11,2026-07-10 05:14:50,2026-07-10 17:52:43,NG,Maitama,2026-07-10 19:39:12.010398,19,2026-07-10,19:39:11,Friday
gurara,9.322,7.0232,rain,light rain,stations,24.97,25.61,24.97,24.97,1013,80,1013,972,10000,1.27,195,1.36,80,2026-07-10 19:39:12,2026-07-10 05:17:59,2026-07-10 17:56:05,NG,Suleja,2026-07-10 19:39:12.564306,19,2026-07-10,19:39:12,Friday
bwari,9.2856,7.3787,rain,light rain,stations,22.83,23.52,22.83,22.83,1014,90,1014,951,10000,1.06,210,2.01,49,2026-07-10 19:39:12,2026-07-10 05:16:38,2026-07-10 17:54:36,NG,Maitama,2026-07-10 19:39:13.118156,19,2026-07-10,19:39:12,Friday
gwagwalada,9.0764,6.9854,clouds,broken clouds,stations,25.61,26.37,25.61,25.61,1013,82,1013,990,10000,1.75,206,3.84,68,2026-07-10 19:39:13,2026-07-10 05:18:33,2026-07-10 17:55:49,NG,Kwali,2026-07-10 19:39:13.672027,19,2026-07-10,19:39:13,Friday
makurdi,7.7306,8.5361,clouds,scattered clouds,stations,24.61,25.53,24.61,24.61,1013,92,1013,1002,10000,2.41,194,6.97,33,2026-07-10 19:39:13,2026-07-10 05:14:37,2026-07-10 17:47:21,NG,Walmayo,2026-07-10 19:39:14.224863,19,2026-07-10,19:39:13,Friday
panda,9.2624,7.8385,rain,light rain,stations,24.11,24.87,24.11,24.11,1014,88,1014,970,10000,1.02,255,1.12,70,2026-07-10 21:09:44,2026-07-10 05:14:50,2026-07-10 17:52:43,NG,Maitama,2026-07-10 21:09:44.138326,21,2026-07-10,21:09:44,Friday
gurara,9.322,7.0232,rain,light rain,stations,24.51,25.18,24.51,24.51,1014,83,1014,973,10000,1.24,196,1.49,84,2026-07-10 21:09:44,2026-07-10 05:17:59,2026-07-10 17:56:05,NG,Suleja,2026-07-10 21:09:44.261108,21,2026-07-10,21:09:44,Friday
bwari,9.2856,7.3787,rain,light rain,stations,22.94,23.61,22.94,22.94,1014,89,1014,951,10000,1.77,220,3.64,66,2026-07-10 21:09:44,2026-07-10 05:16:38,2026-07-10 17:54:36,NG,Maitama,2026-07-10 21:09:44.383316,21,2026-07-10,21:09:44,Friday
gwagwalada,9.0764,6.9854,rain,light rain,stations,25.06,25.84,25.06,25.06,1014,85,1014,990,10000,2.03,192,4.45,76,2026-07-10 21:09:44,2026-07-10 05:18:33,2026-07-10 17:55:49,NG,Kwali,2026-07-10 21:09:44.509874,21,2026-07-10,21:09:44,Friday
makurdi,7.7306,8.5361,rain,light rain,stations,24.34,25.23,24.34,24.34,1013,92,1013,1002,10000,2.41,202,7.57,30,2026-07-10 21:09:44,2026-07-10 05:14:37,2026-07-10 17:47:21,NG,Walmayo,2026-07-10 21:09:44.644360,21,2026-07-10,21:09:44,Friday
panda,9.2624,7.8385,rain,light rain,stations,23.32,24.08,23.32,23.32,1015,91,1015,971,10000,0.93,323,0.92,82,2026-07-10 23:01:50,2026-07-11 05:15:04,2026-07-11 17:52:45,NG,Maitama,2026-07-10 23:01:51.090429,23,2026-07-10,23:01:50,Friday
gurara,9.322,7.0232,rain,light rain,stations,23.35,24.09,23.35,23.35,1014,90,1014,973,10000,1.12,180,1.5,90,2026-07-10 23:01:51,2026-07-11 05:18:14,2026-07-11 17:56:07,NG,Suleja,2026-07-10 23:01:51.720242,23,2026-07-10,23:01:51,Friday
bwari,9.2856,7.3787,rain,moderate rain,stations,21.6,22.32,21.6,21.6,1015,96,1015,952,10000,1.15,203,3.11,79,2026-07-10 23:01:51,2026-07-11 05:16:52,2026-07-11 17:54:38,NG,Maitama,2026-07-10 23:01:52.360850,23,2026-07-10,23:01:51,Friday
gwagwalada,9.0764,6.9854,clouds,overcast clouds,stations,23.71,24.54,23.71,23.71,1014,92,1014,991,10000,1.53,193,4.37,85,2026-07-10 23:01:52,2026-07-11 05:18:47,2026-07-11 17:55:51,NG,Kwali,2026-07-10 23:01:53.018127,23,2026-07-10,23:01:52,Friday
makurdi,7.7306,8.5361,rain,moderate rain,stations,23.53,24.42,23.53,23.53,1014,95,1014,1003,10000,2.86,227,9.16,48,2026-07-10 23:01:53,2026-07-11 05:14:50,2026-07-11 17:47:24,NG,Walmayo,2026-07-10 23:01:53.636570,23,2026-07-10,23:01:53,Friday
panda,9.2624,7.8385,clouds,overcast clouds,stations,21.84,22.61,21.84,21.84,1014,97,1014,970,10000,1.2,237,1.96,85,2026-07-11 03:13:25,2026-07-11 05:15:04,2026-07-11 17:52:45,NG,Maitama,2026-07-11 03:13:25.732507,3,2026-07-11,03:13:25,Saturday
gurara,9.322,7.0232,clouds,broken clouds,stations,21.59,22.39,21.59,21.59,1014,99,1014,972,10000,1.4,211,3.4,78,2026-07-11 03:13:25,2026-07-11 05:18:14,2026-07-11 17:56:07,NG,Suleja,2026-07-11 03:13:25.840878,3,2026-07-11,03:13:25,Saturday
bwari,9.2856,7.3787,clouds,broken clouds,stations,20.79,21.51,20.79,20.79,1014,99,1014,951,1792,1.73,223,5.14,74,2026-07-11 03:13:25,2026-07-11 05:16:52,2026-07-11 17:54:38,NG,Maitama,2026-07-11 03:13:25.940342,3,2026-07-11,03:13:25,Saturday
gwagwalada,9.0764,6.9854,clouds,scattered clouds,stations,22.36,23.21,22.36,22.36,1013,98,1013,990,10000,1.1,221,1.64,45,2026-07-11 03:13:26,2026-07-11 05:18:47,2026-07-11 17:55:51,NG,Kwali,2026-07-11 03:13:26.039047,3,2026-07-11,03:13:26,Saturday
makurdi,7.7306,8.5361,clouds,overcast clouds,stations,22.62,23.44,22.62,22.62,1013,96,1013,1002,10000,1.71,232,6.23,99,2026-07-11 03:13:26,2026-07-11 05:14:50,2026-07-11 17:47:24,NG,Walmayo,2026-07-11 03:13:26.134826,3,2026-07-11,03:13:26,Saturday
panda,9.2624,7.8385,clouds,overcast clouds,stations,22.27,23.03,22.27,22.27,1015,95,1015,971,10000,1.03,267,2.19,92,2026-07-11 06:17:58,2026-07-11 05:15:04,2026-07-11 17:52:45,NG,Maitama,2026-07-11 06:17:58.864148,6,2026-07-11,06:17:58,Saturday
gurara,9.322,7.0232,clouds,broken clouds,stations,21.73,22.49,21.73,21.73,1015,97,1015,974,10000,1.21,205,2.72,83,2026-07-11 06:17:58,2026-07-11 05:18:14,2026-07-11 17:56:07,NG,Suleja,2026-07-11 06:17:59.423192,6,2026-07-11,06:17:58,Saturday
bwari,9.2856,7.3787,clouds,overcast clouds,stations,20.98,21.67,20.98,20.98,1015,97,1015,952,10000,1.97,238,4.36,86,2026-07-11 06:17:59,2026-07-11 05:16:52,2026-07-11 17:54:38,NG,Maitama,2026-07-11 06:17:59.979690,6,2026-07-11,06:17:59,Saturday
gwagwalada,9.0764,6.9854,clouds,broken clouds,stations,22.51,23.32,22.51,22.51,1015,96,1015,992,10000,0.9,193,1.92,64,2026-07-11 06:18:00,2026-07-11 05:18:47,2026-07-11 17:55:51,NG,Kwali,2026-07-11 06:18:00.535810,6,2026-07-11,06:18:00,Saturday
makurdi,7.7306,8.5361,rain,light rain,stations,22.56,23.38,22.56,22.56,1015,96,1015,1003,10000,1.58,230,5.42,99,2026-07-11 06:18:00,2026-07-11 05:14:50,2026-07-11 17:47:24,NG,Walmayo,2026-07-11 06:18:01.096840,6,2026-07-11,06:18:00,Saturday
panda,9.2624,7.8385,clouds,overcast clouds,stations,27.81,30.43,27.81,27.81,1016,71,1016,973,10000,1.3,268,1.35,100,2026-07-11 09:42:03,2026-07-11 05:15:04,2026-07-11 17:52:45,NG,Maitama,2026-07-11 09:42:04.445179,9,2026-07-11,09:42:03,Saturday
gurara,9.322,7.0232,clouds,overcast clouds,stations,26.25,26.25,26.25,26.25,1016,74,1016,975,10000,1.65,250,1.78,100,2026-07-11 09:42:04,2026-07-11 05:18:14,2026-07-11 17:56:07,NG,Suleja,2026-07-11 09:42:04.999669,9,2026-07-11,09:42:04,Saturday
bwari,9.2856,7.3787,clouds,overcast clouds,stations,25.1,25.68,25.1,25.1,1017,77,1017,954,10000,1.77,254,1.8,100,2026-07-11 09:42:05,2026-07-11 05:16:52,2026-07-11 17:54:38,NG,Maitama,2026-07-11 09:42:05.557373,9,2026-07-11,09:42:05,Saturday
gwagwalada,9.0764,6.9854,clouds,overcast clouds,stations,27.55,29.71,27.55,27.55,1016,69,1016,993,10000,1.74,250,2.01,100,2026-07-11 09:42:05,2026-07-11 05:18:47,2026-07-11 17:55:51,NG,Kwali,2026-07-11 09:42:06.116739,9,2026-07-11,09:42:05,Saturday
makurdi,7.7306,8.5361,clouds,overcast clouds,stations,26.58,26.58,26.58,26.58,1015,76,1015,1004,10000,2.23,245,3.17,100,2026-07-11 09:42:06,2026-07-11 05:14:50,2026-07-11 17:47:24,NG,Walmayo,2026-07-11 09:42:06.350905,9,2026-07-11,09:42:06,Saturday
panda,9.2624,7.8385,clouds,overcast clouds,stations,28.42,31.05,28.42,28.42,1015,67,1015,972,10000,1.55,274,1.54,99,2026-07-11 11:09:41,2026-07-11 05:15:04,2026-07-11 17:52:45,NG,Maitama,2026-07-11 11:09:41.324875,11,2026-07-11,11:09:41,Saturday
gurara,9.322,7.0232,clouds,overcast clouds,stations,26.68,28.47,26.68,26.68,1015,72,1015,975,10000,1.51,233,1.46,100,2026-07-11 11:09:41,2026-07-11 05:18:14,2026-07-11 17:56:07,NG,Suleja,2026-07-11 11:09:41.876195,11,2026-07-11,11:09:41,Saturday
bwari,9.2856,7.3787,clouds,overcast clouds,stations,25.2,25.79,25.2,25.2,1016,77,1016,953,10000,1.95,254,1.83,100,2026-07-11 11:09:41,2026-07-11 05:16:52,2026-07-11 17:54:38,NG,Maitama,2026-07-11 11:09:42.430410,11,2026-07-11,11:09:41,Saturday
gwagwalada,9.0764,6.9854,clouds,overcast clouds,stations,27.72,30.02,27.72,27.72,1015,69,1015,992,10000,1.44,236,1.68,100,2026-07-11 11:09:42,2026-07-11 05:18:47,2026-07-11 17:55:51,NG,Kwali,2026-07-11 11:09:42.992850,11,2026-07-11,11:09:42,Saturday
makurdi,7.7306,8.5361,clouds,overcast clouds,stations,28.48,31.31,28.48,28.48,1014,68,1014,1003,10000,2.31,256,2.81,100,2026-07-11 11:09:43,2026-07-11 05:14:50,2026-07-11 17:47:24,NG,Walmayo,2026-07-11 11:09:43.545321,11,2026-07-11,11:09:43,Saturday
panda,9.2624,7.8385,rain,light rain,stations,28.44,31.54,28.44,28.44,1012,70,1012,969,10000,1.15,327,1.66,100,2026-07-11 13:37:03,2026-07-11 05:15:04,2026-07-11 17:52:45,NG,Maitama,2026-07-11 13:37:04.492403,13,2026-07-11,13:37:03,Saturday
gurara,9.322,7.0232,rain,light rain,stations,28.67,31.37,28.67,28.67,1012,66,1012,972,10000,0.54,260,0.65,100,2026-07-11 13:37:04,2026-07-11 05:18:14,2026-07-11 17:56:07,NG,Suleja,2026-07-11 13:37:05.042941,13,2026-07-11,13:37:04,Saturday
bwari,9.2856,7.3787,rain,light rain,stations,27.0,29.02,27.0,27.0,1013,72,1013,951,10000,1.52,291,1.65,100,2026-07-11 13:37:05,2026-07-11 05:16:52,2026-07-11 17:54:38,NG,Maitama,2026-07-11 13:37:05.599854,13,2026-07-11,13:37:05,Saturday
gwagwalada,9.0764,6.9854,clouds,overcast clouds,stations,30.17,33.37,30.17,30.17,1012,61,1012,989,10000,0.41,317,0.88,100,2026-07-11 13:37:05,2026-07-11 05:18:47,2026-07-11 17:55:51,NG,Kwali,2026-07-11 13:37:06.152824,13,2026-07-11,13:37:05,Saturday
makurdi,7.7306,8.5361,clouds,overcast clouds,stations,30.38,34.02,30.38,30.38,1012,62,1012,1001,10000,1.39,266,2.01,100,2026-07-11 13:37:06,2026-07-11 05:14:50,2026-07-11 17:47:24,NG,Walmayo,2026-07-11 13:37:06.707095,13,2026-07-11,13:37:06,Saturday
panda,9.2624,7.8385,rain,light rain,stations,28.64,31.96,28.64,28.64,1012,70,1012,969,10000,1.53,357,2.19,100,2026-07-11 14:58:30,2026-07-11 05:15:04,2026-07-11 17:52:45,NG,Maitama,2026-07-11 14:58:31.100609,14,2026-07-11,14:58:30,Saturday
gurara,9.322,7.0232,clouds,overcast clouds,stations,28.64,31.32,28.64,28.64,1012,66,1012,971,10000,0.95,282,1.06,99,2026-07-11 14:58:31,2026-07-11 05:18:14,2026-07-11 17:56:07,NG,Suleja,2026-07-11 14:58:31.694764,14,2026-07-11,14:58:31,Saturday
bwari,9.2856,7.3787,rain,light rain,stations,26.96,28.95,26.96,26.96,1012,72,1012,950,10000,1.56,296,1.79,100,2026-07-11 14:58:31,2026-07-11 05:16:52,2026-07-11 17:54:38,NG,Maitama,2026-07-11 14:58:32.297658,14,2026-07-11,14:58:31,Saturday
gwagwalada,9.0764,6.9854,clouds,overcast clouds,stations,30.25,33.32,30.25,30.25,1011,60,1011,988,10000,0.92,293,1.2,100,2026-07-11 14:58:32,2026-07-11 05:18:47,2026-07-11 17:55:51,NG,Kwali,2026-07-11 14:58:32.402799,14,2026-07-11,14:58:32,Saturday
makurdi,7.7306,8.5361,clouds,overcast clouds,stations,30.34,33.93,30.34,30.34,1011,62,1011,1000,10000,1.04,247,1.63,100,2026-07-11 14:58:32,2026-07-11 05:14:50,2026-07-11 17:47:24,NG,Walmayo,2026-07-11 14:58:32.997493,14,2026-07-11,14:58:32,Saturday
panda,9.2624,7.8385,rain,light rain,stations,26.35,26.35,26.35,26.35,1012,85,1012,969,10000,0.93,323,1.03,100,2026-07-11 17:02:25,2026-07-11 05:15:04,2026-07-11 17:52:45,NG,Maitama,2026-07-11 17:02:25.738871,17,2026-07-11,17:02:25,Saturday
gurara,9.322,7.0232,rain,light rain,stations,27.42,30.23,27.42,27.42,1011,76,1011,971,10000,1.4,270,2.11,86,2026-07-11 17:02:25,2026-07-11 05:18:14,2026-07-11 17:56:07,NG,Suleja,2026-07-11 17:02:26.395734,17,2026-07-11,17:02:25,Saturday
bwari,9.2856,7.3787,rain,light rain,stations,25.16,25.95,25.16,25.16,1012,85,1012,950,10000,1.32,252,2.2,96,2026-07-11 17:02:26,2026-07-11 05:16:52,2026-07-11 17:54:38,NG,Maitama,2026-07-11 17:02:27.046353,17,2026-07-11,17:02:26,Saturday
gwagwalada,9.0764,6.9854,rain,light rain,stations,29.05,32.65,29.05,29.05,1011,69,1011,988,10000,1.53,262,2.26,85,2026-07-11 17:02:27,2026-07-11 05:18:47,2026-07-11 17:55:51,NG,Kwali,2026-07-11 17:02:27.708873,17,2026-07-11,17:02:27,Saturday
makurdi,7.7306,8.5361,clouds,overcast clouds,stations,28.61,32.23,28.61,28.61,1010,72,1010,999,10000,1.72,191,2.26,100,2026-07-11 17:02:27,2026-07-11 05:14:50,2026-07-11 17:47:24,NG,Walmayo,2026-07-11 17:02:28.359853,17,2026-07-11,17:02:27,Saturday
panda,9.2624,7.8385,clouds,overcast clouds,stations,24.14,25.01,24.14,24.14,1013,92,1013,970,10000,1.52,332,1.51,94,2026-07-11 19:10:49,2026-07-11 05:15:04,2026-07-11 17:52:45,NG,Maitama,2026-07-11 19:10:49.151450,19,2026-07-11,19:10:49,Saturday
gurara,9.322,7.0232,clouds,overcast clouds,stations,24.83,25.48,24.83,24.83,1013,81,1013,972,10000,0.83,351,0.88,100,2026-07-11 19:10:49,2026-07-11 05:18:14,2026-07-11 17:56:07,NG,Suleja,2026-07-11 19:10:49.284982,19,2026-07-11,19:10:49,Saturday
bwari,9.2856,7.3787,clouds,overcast clouds,stations,23.36,24.02,23.36,23.36,1013,87,1013,951,10000,1.0,350,1.03,100,2026-07-11 19:10:49,2026-07-11 05:16:52,2026-07-11 17:54:38,NG,Maitama,2026-07-11 19:10:49.409296,19,2026-07-11,19:10:49,Saturday
gwagwalada,9.0764,6.9854,clouds,overcast clouds,stations,26.28,26.28,26.28,26.28,1012,76,1012,989,10000,1.54,355,1.99,100,2026-07-11 19:10:49,2026-07-11 05:18:47,2026-07-11 17:55:51,NG,Kwali,2026-07-11 19:10:49.541072,19,2026-07-11,19:10:49,Saturday
makurdi,7.7306,8.5361,clouds,broken clouds,stations,25.89,26.68,25.89,25.89,1012,82,1012,1001,10000,2.12,216,2.81,78,2026-07-11 19:10:49,2026-07-11 05:14:50,2026-07-11 17:47:24,NG,Walmayo,2026-07-11 19:10:49.664872,19,2026-07-11,19:10:49,Saturday
panda,9.2624,7.8385,clouds,overcast clouds,stations,23.59,24.43,23.59,23.59,1014,93,1014,970,10000,1.09,329,1.17,98,2026-07-11 20:55:56,2026-07-11 05:15:04,2026-07-11 17:52:45,NG,Maitama,2026-07-11 20:55:57.364924,20,2026-07-11,20:55:56,Saturday
gurara,9.322,7.0232,clouds,overcast clouds,stations,24.62,25.25,24.62,24.62,1014,81,1014,973,10000,0.8,84,0.87,99,2026-07-11 20:55:57,2026-07-11 05:18:14,2026-07-11 17:56:07,NG,Suleja,2026-07-11 20:55:58.023564,20,2026-07-11,20:55:57,Saturday
bwari,9.2856,7.3787,clouds,overcast clouds,stations,22.88,23.55,22.88,22.88,1014,89,1014,952,10000,0.38,27,0.66,100,2026-07-11 20:55:58,2026-07-11 05:16:52,2026-07-11 17:54:38,NG,Maitama,2026-07-11 20:55:58.668775,20,2026-07-11,20:55:58,Saturday
gwagwalada,9.0764,6.9854,clouds,overcast clouds,stations,25.61,26.29,25.61,25.61,1014,79,1014,990,10000,0.57,96,0.59,94,2026-07-11 20:55:58,2026-07-11 05:18:47,2026-07-11 17:55:51,NG,Kwali,2026-07-11 20:55:58.873511,20,2026-07-11,20:55:58,Saturday
makurdi,7.7306,8.5361,clouds,broken clouds,stations,24.98,25.78,24.98,24.98,1014,86,1014,1002,10000,2.18,197,5.13,71,2026-07-11 20:55:58,2026-07-11 05:14:50,2026-07-11 17:47:24,NG,Walmayo,2026-07-11 20:55:59.482679,20,2026-07-11,20:55:58,Saturday
panda,9.2624,7.8385,clouds,overcast clouds,stations,23.18,23.98,23.18,23.18,1014,93,1014,970,10000,0.82,222,0.84,98,2026-07-11 22:55:33,2026-07-11 05:15:04,2026-07-11 17:52:45,NG,Maitama,2026-07-11 22:55:33.756551,22,2026-07-11,22:55:33,Saturday
gurara,9.322,7.0232,clouds,overcast clouds,stations,23.86,24.49,23.86,23.86,1014,84,1014,973,10000,1.27,180,1.3,99,2026-07-11 22:55:33,2026-07-11 05:18:14,2026-07-11 17:56:07,NG,Suleja,2026-07-11 22:55:34.308390,22,2026-07-11,22:55:33,Saturday
bwari,9.2856,7.3787,clouds,overcast clouds,stations,22.51,23.14,22.51,22.51,1014,89,1014,951,10000,1.12,185,1.18,100,2026-07-11 22:55:34,2026-07-11 05:16:52,2026-07-11 17:54:38,NG,Maitama,2026-07-11 22:55:34.859471,22,2026-07-11,22:55:34,Saturday
gwagwalada,9.0764,6.9854,clouds,overcast clouds,stations,24.93,25.62,24.93,24.93,1013,82,1013,990,10000,1.2,176,1.21,96,2026-07-11 22:55:34,2026-07-11 05:18:47,2026-07-11 17:55:51,NG,Kwali,2026-07-11 22:55:35.180624,22,2026-07-11,22:55:34,Saturday
makurdi,7.7306,8.5361,clouds,broken clouds,stations,24.2,25.03,24.2,24.2,1013,90,1013,1002,10000,2.29,202,7.46,55,2026-07-11 22:55:35,2026-07-11 05:14:50,2026-07-11 17:47:24,NG,Walmayo,2026-07-11 22:55:35.731652,22,2026-07-11,22:55:35,Saturday
panda,9.2624,7.8385,clouds,overcast clouds,stations,22.59,23.39,22.59,22.59,1013,95,1013,969,10000,0.52,318,0.51,94,2026-07-12 03:24:28,2026-07-12 05:15:18,2026-07-12 17:52:46,NG,Maitama,2026-07-12 03:24:29.474863,3,2026-07-12,03:24:28,Sunday
gurara,9.322,7.0232,clouds,overcast clouds,stations,23.45,24.12,23.45,23.45,1012,87,1012,971,10000,0.38,82,0.44,98,2026-07-12 03:24:29,2026-07-12 05:18:28,2026-07-12 17:56:08,NG,Suleja,2026-07-12 03:24:30.031040,3,2026-07-12,03:24:29,Sunday
bwari,9.2856,7.3787,clouds,overcast clouds,stations,21.86,22.5,21.86,21.86,1013,92,1013,950,10000,0.23,314,0.44,100,2026-07-12 03:24:30,2026-07-12 05:17:06,2026-07-12 17:54:39,NG,Maitama,2026-07-12 03:24:30.582395,3,2026-07-12,03:24:30,Sunday
gwagwalada,9.0764,6.9854,clouds,overcast clouds,stations,24.44,25.16,24.44,24.44,1012,85,1012,989,10000,0.46,144,0.67,100,2026-07-12 03:24:30,2026-07-12 05:19:01,2026-07-12 17:55:52,NG,Kwali,2026-07-12 03:24:31.136425,3,2026-07-12,03:24:30,Sunday
makurdi,7.7306,8.5361,rain,moderate rain,stations,23.13,23.98,23.13,23.13,1012,95,1012,1001,6291,2.41,195,8.14,88,2026-07-12 03:24:31,2026-07-12 05:15:03,2026-07-12 17:47:26,NG,Walmayo,2026-07-12 03:24:31.693994,3,2026-07-12,03:24:31,Sunday
panda,9.2624,7.8385,rain,light rain,stations,23.7,24.48,23.7,23.7,1015,90,1015,971,10000,1.05,179,1.21,99,2026-07-12 06:38:34,2026-07-12 05:15:18,2026-07-12 17:52:46,NG,Maitama,2026-07-12 06:38:34.151754,6,2026-07-12,06:38:34,Sunday
gurara,9.322,7.0232,rain,light rain,stations,23.7,24.48,23.7,23.7,1015,90,1015,974,10000,1.74,188,2.93,92,2026-07-12 06:38:34,2026-07-12 05:18:28,2026-07-12 17:56:08,NG,Suleja,2026-07-12 06:38:34.252446,6,2026-07-12,06:38:34,Sunday
bwari,9.2856,7.3787,rain,light rain,stations,22.73,23.43,22.73,22.73,1015,91,1015,952,10000,1.56,223,2.31,99,2026-07-12 06:38:34,2026-07-12 05:17:06,2026-07-12 17:54:39,NG,Maitama,2026-07-12 06:38:34.349282,6,2026-07-12,06:38:34,Sunday
gwagwalada,9.0764,6.9854,rain,light rain,stations,24.3,25.16,24.3,24.3,1014,91,1014,991,10000,1.46,174,2.8,91,2026-07-12 06:38:34,2026-07-12 05:19:01,2026-07-12 17:55:52,NG,Kwali,2026-07-12 06:38:34.443825,6,2026-07-12,06:38:34,Sunday
makurdi,7.7306,8.5361,clouds,overcast clouds,stations,24.53,25.39,24.53,24.53,1014,90,1014,1003,10000,2.19,236,4.29,91,2026-07-12 06:38:34,2026-07-12 05:15:03,2026-07-12 17:47:26,NG,Walmayo,2026-07-12 06:38:34.535771,6,2026-07-12,06:38:34,Sunday
panda,9.2624,7.8385,clouds,overcast clouds,stations,27.77,30.6,27.77,27.77,1014,73,1014,971,10000,1.59,199,1.28,97,2026-07-12 09:54:35,2026-07-12 05:15:18,2026-07-12 17:52:46,NG,Maitama,2026-07-12 09:54:36.179836,9,2026-07-12,09:54:35,Sunday
gurara,9.322,7.0232,clouds,overcast clouds,stations,27.5,30.17,27.5,27.5,1014,74,1014,974,10000,1.84,205,1.61,95,2026-07-12 09:54:36,2026-07-12 05:18:28,2026-07-12 17:56:08,NG,Suleja,2026-07-12 09:54:36.774957,9,2026-07-12,09:54:36,Sunday
bwari,9.2856,7.3787,clouds,overcast clouds,stations,25.96,25.96,25.96,25.96,1015,78,1015,952,10000,1.74,224,1.25,97,2026-07-12 09:54:36,2026-07-12 05:17:06,2026-07-12 17:54:39,NG,Maitama,2026-07-12 09:54:37.367820,9,2026-07-12,09:54:36,Sunday
gwagwalada,9.0764,6.9854,clouds,overcast clouds,stations,29.04,32.81,29.04,29.04,1014,70,1014,991,10000,1.3,209,1.46,97,2026-07-12 09:54:37,2026-07-12 05:19:01,2026-07-12 17:55:52,NG,Kwali,2026-07-12 09:54:37.957926,9,2026-07-12,09:54:37,Sunday
makurdi,7.7306,8.5361,clouds,overcast clouds,stations,28.98,32.5,28.98,28.98,1014,69,1014,1003,10000,2.52,231,2.9,98,2026-07-12 09:54:38,2026-07-12 05:15:03,2026-07-12 17:47:26,NG,Walmayo,2026-07-12 09:54:38.556799,9,2026-07-12,09:54:38,Sunday
panda,9.2624,7.8385,clouds,overcast clouds,stations,29.53,33.09,29.53,29.53,1013,66,1013,971,10000,1.66,181,1.19,91,2026-07-12 11:14:30,2026-07-12 05:15:18,2026-07-12 17:52:46,NG,Maitama,2026-07-12 11:14:30.324294,11,2026-07-12,11:14:30,Sunday
gurara,9.322,7.0232,clouds,overcast clouds,stations,28.84,31.86,28.84,28.84,1013,67,1013,973,10000,1.81,204,1.46,96,2026-07-12 11:14:30,2026-07-12 05:18:28,2026-07-12 17:56:08,NG,Suleja,2026-07-12 11:14:30.427031,11,2026-07-12,11:14:30,Sunday
bwari,9.2856,7.3787,clouds,overcast clouds,stations,26.53,26.53,26.53,26.53,1014,75,1014,952,10000,2.01,225,1.5,97,2026-07-12 11:14:30,2026-07-12 05:17:06,2026-07-12 17:54:39,NG,Maitama,2026-07-12 11:14:30.538958,11,2026-07-12,11:14:30,Sunday
gwagwalada,9.0764,6.9854,clouds,overcast clouds,stations,30.78,34.87,30.78,30.78,1013,62,1013,990,10000,1.25,207,1.26,97,2026-07-12 11:14:30,2026-07-12 05:19:01,2026-07-12 17:55:52,NG,Kwali,2026-07-12 11:14:30.634656,11,2026-07-12,11:14:30,Sunday
makurdi,7.7306,8.5361,clouds,overcast clouds,stations,29.88,33.41,29.88,29.88,1013,64,1013,1002,10000,2.4,226,2.5,98,2026-07-12 11:14:30,2026-07-12 05:15:03,2026-07-12 17:47:26,NG,Walmayo,2026-07-12 11:14:30.729917,11,2026-07-12,11:14:30,Sunday
panda,9.2624,7.8385,rain,light rain,stations,31.17,34.95,31.17,31.17,1010,59,1010,967,10000,0.56,104,1.29,55,2026-07-12 13:37:07,2026-07-12 05:15:18,2026-07-12 17:52:46,NG,Maitama,2026-07-12 13:37:08.061607,13,2026-07-12,13:37:07,Sunday
gurara,9.322,7.0232,rain,moderate rain,stations,29.56,33.36,29.56,29.56,1010,67,1010,970,10000,0.24,179,0.57,83,2026-07-12 13:37:08,2026-07-12 05:18:28,2026-07-12 17:56:08,NG,Suleja,2026-07-12 13:37:08.629202,13,2026-07-12,13:37:08,Sunday
bwari,9.2856,7.3787,rain,moderate rain,stations,28.32,31.45,28.32,28.32,1011,71,1011,949,10000,0.35,179,1.21,47,2026-07-12 13:37:08,2026-07-12 05:17:06,2026-07-12 17:54:39,NG,Maitama,2026-07-12 13:37:09.194655,13,2026-07-12,13:37:08,Sunday
gwagwalada,9.0764,6.9854,rain,light rain,stations,30.42,34.81,30.42,30.42,1010,65,1010,987,10000,0.75,166,0.73,85,2026-07-12 13:37:09,2026-07-12 05:19:01,2026-07-12 17:55:52,NG,Kwali,2026-07-12 13:37:09.773455,13,2026-07-12,13:37:09,Sunday
makurdi,7.7306,8.5361,clouds,overcast clouds,stations,29.48,33.39,29.48,29.48,1010,68,1010,999,10000,2.09,228,2.15,100,2026-07-12 13:37:09,2026-07-12 05:15:03,2026-07-12 17:47:26,NG,Walmayo,2026-07-12 13:37:10.336197,13,2026-07-12,13:37:09,Sunday
panda,9.2624,7.8385,rain,light rain,stations,31.05,34.7,31.05,31.05,1009,59,1009,967,10000,0.29,102,1.12,55,2026-07-12 15:01:07,2026-07-12 05:15:18,2026-07-12 17:52:46,NG,Maitama,2026-07-12 15:01:08.246514,15,2026-07-12,15:01:07,Sunday
gurara,9.322,7.0232,rain,light rain,stations,30.02,33.71,30.02,30.02,1010,64,1010,970,10000,0.39,203,0.58,75,2026-07-12 15:01:08,2026-07-12 05:18:28,2026-07-12 17:56:08,NG,Suleja,2026-07-12 15:01:08.841713,15,2026-07-12,15:01:08,Sunday
bwari,9.2856,7.3787,rain,light rain,stations,28.1,31.0,28.1,28.1,1010,71,1010,949,10000,0.65,288,0.91,41,2026-07-12 15:01:08,2026-07-12 05:17:06,2026-07-12 17:54:39,NG,Maitama,2026-07-12 15:01:09.427702,15,2026-07-12,15:01:08,Sunday
gwagwalada,9.0764,6.9854,clouds,broken clouds,stations,30.74,34.78,30.74,30.74,1009,62,1009,986,10000,0.81,221,0.62,82,2026-07-12 15:01:09,2026-07-12 05:19:01,2026-07-12 17:55:52,NG,Kwali,2026-07-12 15:01:10.016821,15,2026-07-12,15:01:09,Sunday
makurdi,7.7306,8.5361,clouds,overcast clouds,stations,29.56,33.56,29.56,29.56,1009,68,1009,998,10000,2.06,219,2.34,99,2026-07-12 15:01:10,2026-07-12 05:15:03,2026-07-12 17:47:26,NG,Walmayo,2026-07-12 15:01:10.599274,15,2026-07-12,15:01:10,Sunday
panda,9.2624,7.8385,rain,moderate rain,stations,27.62,31.17,27.62,27.62,1010,80,1010,967,10000,1.12,216,1.46,63,2026-07-12 17:03:39,2026-07-12 05:15:18,2026-07-12 17:52:46,NG,Maitama,2026-07-12 17:03:40.320779,17,2026-07-12,17:03:39,Sunday
gurara,9.322,7.0232,rain,moderate rain,stations,28.49,32.64,28.49,28.49,1010,76,1010,970,10000,0.77,216,0.82,67,2026-07-12 17:03:40,2026-07-12 05:18:28,2026-07-12 17:56:08,NG,Suleja,2026-07-12 17:03:40.879582,17,2026-07-12,17:03:40,Sunday
bwari,9.2856,7.3787,rain,moderate rain,stations,26.07,26.07,26.07,26.07,1010,83,1010,948,10000,0.68,239,0.8,46,2026-07-12 17:03:40,2026-07-12 05:17:06,2026-07-12 17:54:39,NG,Maitama,2026-07-12 17:03:41.433591,17,2026-07-12,17:03:40,Sunday
gwagwalada,9.0764,6.9854,rain,light rain,stations,29.85,34.91,29.85,29.85,1009,71,1009,987,10000,1.03,228,1.43,60,2026-07-12 17:03:41,2026-07-12 05:19:01,2026-07-12 17:55:52,NG,Kwali,2026-07-12 17:03:41.986952,17,2026-07-12,17:03:41,Sunday
makurdi,7.7306,8.5361,rain,light rain,stations,27.9,31.85,27.9,27.9,1010,80,1010,999,10000,2.17,197,4.08,91,2026-07-12 17:03:42,2026-07-12 05:15:03,2026-07-12 17:47:26,NG,Walmayo,2026-07-12 17:03:42.539780,17,2026-07-12,17:03:42,Sunday
panda,9.2624,7.8385,clouds,broken clouds,stations,24.97,25.82,24.97,24.97,1011,88,1011,968,10000,2.36,192,5.12,72,2026-07-12 19:11:39,2026-07-12 05:15:18,2026-07-12 17:52:46,NG,Maitama,2026-07-12 19:11:39.286535,19,2026-07-12,19:11:39,Sunday
gurara,9.322,7.0232,rain,light rain,stations,24.59,25.45,24.59,24.59,1011,90,1011,970,10000,2.15,204,4.46,85,2026-07-12 19:11:39,2026-07-12 05:18:28,2026-07-12 17:56:08,NG,Suleja,2026-07-12 19:11:39.383842,19,2026-07-12,19:11:39,Sunday
bwari,9.2856,7.3787,rain,moderate rain,stations,23.52,24.28,23.52,23.52,1011,90,1011,949,10000,2.05,208,2.66,83,2026-07-12 19:11:39,2026-07-12 05:17:06,2026-07-12 17:54:39,NG,Maitama,2026-07-12 19:11:39.478083,19,2026-07-12,19:11:39,Sunday
gwagwalada,9.0764,6.9854,rain,light rain,stations,25.79,26.7,25.79,25.79,1011,87,1011,987,10000,1.6,212,2.13,51,2026-07-12 19:11:39,2026-07-12 05:19:01,2026-07-12 17:55:52,NG,Kwali,2026-07-12 19:11:39.572482,19,2026-07-12,19:11:39,Sunday
makurdi,7.7306,8.5361,clouds,broken clouds,stations,26.11,26.11,26.11,26.11,1011,84,1011,1000,10000,2.45,191,4.83,76,2026-07-12 19:11:39,2026-07-12 05:15:03,2026-07-12 17:47:26,NG,Walmayo,2026-07-12 19:11:39.661540,19,2026-07-12,19:11:39,Sunday
panda,9.2624,7.8385,rain,moderate rain,stations,24.27,25.18,24.27,24.27,1013,93,1013,969,10000,1.36,194,2.23,82,2026-07-12 20:55:48,2026-07-12 05:15:18,2026-07-12 17:52:46,NG,Maitama,2026-07-12 20:55:49.065894,20,2026-07-12,20:55:48,Sunday
gurara,9.322,7.0232,clouds,overcast clouds,stations,24.27,25.15,24.27,24.27,1012,92,1012,972,10000,1.57,149,2.42,87,2026-07-12 20:55:49,2026-07-12 05:18:28,2026-07-12 17:56:08,NG,Suleja,2026-07-12 20:55:49.200697,20,2026-07-12,20:55:49,Sunday
bwari,9.2856,7.3787,rain,moderate rain,stations,22.89,23.69,22.89,22.89,1013,94,1013,950,10000,1.75,182,3.52,86,2026-07-12 20:55:49,2026-07-12 05:17:06,2026-07-12 17:54:39,NG,Maitama,2026-07-12 20:55:49.768957,20,2026-07-12,20:55:49,Sunday
gwagwalada,9.0764,6.9854,clouds,broken clouds,stations,25.22,26.15,25.22,25.22,1012,90,1012,989,10000,1.42,146,1.48,65,2026-07-12 20:55:49,2026-07-12 05:19:01,2026-07-12 17:55:52,NG,Kwali,2026-07-12 20:55:50.340253,20,2026-07-12,20:55:49,Sunday
makurdi,7.7306,8.5361,clouds,broken clouds,stations,25.56,26.39,25.56,25.56,1012,85,1012,1001,10000,3.29,198,9.28,62,2026-07-12 20:55:50,2026-07-12 05:15:03,2026-07-12 17:47:26,NG,Walmayo,2026-07-12 20:55:50.903510,20,2026-07-12,20:55:50,Sunday
panda,9.2624,7.8385,rain,moderate rain,stations,24.07,24.99,24.07,24.07,1013,94,1013,969,10000,0.66,5,1.07,89,2026-07-12 22:54:51,2026-07-12 05:15:18,2026-07-12 17:52:46,NG,Maitama,2026-07-12 22:54:51.403058,22,2026-07-12,22:54:51,Sunday
gurara,9.322,7.0232,rain,moderate rain,stations,23.73,24.61,23.73,23.73,1012,94,1012,971,10000,1.55,152,2.67,85,2026-07-12 22:54:51,2026-07-12 05:18:28,2026-07-12 17:56:08,NG,Suleja,2026-07-12 22:54:51.530221,22,2026-07-12,22:54:51,Sunday
bwari,9.2856,7.3787,rain,moderate rain,stations,22.7,23.51,22.7,22.7,1013,95,1013,950,7658,1.34,100,2.2,87,2026-07-12 22:54:51,2026-07-12 05:17:06,2026-07-12 17:54:39,NG,Maitama,2026-07-12 22:54:51.652753,22,2026-07-12,22:54:51,Sunday
gwagwalada,9.0764,6.9854,rain,light rain,stations,24.77,25.7,24.77,24.77,1012,92,1012,989,10000,1.21,148,1.63,62,2026-07-12 22:54:51,2026-07-12 05:19:01,2026-07-12 17:55:52,NG,Kwali,2026-07-12 22:54:51.777888,22,2026-07-12,22:54:51,Sunday
makurdi,7.7306,8.5361,clouds,broken clouds,stations,24.86,25.73,24.86,24.86,1012,89,1012,1001,10000,3.73,205,10.18,67,2026-07-12 22:54:51,2026-07-12 05:15:03,2026-07-12 17:47:26,NG,Walmayo,2026-07-12 22:54:51.901050,22,2026-07-12,22:54:51,Sunday
panda,9.2624,7.8385,rain,moderate rain,stations,22.18,22.96,22.18,22.18,1012,96,1012,968,10000,1.66,171,3.69,100,2026-07-13 03:27:44,2026-07-13 05:15:32,2026-07-13 17:52:47,NG,Maitama,2026-07-13 03:27:45.481293,3,2026-07-13,03:27:44,Monday
gurara,9.322,7.0232,rain,heavy intensity rain,stations,20.97,21.68,20.97,20.97,1012,98,1012,970,3805,0.92,178,3.52,100,2026-07-13 03:27:45,2026-07-13 05:18:42,2026-07-13 17:56:09,NG,Suleja,2026-07-13 03:27:46.080739,3,2026-07-13,03:27:45,Monday
bwari,9.2856,7.3787,rain,heavy intensity rain,stations,20.41,21.09,20.41,20.41,1011,99,1011,948,6419,2.7,222,4.1,100,2026-07-13 03:27:46,2026-07-13 05:17:20,2026-07-13 17:54:40,NG,Maitama,2026-07-13 03:27:46.681247,3,2026-07-13,03:27:46,Monday
gwagwalada,9.0764,6.9854,rain,heavy intensity rain,stations,22.6,23.47,22.6,22.6,1011,98,1011,988,1823,2.07,25,4.5,99,2026-07-13 03:27:46,2026-07-13 05:19:15,2026-07-13 17:55:53,NG,Kwali,2026-07-13 03:27:47.278145,3,2026-07-13,03:27:46,Monday
makurdi,7.7306,8.5361,clouds,overcast clouds,stations,23.83,24.67,23.83,23.83,1012,92,1012,1001,10000,2.81,215,8.13,100,2026-07-13 03:27:47,2026-07-13 05:15:16,2026-07-13 17:47:28,NG,Walmayo,2026-07-13 03:27:47.879988,3,2026-07-13,03:27:47,Monday
panda,9.2624,7.8385,clouds,overcast clouds,stations,21.84,22.61,21.84,21.84,1014,97,1014,970,8944,2.42,188,6.38,100,2026-07-13 07:25:49,2026-07-13 05:15:32,2026-07-13 17:52:47,NG,Maitama,2026-07-13 07:25:50.174480,7,2026-07-13,07:25:49,Monday
gurara,9.322,7.0232,rain,light rain,stations,20.88,21.56,20.88,20.88,1014,97,1014,973,10000,0.71,171,1.75,100,2026-07-13 07:25:50,2026-07-13 05:18:42,2026-07-13 17:56:09,NG,Suleja,2026-07-13 07:25:50.787317,7,2026-07-13,07:25:50,Monday
bwari,9.2856,7.3787,rain,light rain,stations,21.09,21.81,21.09,21.09,1015,98,1015,951,2973,1.73,192,5.33,100,2026-07-13 07:25:50,2026-07-13 05:17:20,2026-07-13 17:54:40,NG,Maitama,2026-07-13 07:25:51.447929,7,2026-07-13,07:25:50,Monday
gwagwalada,9.0764,6.9854,rain,light rain,stations,21.88,22.63,21.88,21.88,1014,96,1014,991,10000,0.66,127,1.45,100,2026-07-13 07:25:51,2026-07-13 05:19:15,2026-07-13 17:55:53,NG,Kwali,2026-07-13 07:25:52.096617,7,2026-07-13,07:25:51,Monday
makurdi,7.7306,8.5361,rain,moderate rain,stations,21.95,22.73,21.95,21.95,1014,97,1014,1002,10000,1.73,219,3.43,100,2026-07-13 07:25:52,2026-07-13 05:15:16,2026-07-13 17:47:28,NG,Walmayo,2026-07-13 07:25:52.755512,7,2026-07-13,07:25:52,Monday
panda,9.2624,7.8385,clouds,overcast clouds,stations,23.08,23.77,23.08,23.08,1014,89,1014,970,10000,1.13,177,1.65,100,2026-07-13 11:17:31,2026-07-13 05:15:32,2026-07-13 17:52:47,NG,Maitama,2026-07-13 11:17:32.246035,11,2026-07-13,11:17:31,Monday
gurara,9.322,7.0232,clouds,overcast clouds,stations,22.84,23.66,22.84,22.84,1013,95,1013,972,10000,2.97,210,7.61,100,2026-07-13 11:17:32,2026-07-13 05:18:42,2026-07-13 17:56:09,NG,Suleja,2026-07-13 11:17:32.799426,11,2026-07-13,11:17:32,Monday
bwari,9.2856,7.3787,clouds,overcast clouds,stations,22.3,23.01,22.3,22.3,1014,93,1014,951,10000,2.71,215,4.55,100,2026-07-13 11:17:32,2026-07-13 05:17:20,2026-07-13 17:54:40,NG,Maitama,2026-07-13 11:17:33.197444,11,2026-07-13,11:17:32,Monday
gwagwalada,9.0764,6.9854,clouds,overcast clouds,stations,24.11,25.0,24.11,24.11,1013,93,1013,990,10000,2.73,214,6.07,100,2026-07-13 11:17:33,2026-07-13 05:19:15,2026-07-13 17:55:53,NG,Kwali,2026-07-13 11:17:33.749977,11,2026-07-13,11:17:33,Monday
makurdi,7.7306,8.5361,clouds,overcast clouds,stations,24.45,25.25,24.45,24.45,1013,88,1013,1002,10000,2.96,242,5.91,100,2026-07-13 11:17:33,2026-07-13 05:15:16,2026-07-13 17:47:28,NG,Walmayo,2026-07-13 11:17:34.306405,11,2026-07-13,11:17:33,Monday
panda,9.2624,7.8385,clouds,overcast clouds,stations,25.1,25.86,25.1,25.1,1011,84,1011,967,10000,1.03,232,1.41,100,2026-07-13 14:44:53,2026-07-13 05:15:32,2026-07-13 17:52:47,NG,Maitama,2026-07-13 14:44:53.962665,14,2026-07-13,14:44:53,Monday
gurara,9.322,7.0232,clouds,overcast clouds,stations,24.91,25.65,24.91,24.91,1010,84,1010,970,10000,1.38,200,2.08,100,2026-07-13 14:44:54,2026-07-13 05:18:42,2026-07-13 17:56:09,NG,Suleja,2026-07-13 14:44:54.131565,14,2026-07-13,14:44:54,Monday
bwari,9.2856,7.3787,clouds,overcast clouds,stations,23.35,24.09,23.35,23.35,1011,90,1011,948,10000,1.47,227,2.12,100,2026-07-13 14:44:54,2026-07-13 05:17:20,2026-07-13 17:54:40,NG,Maitama,2026-07-13 14:44:54.293430,14,2026-07-13,14:44:54,Monday
gwagwalada,9.0764,6.9854,clouds,overcast clouds,stations,26.12,26.12,26.12,26.12,1010,82,1010,987,10000,1.35,220,1.95,100,2026-07-13 14:44:54,2026-07-13 05:19:15,2026-07-13 17:55:53,NG,Kwali,2026-07-13 14:44:54.453993,14,2026-07-13,14:44:54,Monday
makurdi,7.7306,8.5361,clouds,overcast clouds,stations,27.26,29.7,27.26,27.26,1010,74,1010,999,10000,3.4,236,5.11,97,2026-07-13 14:44:54,2026-07-13 05:15:16,2026-07-13 17:47:28,NG,Walmayo,2026-07-13 14:44:54.625332,14,2026-07-13,14:44:54,Monday
panda,9.2624,7.8385,clouds,overcast clouds,stations,23.76,24.54,23.76,23.76,1011,90,1011,968,10000,1.75,225,2.46,100,2026-07-13 17:58:09,2026-07-13 05:15:32,2026-07-13 17:52:47,NG,Maitama,2026-07-13 17:58:10.446361,17,2026-07-13,17:58:09,Monday
gurara,9.322,7.0232,clouds,overcast clouds,stations,23.49,24.27,23.49,23.49,1011,91,1011,971,10000,0.93,191,1.0,100,2026-07-13 17:58:10,2026-07-13 05:18:42,2026-07-13 17:56:09,NG,Suleja,2026-07-13 17:58:10.763238,17,2026-07-13,17:58:10,Monday
bwari,9.2856,7.3787,clouds,overcast clouds,stations,22.21,22.97,22.21,22.21,1012,95,1012,949,10000,1.18,237,1.33,100,2026-07-13 17:58:10,2026-07-13 05:17:20,2026-07-13 17:54:40,NG,Maitama,2026-07-13 17:58:11.313045,17,2026-07-13,17:58:10,Monday
gwagwalada,9.0764,6.9854,clouds,overcast clouds,stations,24.51,25.34,24.51,24.51,1011,89,1011,988,10000,1.35,204,1.79,100,2026-07-13 17:58:11,2026-07-13 05:19:15,2026-07-13 17:55:53,NG,Kwali,2026-07-13 17:58:11.867630,17,2026-07-13,17:58:11,Monday
makurdi,7.7306,8.5361,clouds,overcast clouds,stations,24.67,25.49,24.67,24.67,1011,88,1011,1000,10000,1.9,232,3.4,98,2026-07-13 17:58:11,2026-07-13 05:15:16,2026-07-13 17:47:28,NG,Walmayo,2026-07-13 17:58:12.418575,17,2026-07-13,17:58:11,Monday
panda,9.2624,7.8385,rain,light rain,stations,23.02,23.83,23.02,23.02,1013,94,1013,970,10000,0.94,278,1.2,99,2026-07-13 19:41:10,2026-07-13 05:15:32,2026-07-13 17:52:47,NG,Maitama,2026-07-13 19:41:11.404621,19,2026-07-13,19:41:10,Monday
gurara,9.322,7.0232,clouds,overcast clouds,stations,23.3,24.09,23.3,23.3,1013,92,1013,972,10000,0.32,192,0.45,100,2026-07-13 19:41:11,2026-07-13 05:18:42,2026-07-13 17:56:09,NG,Suleja,2026-07-13 19:41:12.048418,19,2026-07-13,19:41:11,Monday
bwari,9.2856,7.3787,rain,light rain,stations,21.56,22.28,21.56,21.56,1014,96,1014,951,10000,0.47,268,0.52,100,2026-07-13 19:41:12,2026-07-13 05:17:20,2026-07-13 17:54:40,NG,Maitama,2026-07-13 19:41:12.692243,19,2026-07-13,19:41:12,Monday
gwagwalada,9.0764,6.9854,clouds,overcast clouds,stations,24.21,25.09,24.21,24.21,1013,92,1013,990,10000,0.92,203,0.98,100,2026-07-13 19:41:12,2026-07-13 05:19:15,2026-07-13 17:55:53,NG,Kwali,2026-07-13 19:41:13.357684,19,2026-07-13,19:41:12,Monday
makurdi,7.7306,8.5361,clouds,overcast clouds,stations,23.83,24.67,23.83,23.83,1013,92,1013,1002,10000,1.98,213,4.16,100,2026-07-13 19:41:13,2026-07-13 05:15:16,2026-07-13 17:47:28,NG,Walmayo,2026-07-13 19:41:14.015263,19,2026-07-13,19:41:13,Monday
panda,9.2624,7.8385,rain,moderate rain,stations,22.59,23.41,22.59,22.59,1014,96,1014,970,10000,0.76,285,0.84,99,2026-07-13 21:01:10,2026-07-13 05:15:32,2026-07-13 17:52:47,NG,Maitama,2026-07-13 21:01:10.189772,21,2026-07-13,21:01:10,Monday
gurara,9.322,7.0232,clouds,overcast clouds,stations,23.37,24.16,23.37,23.37,1014,92,1014,973,10000,0.82,211,0.89,100,2026-07-13 21:01:10,2026-07-13 05:18:42,2026-07-13 17:56:09,NG,Suleja,2026-07-13 21:01:10.287100,21,2026-07-13,21:01:10,Monday
bwari,9.2856,7.3787,rain,light rain,stations,21.61,22.33,21.61,21.61,1014,96,1014,951,10000,0.43,257,0.64,100,2026-07-13 21:01:10,2026-07-13 05:17:20,2026-07-13 17:54:40,NG,Maitama,2026-07-13 21:01:10.426104,21,2026-07-13,21:01:10,Monday
gwagwalada,9.0764,6.9854,clouds,overcast clouds,stations,24.08,24.95,24.08,24.08,1013,92,1013,990,10000,1.36,206,2.11,100,2026-07-13 21:01:10,2026-07-13 05:19:15,2026-07-13 17:55:53,NG,Kwali,2026-07-13 21:01:10.529486,21,2026-07-13,21:01:10,Monday
makurdi,7.7313,8.5384,clouds,overcast clouds,stations,23.65,24.47,23.65,23.65,1013,92,1013,1002,10000,2.08,218,5.62,100,2026-07-13 21:00:49,2026-07-13 05:15:16,2026-07-13 17:47:27,NG,Walmayo,2026-07-13 21:01:10.613345,21,2026-07-13,21:00:49,Monday
panda,9.2624,7.8385,rain,moderate rain,stations,22.02,22.84,22.02,22.02,1014,98,1014,970,10000,0.99,166,1.08,99,2026-07-13 22:58:41,2026-07-13 05:15:32,2026-07-13 17:52:47,NG,Maitama,2026-07-13 22:58:41.929899,22,2026-07-13,22:58:41,Monday
gurara,9.322,7.0232,rain,light rain,stations,22.77,23.61,22.77,22.77,1014,96,1014,972,10000,1.7,193,4.69,100,2026-07-13 22:58:42,2026-07-13 05:18:42,2026-07-13 17:56:09,NG,Suleja,2026-07-13 22:58:42.524030,22,2026-07-13,22:58:42,Monday
bwari,9.2856,7.3787,rain,light rain,stations,21.18,21.91,21.18,21.18,1014,98,1014,951,10000,1.5,184,2.75,100,2026-07-13 22:58:42,2026-07-13 05:17:20,2026-07-13 17:54:40,NG,Maitama,2026-07-13 22:58:43.173629,22,2026-07-13,22:58:42,Monday
gwagwalada,9.0764,6.9854,rain,light rain,stations,23.51,24.37,23.51,23.51,1013,94,1013,990,10000,1.66,192,4.49,100,2026-07-13 22:58:43,2026-07-13 05:19:15,2026-07-13 17:55:53,NG,Kwali,2026-07-13 22:58:43.831624,22,2026-07-13,22:58:43,Monday
makurdi,7.7306,8.5361,clouds,overcast clouds,stations,23.1,23.87,23.1,23.1,1014,92,1014,1003,10000,2.31,213,6.75,100,2026-07-13 22:58:43,2026-07-13 05:15:16,2026-07-13 17:47:28,NG,Walmayo,2026-07-13 22:58:44.491446,22,2026-07-13,22:58:43,Monday
panda,9.2624,7.8385,clouds,overcast clouds,stations,22.27,23.11,22.27,22.27,1013,98,1013,969,7544,0.86,151,1.77,96,2026-07-14 02:50:22,2026-07-14 05:15:46,2026-07-14 17:52:47,NG,Maitama,2026-07-14 02:50:22.714176,2,2026-07-14,02:50:22,Tuesday
gurara,9.322,7.0232,rain,light rain,stations,21.72,22.48,21.72,21.72,1013,97,1013,972,10000,1.35,154,4.08,100,2026-07-14 02:50:22,2026-07-14 05:18:55,2026-07-14 17:56:08,NG,Suleja,2026-07-14 02:50:22.880303,2,2026-07-14,02:50:22,Tuesday
bwari,9.2856,7.3787,rain,light rain,stations,20.8,21.49,20.8,20.8,1013,98,1013,950,10000,1.06,192,3.83,100,2026-07-14 02:50:23,2026-07-14 05:17:34,2026-07-14 17:54:40,NG,Maitama,2026-07-14 02:50:23.044232,2,2026-07-14,02:50:23,Tuesday
gwagwalada,9.0764,6.9854,clouds,overcast clouds,stations,22.48,23.29,22.48,22.48,1013,96,1013,989,10000,1.04,150,1.84,99,2026-07-14 02:50:23,2026-07-14 05:19:29,2026-07-14 17:55:53,NG,Kwali,2026-07-14 02:50:23.208610,2,2026-07-14,02:50:23,Tuesday
makurdi,7.7306,8.5361,clouds,overcast clouds,stations,22.57,23.36,22.57,22.57,1012,95,1012,1001,10000,1.4,224,3.81,100,2026-07-14 02:50:23,2026-07-14 05:15:29,2026-07-14 17:47:29,NG,Walmayo,2026-07-14 02:50:23.382567,2,2026-07-14,02:50:23,Tuesday
panda,9.2624,7.8385,clouds,overcast clouds,stations,22.23,23.04,22.23,22.23,1015,97,1015,971,10000,0.83,160,1.33,96,2026-07-14 06:15:26,2026-07-14 05:15:46,2026-07-14 17:52:47,NG,Maitama,2026-07-14 06:15:26.500439,6,2026-07-14,06:15:26,Tuesday
gurara,9.322,7.0232,clouds,overcast clouds,stations,21.94,22.75,21.94,21.94,1014,98,1014,973,10000,1.45,176,3.62,100,2026-07-14 06:15:26,2026-07-14 05:18:55,2026-07-14 17:56:08,NG,Suleja,2026-07-14 06:15:26.634883,6,2026-07-14,06:15:26,Tuesday
bwari,9.2856,7.3787,clouds,overcast clouds,stations,21.14,21.87,21.14,21.14,1015,98,1015,952,4000,1.46,188,4.39,100,2026-07-14 06:15:26,2026-07-14 05:17:34,2026-07-14 17:54:40,NG,Maitama,2026-07-14 06:15:26.764388,6,2026-07-14,06:15:26,Tuesday
gwagwalada,9.0764,6.9854,clouds,overcast clouds,stations,22.73,23.57,22.73,22.73,1014,96,1014,991,10000,0.95,166,2.03,98,2026-07-14 06:15:26,2026-07-14 05:19:29,2026-07-14 17:55:53,NG,Kwali,2026-07-14 06:15:26.900716,6,2026-07-14,06:15:26,Tuesday
makurdi,7.7306,8.5361,rain,light rain,stations,23.13,24.01,23.13,23.13,1014,96,1014,1003,10000,1.28,219,3.29,99,2026-07-14 06:15:27,2026-07-14 05:15:29,2026-07-14 17:47:29,NG,Walmayo,2026-07-14 06:15:27.031091,6,2026-07-14,06:15:27,Tuesday
panda,9.2624,7.8385,rain,light rain,stations,26.91,29.37,26.91,26.91,1015,78,1015,971,10000,1.6,195,1.74,97,2026-07-14 10:02:24,2026-07-14 05:15:46,2026-07-14 17:52:47,NG,Maitama,2026-07-14 10:02:24.625142,10,2026-07-14,10:02:24,Tuesday
gurara,9.322,7.0232,rain,light rain,stations,25.91,26.67,25.91,25.91,1015,81,1015,974,10000,1.92,198,2.42,99,2026-07-14 10:02:24,2026-07-14 05:18:55,2026-07-14 17:56:08,NG,Suleja,2026-07-14 10:02:25.293286,10,2026-07-14,10:02:24,Tuesday
bwari,9.2856,7.3787,rain,light rain,stations,24.79,25.49,24.79,24.79,1015,83,1015,952,10000,1.91,211,2.36,98,2026-07-14 10:02:25,2026-07-14 05:17:34,2026-07-14 17:54:40,NG,Maitama,2026-07-14 10:02:25.938237,10,2026-07-14,10:02:25,Tuesday
gwagwalada,9.0764,6.9854,rain,light rain,stations,27.41,30.1,27.41,27.41,1014,75,1014,991,10000,1.81,211,2.2,98,2026-07-14 10:02:26,2026-07-14 05:19:29,2026-07-14 17:55:53,NG,Kwali,2026-07-14 10:02:26.599515,10,2026-07-14,10:02:26,Tuesday
makurdi,7.7306,8.5361,rain,moderate rain,stations,27.05,30.05,27.05,27.05,1014,82,1014,1003,6169,1.87,237,2.55,96,2026-07-14 10:02:26,2026-07-14 05:15:29,2026-07-14 17:47:29,NG,Walmayo,2026-07-14 10:02:27.062860,10,2026-07-14,10:02:26,Tuesday
panda,9.2624,7.8385,rain,light rain,stations,29.06,32.67,29.06,29.06,1011,69,1011,968,10000,1.75,186,1.66,82,2026-07-14 13:54:42,2026-07-14 05:15:46,2026-07-14 17:52:47,NG,Maitama,2026-07-14 13:54:42.703852,13,2026-07-14,13:54:42,Tuesday
gurara,9.322,7.0232,rain,light rain,stations,27.4,30.65,27.4,27.4,1011,80,1011,971,10000,1.16,219,1.18,95,2026-07-14 13:54:42,2026-07-14 05:18:55,2026-07-14 17:56:08,NG,Suleja,2026-07-14 13:54:43.254497,13,2026-07-14,13:54:42,Tuesday
bwari,9.2856,7.3787,rain,light rain,stations,26.17,26.17,26.17,26.17,1012,82,1012,950,10000,1.55,206,1.44,98,2026-07-14 13:54:43,2026-07-14 05:17:34,2026-07-14 17:54:40,NG,Maitama,2026-07-14 13:54:43.805863,13,2026-07-14,13:54:43,Tuesday
gwagwalada,9.0764,6.9854,rain,moderate rain,stations,28.71,32.99,28.71,28.71,1011,75,1011,988,10000,0.61,226,0.96,98,2026-07-14 13:54:43,2026-07-14 05:19:29,2026-07-14 17:55:53,NG,Kwali,2026-07-14 13:54:44.301396,13,2026-07-14,13:54:43,Tuesday
makurdi,7.7306,8.5361,rain,light rain,stations,29.68,34.27,29.68,29.68,1011,70,1011,1000,10000,1.21,253,1.64,99,2026-07-14 13:54:44,2026-07-14 05:15:29,2026-07-14 17:47:29,NG,Walmayo,2026-07-14 13:54:44.854987,13,2026-07-14,13:54:44,Tuesday
panda,9.2624,7.8385,rain,light rain,stations,28.87,32.45,28.87,28.87,1011,70,1011,968,10000,1.62,194,1.55,83,2026-07-14 15:26:04,2026-07-14 05:15:46,2026-07-14 17:52:47,NG,Maitama,2026-07-14 15:26:05.176948,15,2026-07-14,15:26:04,Tuesday
gurara,9.322,7.0232,rain,light rain,stations,26.41,26.41,26.41,26.41,1011,87,1011,971,10000,1.02,208,1.18,97,2026-07-14 15:26:05,2026-07-14 05:18:55,2026-07-14 17:56:08,NG,Suleja,2026-07-14 15:26:05.734523,15,2026-07-14,15:26:05,Tuesday
bwari,9.2856,7.3787,rain,light rain,stations,25.82,26.68,25.82,25.82,1011,85,1011,949,10000,1.52,214,1.63,98,2026-07-14 15:26:05,2026-07-14 05:17:34,2026-07-14 17:54:40,NG,Maitama,2026-07-14 15:26:06.284716,15,2026-07-14,15:26:05,Tuesday
gwagwalada,9.0764,6.9854,rain,light rain,stations,28.11,32.38,28.11,28.11,1011,80,1011,988,10000,0.15,280,0.75,99,2026-07-14 15:26:06,2026-07-14 05:19:29,2026-07-14 17:55:53,NG,Kwali,2026-07-14 15:26:06.836087,15,2026-07-14,15:26:06,Tuesday
makurdi,7.7306,8.5361,rain,light rain,stations,29.73,34.17,29.73,29.73,1010,69,1010,999,10000,1.26,260,1.71,98,2026-07-14 15:26:06,2026-07-14 05:15:29,2026-07-14 17:47:29,NG,Walmayo,2026-07-14 15:26:07.386346,15,2026-07-14,15:26:06,Tuesday
panda,9.2624,7.8385,rain,light rain,stations,26.92,29.93,26.92,26.92,1011,84,1011,968,10000,1.56,213,2.33,90,2026-07-14 17:18:58,2026-07-14 05:15:46,2026-07-14 17:52:47,NG,Maitama,2026-07-14 17:18:58.756820,17,2026-07-14,17:18:58,Tuesday
gurara,9.322,7.0232,rain,light rain,stations,24.98,25.94,24.98,24.98,1012,92,1012,971,10000,0.66,274,0.93,98,2026-07-14 17:18:58,2026-07-14 05:18:55,2026-07-14 17:56:08,NG,Suleja,2026-07-14 17:18:59.309533,17,2026-07-14,17:18:58,Tuesday
bwari,9.2856,7.3787,rain,light rain,stations,24.89,25.78,24.89,24.89,1012,90,1012,950,10000,1.31,246,1.76,99,2026-07-14 17:18:59,2026-07-14 05:17:34,2026-07-14 17:54:40,NG,Maitama,2026-07-14 17:18:59.849740,17,2026-07-14,17:18:59,Tuesday
gwagwalada,9.0764,6.9854,rain,light rain,stations,26.71,29.75,26.71,26.71,1011,88,1011,988,10000,1.25,346,1.74,99,2026-07-14 17:18:59,2026-07-14 05:19:29,2026-07-14 17:55:53,NG,Kwali,2026-07-14 17:19:00.410369,17,2026-07-14,17:18:59,Tuesday
makurdi,7.7306,8.5361,clouds,overcast clouds,stations,28.36,33.02,28.36,28.36,1010,80,1010,999,10000,1.31,253,1.98,93,2026-07-14 17:19:00,2026-07-14 05:15:29,2026-07-14 17:47:29,NG,Walmayo,2026-07-14 17:19:00.963627,17,2026-07-14,17:19:00,Tuesday
panda,9.2624,7.8385,clouds,broken clouds,stations,24.52,25.35,24.52,24.52,1013,89,1013,969,10000,1.35,240,1.38,55,2026-07-14 19:26:08,2026-07-14 05:15:46,2026-07-14 17:52:47,NG,Maitama,2026-07-14 19:26:08.998901,19,2026-07-14,19:26:08,Tuesday
gurara,9.322,7.0232,clouds,broken clouds,stations,23.66,24.54,23.66,23.66,1012,94,1012,972,10000,0.78,232,0.87,64,2026-07-14 19:26:09,2026-07-14 05:18:55,2026-07-14 17:56:08,NG,Suleja,2026-07-14 19:26:09.566031,19,2026-07-14,19:26:09,Tuesday
bwari,9.2856,7.3787,clouds,scattered clouds,stations,22.63,23.43,22.63,22.63,1013,95,1013,950,10000,1.14,232,1.2,29,2026-07-14 19:26:09,2026-07-14 05:17:34,2026-07-14 17:54:40,NG,Maitama,2026-07-14 19:26:10.134844,19,2026-07-14,19:26:09,Tuesday
gwagwalada,9.0764,6.9854,clouds,scattered clouds,stations,24.63,25.55,24.63,24.63,1012,92,1012,989,10000,0.61,344,0.82,43,2026-07-14 19:26:10,2026-07-14 05:19:29,2026-07-14 17:55:53,NG,Kwali,2026-07-14 19:26:10.697907,19,2026-07-14,19:26:10,Tuesday
makurdi,7.7306,8.5361,clouds,scattered clouds,stations,25.83,26.66,25.83,25.83,1012,84,1012,1001,10000,1.58,224,1.82,32,2026-07-14 19:26:10,2026-07-14 05:15:29,2026-07-14 17:47:29,NG,Walmayo,2026-07-14 19:26:11.259994,19,2026-07-14,19:26:10,Tuesday
panda,9.2624,7.8385,clouds,broken clouds,stations,23.86,24.68,23.86,23.86,1014,91,1014,970,10000,1.37,273,1.41,52,2026-07-14 21:03:59,2026-07-14 05:15:46,2026-07-14 17:52:47,NG,Maitama,2026-07-14 21:03:59.523704,21,2026-07-14,21:03:59,Tuesday
gurara,9.322,7.0232,clouds,broken clouds,stations,23.39,24.24,23.39,23.39,1014,94,1014,973,10000,0.39,250,0.7,60,2026-07-14 21:03:59,2026-07-14 05:18:55,2026-07-14 17:56:08,NG,Suleja,2026-07-14 21:04:00.075963,21,2026-07-14,21:03:59,Tuesday
bwari,9.2856,7.3787,clouds,broken clouds,stations,22.47,23.25,22.47,22.47,1014,95,1014,951,10000,1.17,246,1.47,59,2026-07-14 21:04:00,2026-07-14 05:17:34,2026-07-14 17:54:40,NG,Maitama,2026-07-14 21:04:00.625501,21,2026-07-14,21:04:00,Tuesday
gwagwalada,9.0764,6.9854,clouds,scattered clouds,stations,24.28,25.17,24.28,24.28,1014,92,1014,990,10000,0.61,11,0.63,38,2026-07-14 21:04:00,2026-07-14 05:19:29,2026-07-14 17:55:53,NG,Kwali,2026-07-14 21:04:01.176561,21,2026-07-14,21:04:00,Tuesday
makurdi,7.7306,8.5361,clouds,broken clouds,stations,24.87,25.74,24.87,24.87,1013,89,1013,1002,10000,2.55,212,6.64,53,2026-07-14 21:04:01,2026-07-14 05:15:29,2026-07-14 17:47:29,NG,Walmayo,2026-07-14 21:04:01.726216,21,2026-07-14,21:04:01,Tuesday
panda,9.2624,7.8385,clouds,broken clouds,stations,23.48,24.31,23.48,23.48,1014,93,1014,971,10000,0.85,241,0.88,67,2026-07-14 23:00:06,2026-07-15 05:15:59,2026-07-15 17:52:46,NG,Maitama,2026-07-14 23:00:07.239583,23,2026-07-14,23:00:06,Tuesday
gurara,9.322,7.0232,clouds,broken clouds,stations,23.11,23.93,23.11,23.11,1014,94,1014,973,10000,1.13,163,1.2,57,2026-07-14 23:00:07,2026-07-15 05:19:09,2026-07-15 17:56:08,NG,Suleja,2026-07-14 23:00:07.827663,23,2026-07-14,23:00:07,Tuesday
bwari,9.2856,7.3787,clouds,broken clouds,stations,22.09,22.84,22.09,22.09,1015,95,1015,952,10000,1.2,206,1.67,57,2026-07-14 23:00:07,2026-07-15 05:17:47,2026-07-15 17:54:39,NG,Maitama,2026-07-14 23:00:08.435726,23,2026-07-14,23:00:07,Tuesday
gwagwalada,9.0764,6.9854,rain,light rain,stations,23.92,24.8,23.92,23.92,1014,93,1014,991,10000,1.08,156,1.1,41,2026-07-14 23:00:08,2026-07-15 05:19:42,2026-07-15 17:55:53,NG,Kwali,2026-07-14 23:00:09.041671,23,2026-07-14,23:00:08,Tuesday
makurdi,7.7306,8.5361,clouds,broken clouds,stations,24.58,25.42,24.58,24.58,1014,89,1014,1003,10000,3.21,213,9.74,65,2026-07-14 23:00:09,2026-07-15 05:15:42,2026-07-15 17:47:29,NG,Walmayo,2026-07-14 23:00:09.638442,23,2026-07-14,23:00:09,Tuesday
panda,9.2624,7.8385,rain,moderate rain,stations,22.1,22.92,22.1,22.1,1014,98,1014,970,10000,1.77,217,5.35,100,2026-07-15 02:48:51,2026-07-15 05:15:59,2026-07-15 17:52:46,NG,Maitama,2026-07-15 02:48:52.276287,2,2026-07-15,02:48:51,Wednesday
gurara,9.322,7.0232,rain,moderate rain,stations,22.01,22.85,22.01,22.01,1014,99,1014,973,8753,1.67,197,4.77,99,2026-07-15 02:48:52,2026-07-15 05:19:09,2026-07-15 17:56:08,NG,Suleja,2026-07-15 02:48:52.839530,2,2026-07-15,02:48:52,Wednesday
bwari,9.2856,7.3787,rain,moderate rain,stations,21.2,21.96,21.2,21.2,1014,99,1014,951,10000,2.1,204,6.31,100,2026-07-15 02:48:52,2026-07-15 05:17:47,2026-07-15 17:54:39,NG,Maitama,2026-07-15 02:48:53.424027,2,2026-07-15,02:48:52,Wednesday
gwagwalada,9.0764,6.9854,rain,light rain,stations,22.67,23.55,22.67,22.67,1014,98,1014,990,10000,1.27,199,3.01,98,2026-07-15 02:48:53,2026-07-15 05:19:42,2026-07-15 17:55:53,NG,Kwali,2026-07-15 02:48:53.998450,2,2026-07-15,02:48:53,Wednesday
makurdi,7.7306,8.5361,clouds,overcast clouds,stations,23.01,23.85,23.01,23.01,1013,95,1013,1002,10000,2.2,222,7.81,92,2026-07-15 02:48:54,2026-07-15 05:15:42,2026-07-15 17:47:29,NG,Walmayo,2026-07-15 02:48:54.157817,2,2026-07-15,02:48:54,Wednesday
panda,9.2624,7.8385,clouds,overcast clouds,stations,22.56,23.4,22.56,22.56,1015,97,1015,971,10000,1.11,247,3.51,100,2026-07-15 06:19:13,2026-07-15 05:15:59,2026-07-15 17:52:46,NG,Maitama,2026-07-15 06:19:14.298967,6,2026-07-15,06:19:13,Wednesday
gurara,9.322,7.0232,clouds,overcast clouds,stations,22.31,23.16,22.31,22.31,1015,98,1015,974,10000,1.2,237,4.28,100,2026-07-15 06:19:14,2026-07-15 05:19:09,2026-07-15 17:56:08,NG,Suleja,2026-07-15 06:19:14.942524,6,2026-07-15,06:19:14,Wednesday
bwari,9.2856,7.3787,clouds,overcast clouds,stations,21.45,22.21,21.45,21.45,1016,98,1016,952,7162,2.26,245,6.21,100,2026-07-15 06:19:15,2026-07-15 05:17:47,2026-07-15 17:54:39,NG,Maitama,2026-07-15 06:19:15.601886,6,2026-07-15,06:19:15,Wednesday
gwagwalada,9.0764,6.9854,clouds,overcast clouds,stations,23.1,24.0,23.1,23.1,1015,97,1015,992,10000,0.62,247,2.67,99,2026-07-15 06:19:15,2026-07-15 05:19:42,2026-07-15 17:55:53,NG,Kwali,2026-07-15 06:19:16.252822,6,2026-07-15,06:19:15,Wednesday
makurdi,7.7306,8.5361,clouds,overcast clouds,stations,23.31,24.15,23.31,23.31,1015,94,1015,1004,10000,2.02,215,7.03,95,2026-07-15 06:19:16,2026-07-15 05:15:42,2026-07-15 17:47:29,NG,Walmayo,2026-07-15 06:19:16.910980,6,2026-07-15,06:19:16,Wednesday
panda,9.2624,7.8385,rain,moderate rain,stations,26.29,26.29,26.29,26.29,1016,83,1016,972,7257,1.94,260,2.94,97,2026-07-15 10:07:07,2026-07-15 05:15:59,2026-07-15 17:52:46,NG,Maitama,2026-07-15 10:07:07.695093,10,2026-07-15,10:07:07,Wednesday
gurara,9.322,7.0232,rain,light rain,stations,25.63,26.47,25.63,25.63,1016,85,1016,975,10000,3.16,249,4.67,94,2026-07-15 10:07:07,2026-07-15 05:19:09,2026-07-15 17:56:08,NG,Suleja,2026-07-15 10:07:08.246614,10,2026-07-15,10:07:07,Wednesday
bwari,9.2856,7.3787,rain,light rain,stations,24.61,25.42,24.61,24.61,1016,88,1016,953,9044,3.18,258,4.54,98,2026-07-15 10:07:08,2026-07-15 05:17:47,2026-07-15 17:54:39,NG,Maitama,2026-07-15 10:07:08.800267,10,2026-07-15,10:07:08,Wednesday
gwagwalada,9.0764,6.9854,rain,light rain,stations,26.69,29.22,26.69,26.69,1016,82,1016,992,10000,3.16,250,4.57,98,2026-07-15 10:07:08,2026-07-15 05:19:42,2026-07-15 17:55:53,NG,Kwali,2026-07-15 10:07:09.355011,10,2026-07-15,10:07:08,Wednesday
makurdi,7.7306,8.5361,rain,light rain,stations,28.39,31.59,28.39,28.39,1015,71,1015,1004,10000,3.65,245,4.69,95,2026-07-15 10:07:09,2026-07-15 05:15:42,2026-07-15 17:47:29,NG,Walmayo,2026-07-15 10:07:09.906697,10,2026-07-15,10:07:09,Wednesday
panda,9.2624,7.8385,rain,light rain,stations,28.14,31.82,28.14,28.14,1013,76,1013,970,10000,1.41,288,1.58,99,2026-07-15 13:52:15,2026-07-15 05:15:59,2026-07-15 17:52:46,NG,Maitama,2026-07-15 13:52:15.781173,13,2026-07-15,13:52:15,Wednesday
gurara,9.322,7.0232,rain,light rain,stations,27.5,30.52,27.5,27.5,1013,77,1013,972,10000,1.96,277,2.41,98,2026-07-15 13:52:15,2026-07-15 05:19:09,2026-07-15 17:56:08,NG,Suleja,2026-07-15 13:52:15.874161,13,2026-07-15,13:52:15,Wednesday
bwari,9.2856,7.3787,rain,light rain,stations,25.96,25.96,25.96,25.96,1013,82,1013,951,10000,1.99,276,2.22,100,2026-07-15 13:52:15,2026-07-15 05:17:47,2026-07-15 17:54:39,NG,Maitama,2026-07-15 13:52:15.965226,13,2026-07-15,13:52:15,Wednesday
gwagwalada,9.0764,6.9854,rain,light rain,stations,28.94,32.78,28.94,28.94,1012,71,1012,989,10000,1.93,285,2.52,93,2026-07-15 13:52:16,2026-07-15 05:19:42,2026-07-15 17:55:53,NG,Kwali,2026-07-15 13:52:16.061302,13,2026-07-15,13:52:16,Wednesday
makurdi,7.7306,8.5361,clouds,overcast clouds,stations,31.37,35.38,31.37,31.37,1012,59,1012,1001,10000,1.62,262,2.03,100,2026-07-15 13:52:16,2026-07-15 05:15:42,2026-07-15 17:47:29,NG,Walmayo,2026-07-15 13:52:16.168309,13,2026-07-15,13:52:16,Wednesday
panda,9.2624,7.8385,rain,light rain,stations,27.71,31.39,27.71,27.71,1012,80,1012,969,10000,1.76,293,2.05,99,2026-07-15 15:36:50,2026-07-15 05:15:59,2026-07-15 17:52:46,NG,Maitama,2026-07-15 15:36:50.827185,15,2026-07-15,15:36:50,Wednesday
gurara,9.322,7.0232,clouds,overcast clouds,stations,27.5,30.52,27.5,27.5,1012,77,1012,972,10000,1.53,290,1.89,99,2026-07-15 15:36:50,2026-07-15 05:19:09,2026-07-15 17:56:08,NG,Suleja,2026-07-15 15:36:51.383755,15,2026-07-15,15:36:50,Wednesday
bwari,9.2856,7.3787,rain,light rain,stations,25.67,26.51,25.67,25.67,1013,85,1013,951,10000,1.64,288,2.22,100,2026-07-15 15:36:51,2026-07-15 05:17:47,2026-07-15 17:54:39,NG,Maitama,2026-07-15 15:36:51.938321,15,2026-07-15,15:36:51,Wednesday
gwagwalada,9.0764,6.9854,rain,light rain,stations,28.75,32.9,28.75,28.75,1012,74,1012,989,10000,1.74,303,2.16,94,2026-07-15 15:36:51,2026-07-15 05:19:42,2026-07-15 17:55:53,NG,Kwali,2026-07-15 15:36:52.493266,15,2026-07-15,15:36:51,Wednesday
makurdi,7.7322,8.5391,rain,light rain,stations,30.54,34.59,30.54,30.54,1011,63,1011,1000,10000,1.73,267,2.03,100,2026-07-15 15:27:14,2026-07-15 05:15:41,2026-07-15 17:47:28,NG,Walmayo,2026-07-15 15:36:52.538110,15,2026-07-15,15:27:14,Wednesday
panda,9.2624,7.8385,clouds,overcast clouds,stations,26.71,29.59,26.71,26.71,1012,86,1012,969,10000,1.68,279,3.37,99,2026-07-15 17:21:21,2026-07-15 05:15:59,2026-07-15 17:52:46,NG,Maitama,2026-07-15 17:21:21.943829,17,2026-07-15,17:21:21,Wednesday
gurara,9.322,7.0232,clouds,overcast clouds,stations,26.71,29.34,26.71,26.71,1012,83,1012,972,10000,1.87,269,3.14,98,2026-07-15 17:21:21,2026-07-15 05:19:09,2026-07-15 17:56:08,NG,Suleja,2026-07-15 17:21:22.494939,17,2026-07-15,17:21:21,Wednesday
bwari,9.2856,7.3787,clouds,overcast clouds,stations,24.79,25.67,24.79,24.79,1013,90,1013,950,10000,2.01,264,3.74,100,2026-07-15 17:21:22,2026-07-15 05:17:47,2026-07-15 17:54:39,NG,Maitama,2026-07-15 17:21:23.046327,17,2026-07-15,17:21:22,Wednesday
gwagwalada,9.0764,6.9854,rain,light rain,stations,27.65,31.51,27.65,27.65,1012,82,1012,989,10000,1.81,276,3.1,96,2026-07-15 17:21:23,2026-07-15 05:19:42,2026-07-15 17:55:53,NG,Kwali,2026-07-15 17:21:23.597307,17,2026-07-15,17:21:23,Wednesday
makurdi,7.7306,8.5361,rain,light rain,stations,27.46,31.16,27.46,27.46,1012,83,1012,1000,10000,2.33,227,4.54,100,2026-07-15 17:21:23,2026-07-15 05:15:42,2026-07-15 17:47:29,NG,Walmayo,2026-07-15 17:21:24.043319,17,2026-07-15,17:21:23,Wednesday
panda,9.2624,7.8385,clouds,scattered clouds,stations,24.8,25.63,24.8,24.8,1014,88,1014,970,10000,1.54,260,1.55,35,2026-07-15 19:18:20,2026-07-15 05:15:59,2026-07-15 17:52:46,NG,Maitama,2026-07-15 19:18:21.426384,19,2026-07-15,19:18:20,Wednesday
gurara,9.322,7.0232,rain,light rain,stations,24.65,25.47,24.65,24.65,1014,88,1014,973,10000,0.65,272,0.84,31,2026-07-15 19:18:21,2026-07-15 05:19:09,2026-07-15 17:56:08,NG,Suleja,2026-07-15 19:18:21.989251,19,2026-07-15,19:18:21,Wednesday
bwari,9.2856,7.3787,rain,light rain,stations,23.4,24.15,23.4,23.4,1014,90,1014,952,10000,1.02,260,1.18,62,2026-07-15 19:18:22,2026-07-15 05:17:47,2026-07-15 17:54:39,NG,Maitama,2026-07-15 19:18:22.557455,19,2026-07-15,19:18:22,Wednesday
gwagwalada,9.0764,6.9854,clouds,broken clouds,stations,25.75,26.6,25.75,25.75,1013,85,1013,990,10000,0.69,266,0.81,67,2026-07-15 19:18:22,2026-07-15 05:19:42,2026-07-15 17:55:53,NG,Kwali,2026-07-15 19:18:23.125630,19,2026-07-15,19:18:22,Wednesday
makurdi,7.7306,8.5361,clouds,few clouds,stations,25.41,26.33,25.41,25.41,1013,89,1013,1002,10000,2.41,201,6.7,24,2026-07-15 19:18:23,2026-07-15 05:15:42,2026-07-15 17:47:29,NG,Walmayo,2026-07-15 19:18:23.692608,19,2026-07-15,19:18:23,Wednesday
panda,9.2624,7.8385,rain,light rain,stations,24.06,24.87,24.06,24.06,1015,90,1015,971,10000,1.24,249,1.21,29,2026-07-15 21:04:06,2026-07-15 05:15:59,2026-07-15 17:52:46,NG,Maitama,2026-07-15 21:04:06.579591,21,2026-07-15,21:04:06,Wednesday
gurara,9.322,7.0232,rain,moderate rain,stations,23.63,24.48,23.63,23.63,1015,93,1015,974,10000,1.09,204,1.2,60,2026-07-15 21:04:06,2026-07-15 05:19:09,2026-07-15 17:56:08,NG,Suleja,2026-07-15 21:04:07.132428,21,2026-07-15,21:04:06,Wednesday
bwari,9.2856,7.3787,rain,moderate rain,stations,22.18,22.96,22.18,22.18,1015,96,1015,952,10000,0.91,197,1.02,61,2026-07-15 21:04:07,2026-07-15 05:17:47,2026-07-15 17:54:39,NG,Maitama,2026-07-15 21:04:07.691379,21,2026-07-15,21:04:07,Wednesday
gwagwalada,9.0764,6.9854,rain,light rain,stations,24.95,25.82,24.95,24.95,1014,89,1014,991,10000,1.28,209,1.35,73,2026-07-15 21:04:07,2026-07-15 05:19:42,2026-07-15 17:55:53,NG,Kwali,2026-07-15 21:04:08.244807,21,2026-07-15,21:04:07,Wednesday
makurdi,7.7306,8.5361,clouds,scattered clouds,stations,24.89,25.81,24.89,24.89,1014,91,1014,1003,10000,2.51,216,6.92,41,2026-07-15 21:04:08,2026-07-15 05:15:42,2026-07-15 17:47:29,NG,Walmayo,2026-07-15 21:04:08.795270,21,2026-07-15,21:04:08,Wednesday
panda,9.2624,7.8385,rain,moderate rain,stations,23.27,24.11,23.27,23.27,1016,94,1016,972,10000,0.77,202,0.8,34,2026-07-15 23:00:45,2026-07-16 05:16:13,2026-07-16 17:52:45,NG,Maitama,2026-07-15 23:00:46.130082,23,2026-07-15,23:00:45,Wednesday
gurara,9.322,7.0232,rain,light rain,stations,23.07,23.94,23.07,23.07,1015,96,1015,974,10000,0.51,136,0.81,68,2026-07-15 23:00:46,2026-07-16 05:19:23,2026-07-16 17:56:06,NG,Suleja,2026-07-15 23:00:46.692573,23,2026-07-15,23:00:46,Wednesday
bwari,9.2856,7.3787,rain,moderate rain,stations,21.66,22.44,21.66,21.66,1016,98,1016,953,10000,0.74,158,0.91,52,2026-07-15 23:00:46,2026-07-16 05:18:01,2026-07-16 17:54:37,NG,Maitama,2026-07-15 23:00:47.257334,23,2026-07-15,23:00:46,Wednesday
gwagwalada,9.0764,6.9854,rain,moderate rain,stations,23.98,24.89,23.98,23.98,1015,94,1015,992,10000,0.52,158,0.87,82,2026-07-15 23:00:47,2026-07-16 05:19:56,2026-07-16 17:55:51,NG,Kwali,2026-07-15 23:00:47.827242,23,2026-07-15,23:00:47,Wednesday
makurdi,7.7306,8.5361,rain,light rain,stations,24.43,25.33,24.43,24.43,1015,92,1015,1004,10000,3.2,207,9.36,32,2026-07-15 23:00:47,2026-07-16 05:15:54,2026-07-16 17:47:29,NG,Walmayo,2026-07-15 23:00:48.396861,23,2026-07-15,23:00:47,Wednesday
panda,9.2624,7.8385,rain,light rain,stations,22.48,23.24,22.48,22.48,1014,94,1014,971,10000,0.79,303,0.78,77,2026-07-16 02:55:20,2026-07-16 05:16:13,2026-07-16 17:52:45,NG,Maitama,2026-07-16 02:55:20.345993,2,2026-07-16,02:55:20,Thursday
gurara,9.322,7.0232,rain,moderate rain,stations,21.83,22.63,21.83,21.83,1014,98,1014,973,10000,1.07,226,1.93,97,2026-07-16 02:55:20,2026-07-16 05:19:23,2026-07-16 17:56:06,NG,Suleja,2026-07-16 02:55:20.446562,2,2026-07-16,02:55:20,Thursday
bwari,9.2856,7.3787,rain,light rain,stations,21.08,21.8,21.08,21.08,1015,98,1015,951,10000,1.41,225,2.39,79,2026-07-16 02:55:20,2026-07-16 05:18:01,2026-07-16 17:54:37,NG,Maitama,2026-07-16 02:55:20.542599,2,2026-07-16,02:55:20,Thursday
gwagwalada,9.0764,6.9854,rain,light rain,stations,22.64,23.49,22.64,22.64,1014,97,1014,991,10000,0.53,218,0.77,82,2026-07-16 02:55:20,2026-07-16 05:19:56,2026-07-16 17:55:51,NG,Kwali,2026-07-16 02:55:20.632481,2,2026-07-16,02:55:20,Thursday
makurdi,7.7306,8.5361,rain,light rain,stations,23.4,24.28,23.4,23.4,1014,95,1014,1003,10000,2.49,225,8.04,100,2026-07-16 02:55:20,2026-07-16 05:15:54,2026-07-16 17:47:29,NG,Walmayo,2026-07-16 02:55:20.722294,2,2026-07-16,02:55:20,Thursday
panda,9.2624,7.8385,rain,light rain,stations,22.58,23.43,22.58,22.58,1016,97,1016,972,10000,1.51,293,4.88,80,2026-07-16 06:22:34,2026-07-16 05:16:13,2026-07-16 17:52:45,NG,Maitama,2026-07-16 06:22:34.542812,6,2026-07-16,06:22:34,Thursday
gurara,9.322,7.0232,clouds,overcast clouds,stations,22.02,22.84,22.02,22.02,1016,98,1016,975,10000,1.2,252,4.83,86,2026-07-16 06:22:34,2026-07-16 05:19:23,2026-07-16 17:56:06,NG,Suleja,2026-07-16 06:22:35.096399,6,2026-07-16,06:22:34,Thursday
bwari,9.2856,7.3787,clouds,overcast clouds,stations,21.27,22.04,21.27,21.27,1016,99,1016,953,3799,2.19,266,6.55,86,2026-07-16 06:22:35,2026-07-16 05:18:01,2026-07-16 17:54:37,NG,Maitama,2026-07-16 06:22:35.657114,6,2026-07-16,06:22:35,Thursday
gwagwalada,9.0764,6.9854,clouds,broken clouds,stations,23.06,23.93,23.06,23.06,1016,96,1016,992,10000,1.17,254,4.57,76,2026-07-16 06:22:35,2026-07-16 05:19:56,2026-07-16 17:55:51,NG,Kwali,2026-07-16 06:22:36.210050,6,2026-07-16,06:22:35,Thursday
makurdi,7.7306,8.5361,rain,light rain,stations,23.03,23.9,23.03,23.03,1015,96,1015,1004,10000,1.89,218,6.3,98,2026-07-16 06:22:36,2026-07-16 05:15:54,2026-07-16 17:47:29,NG,Walmayo,2026-07-16 06:22:36.684878,6,2026-07-16,06:22:36,Thursday
panda,9.2624,7.8385,rain,moderate rain,stations,26.34,26.34,26.34,26.34,1017,83,1017,974,10000,0.42,138,1.09,100,2026-07-16 10:14:09,2026-07-16 05:16:13,2026-07-16 17:52:45,NG,Maitama,2026-07-16 10:14:09.620370,10,2026-07-16,10:14:09,Thursday
gurara,9.322,7.0232,rain,light rain,stations,25.72,26.51,25.72,25.72,1017,83,1017,976,10000,1.52,225,1.89,100,2026-07-16 10:14:09,2026-07-16 05:19:23,2026-07-16 17:56:06,NG,Suleja,2026-07-16 10:14:10.216051,10,2026-07-16,10:14:09,Thursday
bwari,9.2856,7.3787,rain,moderate rain,stations,24.52,25.3,24.52,24.52,1018,87,1018,955,10000,0.96,213,1.15,100,2026-07-16 10:14:10,2026-07-16 05:18:01,2026-07-16 17:54:37,NG,Maitama,2026-07-16 10:14:10.818915,10,2026-07-16,10:14:10,Thursday
gwagwalada,9.0764,6.9854,rain,light rain,stations,27.01,29.58,27.01,27.01,1017,78,1017,994,10000,1.52,234,1.97,100,2026-07-16 10:14:10,2026-07-16 05:19:56,2026-07-16 17:55:51,NG,Kwali,2026-07-16 10:14:11.409025,10,2026-07-16,10:14:10,Thursday
makurdi,7.7306,8.5361,rain,heavy intensity rain,stations,23.3,24.24,23.3,23.3,1017,98,1017,1006,5327,0.74,260,1.87,100,2026-07-16 10:14:11,2026-07-16 05:15:54,2026-07-16 17:47:29,NG,Walmayo,2026-07-16 10:14:12.006632,10,2026-07-16,10:14:11,Thursday
panda,9.2624,7.8385,clouds,overcast clouds,stations,24.77,25.47,24.77,24.77,1014,83,1014,971,10000,1.67,132,3.12,100,2026-07-16 14:03:39,2026-07-16 05:16:13,2026-07-16 17:52:45,NG,Maitama,2026-07-16 14:03:39.991220,14,2026-07-16,14:03:39,Thursday
gurara,9.322,7.0232,clouds,overcast clouds,stations,26.82,29.1,26.82,26.82,1014,77,1014,973,10000,1.42,182,1.71,98,2026-07-16 14:03:40,2026-07-16 05:19:23,2026-07-16 17:56:06,NG,Suleja,2026-07-16 14:03:40.544065,14,2026-07-16,14:03:40,Thursday
bwari,9.2856,7.3787,clouds,overcast clouds,stations,25.03,25.6,25.03,25.03,1014,77,1014,952,10000,1.36,129,2.72,100,2026-07-16 14:03:40,2026-07-16 05:18:01,2026-07-16 17:54:37,NG,Maitama,2026-07-16 14:03:41.112799,14,2026-07-16,14:03:40,Thursday
gwagwalada,9.0764,6.9854,clouds,overcast clouds,stations,26.44,26.44,26.44,26.44,1014,82,1014,991,10000,0.51,103,1.51,100,2026-07-16 14:03:41,2026-07-16 05:19:56,2026-07-16 17:55:51,NG,Kwali,2026-07-16 14:03:41.674745,14,2026-07-16,14:03:41,Thursday
makurdi,7.7306,8.5361,clouds,overcast clouds,stations,24.09,25.01,24.09,24.09,1013,94,1013,1002,10000,1.02,208,1.9,100,2026-07-16 14:03:41,2026-07-16 05:15:54,2026-07-16 17:47:29,NG,Walmayo,2026-07-16 14:03:42.230750,14,2026-07-16,14:03:41,Thursday
panda,9.2624,7.8385,clouds,overcast clouds,stations,24.97,25.74,24.97,24.97,1013,85,1013,970,10000,0.75,322,1.43,100,2026-07-16 17:23:10,2026-07-16 05:16:13,2026-07-16 17:52:45,NG,Maitama,2026-07-16 17:23:11.121323,17,2026-07-16,17:23:10,Thursday
gurara,9.322,7.0232,clouds,overcast clouds,stations,25.77,26.57,25.77,25.77,1013,83,1013,972,10000,0.55,199,1.04,99,2026-07-16 17:23:11,2026-07-16 05:19:23,2026-07-16 17:56:06,NG,Suleja,2026-07-16 17:23:11.681872,17,2026-07-16,17:23:11,Thursday
bwari,9.2856,7.3787,clouds,overcast clouds,stations,24.27,24.97,24.27,24.27,1013,85,1013,951,10000,0.94,42,1.67,100,2026-07-16 17:23:11,2026-07-16 05:18:01,2026-07-16 17:54:37,NG,Maitama,2026-07-16 17:23:12.237465,17,2026-07-16,17:23:11,Thursday
gwagwalada,9.0764,6.9854,clouds,overcast clouds,stations,26.29,26.29,26.29,26.29,1012,84,1012,989,10000,0.06,301,0.45,100,2026-07-16 17:23:12,2026-07-16 05:19:56,2026-07-16 17:55:51,NG,Kwali,2026-07-16 17:23:12.601928,17,2026-07-16,17:23:12,Thursday
makurdi,7.7306,8.5361,clouds,overcast clouds,stations,24.26,25.2,24.26,24.26,1013,94,1013,1002,10000,1.26,138,1.91,100,2026-07-16 17:23:12,2026-07-16 05:15:54,2026-07-16 17:47:29,NG,Walmayo,2026-07-16 17:23:13.151276,17,2026-07-16,17:23:12,Thursday
panda,9.2624,7.8385,clouds,broken clouds,stations,23.14,23.83,23.14,23.14,1014,89,1014,970,10000,1.31,299,1.39,83,2026-07-16 19:19:06,2026-07-16 05:16:13,2026-07-16 17:52:45,NG,Maitama,2026-07-16 19:19:06.993596,19,2026-07-16,19:19:06,Thursday
gurara,9.322,7.0232,clouds,overcast clouds,stations,23.55,24.42,23.55,23.55,1014,94,1014,973,10000,0.76,46,0.8,89,2026-07-16 19:19:07,2026-07-16 05:19:23,2026-07-16 17:56:06,NG,Suleja,2026-07-16 19:19:07.090594,19,2026-07-16,19:19:07,Thursday
bwari,9.2856,7.3787,clouds,overcast clouds,stations,22.25,22.93,22.25,22.25,1014,92,1014,952,10000,0.98,21,1.08,98,2026-07-16 19:19:07,2026-07-16 05:18:01,2026-07-16 17:54:37,NG,Maitama,2026-07-16 19:19:07.192469,19,2026-07-16,19:19:07,Thursday
gwagwalada,9.0764,6.9854,clouds,overcast clouds,stations,24.18,25.11,24.18,24.18,1014,94,1014,991,10000,0.7,66,0.79,97,2026-07-16 19:19:07,2026-07-16 05:19:56,2026-07-16 17:55:51,NG,Kwali,2026-07-16 19:19:07.341068,19,2026-07-16,19:19:07,Thursday
makurdi,7.7306,8.5361,clouds,overcast clouds,stations,22.77,23.58,22.77,22.77,1014,95,1014,1003,10000,2.3,168,5.57,100,2026-07-16 19:19:07,2026-07-16 05:15:54,2026-07-16 17:47:29,NG,Walmayo,2026-07-16 19:19:07.434980,19,2026-07-16,19:19:07,Thursday
panda,9.2624,7.8385,clouds,overcast clouds,stations,22.45,23.15,22.45,22.45,1016,92,1016,972,10000,0.26,202,0.38,86,2026-07-16 21:06:00,2026-07-16 05:16:13,2026-07-16 17:52:45,NG,Maitama,2026-07-16 21:06:01.160863,21,2026-07-16,21:06:00,Thursday
gurara,9.322,7.0232,clouds,broken clouds,stations,22.79,23.66,22.79,22.79,1016,97,1016,974,10000,1.02,216,1.09,73,2026-07-16 21:06:01,2026-07-16 05:19:23,2026-07-16 17:56:06,NG,Suleja,2026-07-16 21:06:01.714980,21,2026-07-16,21:06:01,Thursday
bwari,9.2856,7.3787,clouds,broken clouds,stations,21.31,21.98,21.31,21.31,1016,95,1016,953,10000,0.71,236,0.78,83,2026-07-16 21:06:01,2026-07-16 05:18:01,2026-07-16 17:54:37,NG,Maitama,2026-07-16 21:06:02.267109,21,2026-07-16,21:06:01,Thursday
gwagwalada,9.0764,6.9854,clouds,overcast clouds,stations,23.5,24.41,23.5,23.5,1015,96,1015,992,10000,1.43,217,1.63,91,2026-07-16 21:06:02,2026-07-16 05:19:56,2026-07-16 17:55:51,NG,Kwali,2026-07-16 21:06:02.819317,21,2026-07-16,21:06:02,Thursday
makurdi,7.7306,8.5361,clouds,overcast clouds,stations,22.01,22.8,22.01,22.01,1016,97,1016,1004,10000,2.14,191,7.06,99,2026-07-16 21:06:02,2026-07-16 05:15:54,2026-07-16 17:47:29,NG,Walmayo,2026-07-16 21:06:03.368905,21,2026-07-16,21:06:02,Thursday
panda,9.2624,7.8385,rain,light rain,stations,22.24,22.97,22.24,22.24,1017,94,1017,973,10000,1.38,186,1.97,92,2026-07-16 23:01:15,2026-07-17 05:16:26,2026-07-17 17:52:42,NG,Maitama,2026-07-16 23:01:15.531727,23,2026-07-16,23:01:15,Thursday
gurara,9.322,7.0232,rain,moderate rain,stations,22.23,23.09,22.23,22.23,1016,99,1016,975,10000,1.54,167,2.64,84,2026-07-16 23:01:15,2026-07-17 05:19:36,2026-07-17 17:56:04,NG,Suleja,2026-07-16 23:01:16.083680,23,2026-07-16,23:01:15,Thursday
bwari,9.2856,7.3787,rain,light rain,stations,21.36,22.03,21.36,21.36,1017,95,1017,953,10000,1.52,174,1.91,90,2026-07-16 23:01:16,2026-07-17 05:18:14,2026-07-17 17:54:35,NG,Maitama,2026-07-16 23:01:16.639950,23,2026-07-16,23:01:16,Thursday
gwagwalada,9.0764,6.9854,rain,moderate rain,stations,22.98,23.89,22.98,22.98,1016,98,1016,993,10000,1.28,163,1.7,94,2026-07-16 23:01:16,2026-07-17 05:20:09,2026-07-17 17:55:49,NG,Kwali,2026-07-16 23:01:17.193252,23,2026-07-16,23:01:16,Thursday
makurdi,7.7337,8.5371,clouds,overcast clouds,stations,22.17,23.0,22.17,22.17,1017,98,1017,1005,10000,2.03,202,8.29,99,2026-07-16 23:00:05,2026-07-17 05:16:05,2026-07-17 17:47:28,NG,Walmayo,2026-07-16 23:01:17.240830,23,2026-07-16,23:00:05,Thursday
panda,9.2624,7.8385,clouds,overcast clouds,stations,21.64,22.42,21.64,21.64,1016,98,1016,972,10000,1.08,119,1.31,99,2026-07-17 03:12:24,2026-07-17 05:16:26,2026-07-17 17:52:42,NG,Maitama,2026-07-17 03:12:25.354321,3,2026-07-17,03:12:24,Friday
gurara,9.322,7.0232,clouds,overcast clouds,stations,21.6,22.3,21.6,21.6,1015,95,1015,974,10000,1.39,123,1.51,100,2026-07-17 03:12:25,2026-07-17 05:19:36,2026-07-17 17:56:04,NG,Suleja,2026-07-17 03:12:25.903885,3,2026-07-17,03:12:25,Friday
bwari,9.2856,7.3787,clouds,overcast clouds,stations,20.26,20.85,20.26,20.26,1016,96,1016,952,10000,1.51,110,1.53,100,2026-07-17 03:12:25,2026-07-17 05:18:14,2026-07-17 17:54:35,NG,Maitama,2026-07-17 03:12:26.452558,3,2026-07-17,03:12:25,Friday
gwagwalada,9.0764,6.9854,clouds,overcast clouds,stations,22.59,23.36,22.59,22.59,1015,94,1015,991,10000,1.07,107,1.07,100,2026-07-17 03:12:26,2026-07-17 05:20:09,2026-07-17 17:55:49,NG,Kwali,2026-07-17 03:12:27.009603,3,2026-07-17,03:12:26,Friday
makurdi,7.7306,8.5361,clouds,overcast clouds,stations,22.8,23.67,22.8,22.8,1015,97,1015,1004,10000,1.25,186,5.48,100,2026-07-17 03:12:27,2026-07-17 05:16:06,2026-07-17 17:47:28,NG,Walmayo,2026-07-17 03:12:27.557488,3,2026-07-17,03:12:27,Friday
panda,9.2624,7.8385,clouds,overcast clouds,stations,21.42,22.15,21.42,21.42,1017,97,1017,973,10000,1.23,129,2.82,100,2026-07-17 06:20:55,2026-07-17 05:16:26,2026-07-17 17:52:42,NG,Maitama,2026-07-17 06:20:56.150080,6,2026-07-17,06:20:55,Friday
gurara,9.322,7.0232,clouds,overcast clouds,stations,22.08,22.8,22.08,22.08,1016,94,1016,975,10000,1.03,102,1.63,100,2026-07-17 06:20:56,2026-07-17 05:19:36,2026-07-17 17:56:04,NG,Suleja,2026-07-17 06:20:56.721985,6,2026-07-17,06:20:56,Friday
bwari,9.2856,7.3787,clouds,overcast clouds,stations,20.81,21.45,20.81,20.81,1017,96,1017,953,10000,1.62,121,4.37,100,2026-07-17 06:20:56,2026-07-17 05:18:14,2026-07-17 17:54:35,NG,Maitama,2026-07-17 06:20:57.284372,6,2026-07-17,06:20:56,Friday
gwagwalada,9.0764,6.9854,clouds,overcast clouds,stations,23.0,23.81,23.0,23.0,1016,94,1016,992,10000,0.95,90,1.54,100,2026-07-17 06:20:57,2026-07-17 05:20:09,2026-07-17 17:55:49,NG,Kwali,2026-07-17 06:20:57.846972,6,2026-07-17,06:20:57,Friday
makurdi,7.7306,8.5361,clouds,overcast clouds,stations,22.77,23.64,22.77,22.77,1016,97,1016,1005,10000,1.15,170,2.32,100,2026-07-17 06:20:57,2026-07-17 05:16:06,2026-07-17 17:47:28,NG,Walmayo,2026-07-17 06:20:58.410826,6,2026-07-17,06:20:57,Friday
panda,9.2624,7.8385,clouds,overcast clouds,stations,23.36,24.0,23.36,23.36,1017,86,1017,973,10000,1.66,142,2.55,100,2026-07-17 10:02:39,2026-07-17 05:16:26,2026-07-17 17:52:42,NG,Maitama,2026-07-17 10:02:40.063649,10,2026-07-17,10:02:39,Friday
gurara,9.322,7.0232,clouds,overcast clouds,stations,27.37,29.5,27.37,27.37,1016,70,1016,975,10000,1.66,179,1.88,100,2026-07-17 10:02:40,2026-07-17 05:19:36,2026-07-17 17:56:04,NG,Suleja,2026-07-17 10:02:40.618040,10,2026-07-17,10:02:40,Friday
bwari,9.2856,7.3787,clouds,overcast clouds,stations,25.19,25.72,25.19,25.19,1016,75,1016,954,10000,2.32,154,2.88,100,2026-07-17 10:02:40,2026-07-17 05:18:14,2026-07-17 17:54:35,NG,Maitama,2026-07-17 10:02:41.168435,10,2026-07-17,10:02:40,Friday
gwagwalada,9.0764,6.9854,clouds,overcast clouds,stations,28.29,31.24,28.29,28.29,1015,70,1015,992,10000,1.72,163,1.79,100,2026-07-17 10:02:41,2026-07-17 05:20:09,2026-07-17 17:55:49,NG,Kwali,2026-07-17 10:02:41.720807,10,2026-07-17,10:02:41,Friday
makurdi,7.7306,8.5361,rain,light rain,stations,25.86,26.69,25.86,25.86,1016,84,1016,1005,10000,1.85,167,1.82,98,2026-07-17 10:02:41,2026-07-17 05:16:06,2026-07-17 17:47:28,NG,Walmayo,2026-07-17 10:02:42.272723,10,2026-07-17,10:02:41,Friday
panda,9.2624,7.8385,clouds,overcast clouds,stations,26.06,26.06,26.06,26.06,1014,74,1014,970,10000,0.98,50,1.33,100,2026-07-17 13:47:53,2026-07-17 05:16:26,2026-07-17 17:52:42,NG,Maitama,2026-07-17 13:47:53.451539,13,2026-07-17,13:47:53,Friday
gurara,9.322,7.0232,clouds,overcast clouds,stations,27.66,29.91,27.66,27.66,1013,69,1013,972,10000,1.38,202,1.66,100,2026-07-17 13:47:53,2026-07-17 05:19:36,2026-07-17 17:56:04,NG,Suleja,2026-07-17 13:47:53.503586,13,2026-07-17,13:47:53,Friday
bwari,9.2856,7.3787,clouds,overcast clouds,stations,26.51,26.51,26.51,26.51,1013,70,1013,951,10000,0.95,153,2.0,100,2026-07-17 13:47:53,2026-07-17 05:18:14,2026-07-17 17:54:35,NG,Maitama,2026-07-17 13:47:53.559090,13,2026-07-17,13:47:53,Friday
gwagwalada,9.0764,6.9854,clouds,overcast clouds,stations,29.53,32.51,29.53,29.53,1012,63,1012,989,10000,0.51,225,1.07,100,2026-07-17 13:47:53,2026-07-17 05:20:09,2026-07-17 17:55:49,NG,Kwali,2026-07-17 13:47:53.612323,13,2026-07-17,13:47:53,Friday
makurdi,7.7306,8.5361,rain,light rain,stations,27.55,30.51,27.55,27.55,1013,76,1013,1002,10000,2.23,202,2.64,94,2026-07-17 13:47:53,2026-07-17 05:16:06,2026-07-17 17:47:28,NG,Walmayo,2026-07-17 13:47:53.665060,13,2026-07-17,13:47:53,Friday
panda,9.2624,7.8385,clouds,overcast clouds,stations,24.62,25.3,24.62,24.62,1013,83,1013,970,10000,1.71,27,2.33,100,2026-07-17 15:17:05,2026-07-17 05:16:26,2026-07-17 17:52:42,NG,Maitama,2026-07-17 15:17:05.534039,15,2026-07-17,15:17:05,Friday
gurara,9.322,7.0232,clouds,overcast clouds,stations,27.59,30.01,27.59,27.59,1012,71,1012,972,10000,0.51,192,1.37,100,2026-07-17 15:17:05,2026-07-17 05:19:36,2026-07-17 17:56:04,NG,Suleja,2026-07-17 15:17:06.107253,15,2026-07-17,15:17:05,Friday
bwari,9.2856,7.3787,clouds,overcast clouds,stations,25.85,26.45,25.85,25.85,1013,75,1013,951,10000,1.1,63,1.96,99,2026-07-17 15:17:06,2026-07-17 05:18:14,2026-07-17 17:54:35,NG,Maitama,2026-07-17 15:17:06.574367,15,2026-07-17,15:17:06,Friday
gwagwalada,9.0764,6.9854,clouds,overcast clouds,stations,29.48,32.6,29.48,29.48,1012,64,1012,989,10000,0.39,230,1.0,98,2026-07-17 15:17:06,2026-07-17 05:20:09,2026-07-17 17:55:49,NG,Kwali,2026-07-17 15:17:07.135879,15,2026-07-17,15:17:06,Friday
makurdi,7.7306,8.5361,rain,light rain,stations,27.15,30.08,27.15,27.15,1013,80,1013,1001,10000,2.94,194,3.43,89,2026-07-17 15:17:07,2026-07-17 05:16:06,2026-07-17 17:47:28,NG,Walmayo,2026-07-17 15:17:07.697252,15,2026-07-17,15:17:07,Friday
panda,9.2624,7.8385,clouds,overcast clouds,stations,24.46,25.13,24.46,24.46,1014,83,1014,970,10000,1.46,59,2.39,94,2026-07-17 17:16:15,2026-07-17 05:16:26,2026-07-17 17:52:42,NG,Maitama,2026-07-17 17:16:15.416673,17,2026-07-17,17:16:15,Friday
gurara,9.322,7.0232,rain,light rain,stations,26.48,26.48,26.48,26.48,1012,80,1012,972,10000,0.16,230,0.5,88,2026-07-17 17:16:15,2026-07-17 05:19:36,2026-07-17 17:56:04,NG,Suleja,2026-07-17 17:16:15.512695,17,2026-07-17,17:16:15,Friday
bwari,9.2856,7.3787,rain,light rain,stations,23.67,24.34,23.67,23.67,1013,86,1013,951,10000,1.32,89,1.97,98,2026-07-17 17:16:15,2026-07-17 05:18:14,2026-07-17 17:54:35,NG,Maitama,2026-07-17 17:16:15.603527,17,2026-07-17,17:16:15,Friday
gwagwalada,9.0764,6.9854,rain,light rain,stations,27.38,30.6,27.38,27.38,1012,80,1012,989,10000,1.34,183,2.37,81,2026-07-17 17:16:15,2026-07-17 05:20:09,2026-07-17 17:55:49,NG,Kwali,2026-07-17 17:16:15.703851,17,2026-07-17,17:16:15,Friday
makurdi,7.7306,8.5361,rain,light rain,stations,23.76,24.67,23.76,23.76,1013,95,1013,1002,10000,3.02,172,7.08,92,2026-07-17 17:16:15,2026-07-17 05:16:06,2026-07-17 17:47:28,NG,Walmayo,2026-07-17 17:16:15.793787,17,2026-07-17,17:16:15,Friday
panda,9.2624,7.8385,clouds,broken clouds,stations,24.21,24.83,24.21,24.21,1015,82,1015,971,10000,1.05,150,1.1,73,2026-07-17 19:17:01,2026-07-17 05:16:26,2026-07-17 17:52:42,NG,Maitama,2026-07-17 19:17:01.562114,19,2026-07-17,19:17:01,Friday
gurara,9.322,7.0232,clouds,broken clouds,stations,23.71,24.46,23.71,23.71,1014,89,1014,973,10000,0.99,207,1.0,82,2026-07-17 19:17:01,2026-07-17 05:19:36,2026-07-17 17:56:04,NG,Suleja,2026-07-17 19:17:01.697102,19,2026-07-17,19:17:01,Friday
bwari,9.2856,7.3787,clouds,overcast clouds,stations,22.6,23.24,22.6,22.6,1015,89,1015,952,10000,0.97,181,1.08,87,2026-07-17 19:17:01,2026-07-17 05:18:14,2026-07-17 17:54:35,NG,Maitama,2026-07-17 19:17:01.845403,19,2026-07-17,19:17:01,Friday
gwagwalada,9.0764,6.9854,rain,light rain,stations,24.49,25.32,24.49,24.49,1014,89,1014,991,10000,0.93,189,1.02,94,2026-07-17 19:17:01,2026-07-17 05:20:09,2026-07-17 17:55:49,NG,Kwali,2026-07-17 19:17:01.995218,19,2026-07-17,19:17:01,Friday
makurdi,7.7306,8.5361,clouds,overcast clouds,stations,23.54,24.43,23.54,23.54,1015,95,1015,1003,10000,3.7,187,9.5,100,2026-07-17 19:17:02,2026-07-17 05:16:06,2026-07-17 17:47:28,NG,Walmayo,2026-07-17 19:17:02.129903,19,2026-07-17,19:17:02,Friday
panda,9.2624,7.8385,rain,light rain,stations,22.49,23.28,22.49,22.49,1016,95,1016,972,10000,1.86,163,6.27,89,2026-07-17 21:00:34,2026-07-17 05:16:26,2026-07-17 17:52:42,NG,Maitama,2026-07-17 21:00:35.023414,21,2026-07-17,21:00:34,Friday
gurara,9.322,7.0232,rain,light rain,stations,22.98,23.76,22.98,22.98,1015,93,1015,974,10000,1.85,166,2.76,94,2026-07-17 21:00:35,2026-07-17 05:19:36,2026-07-17 17:56:04,NG,Suleja,2026-07-17 21:00:35.578448,21,2026-07-17,21:00:35,Friday
bwari,9.2856,7.3787,rain,light rain,stations,21.87,22.59,21.87,21.87,1016,95,1016,953,10000,1.91,167,3.78,96,2026-07-17 21:00:35,2026-07-17 05:18:14,2026-07-17 17:54:35,NG,Maitama,2026-07-17 21:00:36.137830,21,2026-07-17,21:00:35,Friday
gwagwalada,9.0764,6.9854,rain,moderate rain,stations,23.76,24.59,23.76,23.76,1015,92,1015,992,10000,1.82,159,2.87,98,2026-07-17 21:00:36,2026-07-17 05:20:09,2026-07-17 17:55:49,NG,Kwali,2026-07-17 21:00:36.689317,21,2026-07-17,21:00:36,Friday
makurdi,7.7306,8.5361,clouds,overcast clouds,stations,22.77,23.64,22.77,22.77,1016,97,1016,1005,10000,3.7,196,10.16,100,2026-07-17 21:00:36,2026-07-17 05:16:06,2026-07-17 17:47:28,NG,Walmayo,2026-07-17 21:00:37.244513,21,2026-07-17,21:00:36,Friday
panda,9.2624,7.8385,rain,light rain,stations,22.41,23.21,22.41,22.41,1016,96,1016,972,10000,1.89,163,6.54,93,2026-07-17 22:53:32,2026-07-17 05:16:26,2026-07-17 17:52:42,NG,Maitama,2026-07-17 22:53:33.470650,22,2026-07-17,22:53:32,Friday
gurara,9.322,7.0232,rain,light rain,stations,22.54,23.33,22.54,22.54,1016,95,1016,974,10000,1.84,163,5.64,96,2026-07-17 22:53:33,2026-07-17 05:19:36,2026-07-17 17:56:04,NG,Suleja,2026-07-17 22:53:34.131949,22,2026-07-17,22:53:33,Friday
bwari,9.2856,7.3787,rain,light rain,stations,21.37,22.1,21.37,21.37,1016,97,1016,953,10000,1.72,167,4.18,98,2026-07-17 22:53:34,2026-07-17 05:18:14,2026-07-17 17:54:35,NG,Maitama,2026-07-17 22:53:34.800369,22,2026-07-17,22:53:34,Friday
gwagwalada,9.0764,6.9854,clouds,overcast clouds,stations,23.39,24.24,23.39,23.39,1015,94,1015,992,10000,1.68,160,5.5,99,2026-07-17 22:53:34,2026-07-17 05:20:09,2026-07-17 17:55:49,NG,Kwali,2026-07-17 22:53:35.457581,22,2026-07-17,22:53:34,Friday
makurdi,7.7306,8.5361,clouds,overcast clouds,stations,22.75,23.56,22.75,22.75,1016,95,1016,1005,10000,3.41,201,9.5,100,2026-07-17 22:53:35,2026-07-17 05:16:06,2026-07-17 17:47:28,NG,Walmayo,2026-07-17 22:53:36.090210,22,2026-07-17,22:53:35,Friday
panda,9.2624,7.8385,rain,light rain,stations,21.82,22.64,21.82,21.82,1015,99,1015,971,3603,1.63,155,4.91,100,2026-07-18 02:50:04,2026-07-18 05:16:39,2026-07-18 17:52:39,NG,Maitama,2026-07-18 02:50:04.942694,2,2026-07-18,02:50:04,Saturday
gurara,9.322,7.0232,clouds,overcast clouds,stations,21.35,22.13,21.35,21.35,1014,99,1014,973,10000,1.58,173,4.26,99,2026-07-18 02:50:04,2026-07-18 05:19:49,2026-07-18 17:56:01,NG,Suleja,2026-07-18 02:50:05.494638,2,2026-07-18,02:50:04,Saturday
bwari,9.2856,7.3787,rain,light rain,stations,20.81,21.51,20.81,20.81,1014,98,1014,951,10000,1.95,181,5.16,99,2026-07-18 02:50:05,2026-07-18 05:18:27,2026-07-18 17:54:32,NG,Maitama,2026-07-18 02:50:06.046408,2,2026-07-18,02:50:05,Saturday
gwagwalada,9.0764,6.9854,clouds,overcast clouds,stations,22.21,23.05,22.21,22.21,1014,98,1014,990,10000,1.36,165,2.38,100,2026-07-18 02:50:06,2026-07-18 05:20:22,2026-07-18 17:55:46,NG,Kwali,2026-07-18 02:50:06.598934,2,2026-07-18,02:50:06,Saturday
makurdi,7.7306,8.5361,clouds,overcast clouds,stations,22.41,23.24,22.41,22.41,1014,97,1014,1003,10000,1.81,187,5.72,100,2026-07-18 02:50:06,2026-07-18 05:16:18,2026-07-18 17:47:26,NG,Walmayo,2026-07-18 02:50:07.154503,2,2026-07-18,02:50:06,Saturday
panda,9.2624,7.8385,rain,light rain,stations,21.89,22.69,21.89,21.89,1016,98,1016,972,10000,1.28,142,2.81,100,2026-07-18 06:08:35,2026-07-18 05:16:39,2026-07-18 17:52:39,NG,Maitama,2026-07-18 06:08:35.284651,6,2026-07-18,06:08:35,Saturday
gurara,9.322,7.0232,rain,light rain,stations,21.83,22.63,21.83,21.83,1016,98,1016,974,10000,1.04,176,2.25,100,2026-07-18 06:08:35,2026-07-18 05:19:49,2026-07-18 17:56:01,NG,Suleja,2026-07-18 06:08:35.380458,6,2026-07-18,06:08:35,Saturday
bwari,9.2856,7.3787,clouds,overcast clouds,stations,20.93,21.64,20.93,20.93,1016,98,1016,953,10000,0.97,168,2.1,100,2026-07-18 06:08:35,2026-07-18 05:18:27,2026-07-18 17:54:32,NG,Maitama,2026-07-18 06:08:35.476865,6,2026-07-18,06:08:35,Saturday
gwagwalada,9.0764,6.9854,clouds,overcast clouds,stations,22.66,23.49,22.66,22.66,1015,96,1015,992,10000,0.9,175,1.54,100,2026-07-18 06:08:35,2026-07-18 05:20:22,2026-07-18 17:55:46,NG,Kwali,2026-07-18 06:08:35.579117,6,2026-07-18,06:08:35,Saturday
makurdi,7.7306,8.5361,clouds,overcast clouds,stations,22.56,23.4,22.56,22.56,1016,97,1016,1004,10000,1.57,178,5.12,100,2026-07-18 06:08:35,2026-07-18 05:16:18,2026-07-18 17:47:26,NG,Walmayo,2026-07-18 06:08:35.684296,6,2026-07-18,06:08:35,Saturday
panda,9.2624,7.8385,clouds,overcast clouds,stations,25.0,25.72,25.0,25.0,1016,83,1016,973,10000,2.34,175,3.29,99,2026-07-18 09:38:03,2026-07-18 05:16:39,2026-07-18 17:52:39,NG,Maitama,2026-07-18 09:38:03.834119,9,2026-07-18,09:38:03,Saturday
gurara,9.322,7.0232,rain,light rain,stations,26.04,26.04,26.04,26.04,1016,80,1016,975,10000,2.46,198,3.01,98,2026-07-18 09:38:03,2026-07-18 05:19:49,2026-07-18 17:56:01,NG,Suleja,2026-07-18 09:38:03.933209,9,2026-07-18,09:38:03,Saturday
bwari,9.2856,7.3787,rain,light rain,stations,24.92,25.58,24.92,24.92,1016,81,1016,953,10000,2.33,177,2.82,96,2026-07-18 09:38:04,2026-07-18 05:18:27,2026-07-18 17:54:32,NG,Maitama,2026-07-18 09:38:04.024680,9,2026-07-18,09:38:04,Saturday
gwagwalada,9.0764,6.9854,rain,light rain,stations,27.07,29.61,27.07,27.07,1015,77,1015,992,10000,2.7,195,3.02,97,2026-07-18 09:38:04,2026-07-18 05:20:22,2026-07-18 17:55:46,NG,Kwali,2026-07-18 09:38:04.126934,9,2026-07-18,09:38:04,Saturday
makurdi,7.7306,8.5361,clouds,overcast clouds,stations,23.32,24.16,23.32,23.32,1016,94,1016,1005,10000,1.93,205,4.25,100,2026-07-18 09:38:04,2026-07-18 05:16:18,2026-07-18 17:47:26,NG,Walmayo,2026-07-18 09:38:04.218309,9,2026-07-18,09:38:04,Saturday
panda,9.2624,7.8385,rain,light rain,stations,26.55,26.55,26.55,26.55,1015,76,1015,972,10000,2.58,165,3.11,98,2026-07-18 11:07:37,2026-07-18 05:16:39,2026-07-18 17:52:39,NG,Maitama,2026-07-18 11:07:37.553433,11,2026-07-18,11:07:37,Saturday
gurara,9.322,7.0232,rain,moderate rain,stations,26.13,26.13,26.13,26.13,1015,81,1015,974,6078,2.61,196,2.95,98,2026-07-18 11:07:37,2026-07-18 05:19:49,2026-07-18 17:56:01,NG,Suleja,2026-07-18 11:07:37.600962,11,2026-07-18,11:07:37,Saturday
bwari,9.2856,7.3787,rain,light rain,stations,25.16,25.85,25.16,25.16,1015,81,1015,953,10000,2.29,170,2.72,97,2026-07-18 11:07:37,2026-07-18 05:18:27,2026-07-18 17:54:32,NG,Maitama,2026-07-18 11:07:37.646675,11,2026-07-18,11:07:37,Saturday
gwagwalada,9.0764,6.9854,rain,moderate rain,stations,27.03,29.71,27.03,27.03,1015,79,1015,992,8630,2.84,192,3.24,97,2026-07-18 11:07:37,2026-07-18 05:20:22,2026-07-18 17:55:46,NG,Kwali,2026-07-18 11:07:37.695474,11,2026-07-18,11:07:37,Saturday
makurdi,7.7313,8.5384,clouds,overcast clouds,stations,24.3,25.11,24.3,24.3,1016,89,1016,1004,10000,1.67,216,3.24,100,2026-07-18 11:03:55,2026-07-18 05:16:17,2026-07-18 17:47:26,NG,Walmayo,2026-07-18 11:07:37.735742,11,2026-07-18,11:03:55,Saturday
panda,9.2624,7.8385,rain,light rain,stations,27.56,30.29,27.56,27.56,1014,74,1014,970,10000,2.64,168,2.74,65,2026-07-18 13:25:25,2026-07-18 05:16:39,2026-07-18 17:52:39,NG,Maitama,2026-07-18 13:25:26.345377,13,2026-07-18,13:25:25,Saturday
gurara,9.322,7.0232,rain,moderate rain,stations,25.69,26.53,25.69,25.69,1014,85,1014,973,7257,2.47,195,3.15,98,2026-07-18 13:25:26,2026-07-18 05:19:49,2026-07-18 17:56:01,NG,Suleja,2026-07-18 13:25:26.903037,13,2026-07-18,13:25:26,Saturday
bwari,9.2856,7.3787,rain,moderate rain,stations,25.17,25.94,25.17,25.17,1014,84,1014,952,10000,2.18,185,2.56,93,2026-07-18 13:25:26,2026-07-18 05:18:27,2026-07-18 17:54:32,NG,Maitama,2026-07-18 13:25:27.456067,13,2026-07-18,13:25:26,Saturday
gwagwalada,9.0764,6.9854,rain,moderate rain,stations,26.89,29.59,26.89,26.89,1013,81,1013,990,6147,2.34,207,3.17,94,2026-07-18 13:25:27,2026-07-18 05:20:22,2026-07-18 17:55:46,NG,Kwali,2026-07-18 13:25:28.007151,13,2026-07-18,13:25:27,Saturday
makurdi,7.7306,8.5361,rain,light rain,stations,26.89,29.24,26.89,26.89,1013,77,1013,1002,10000,1.71,239,3.1,97,2026-07-18 13:25:28,2026-07-18 05:16:18,2026-07-18 17:47:26,NG,Walmayo,2026-07-18 13:25:28.561275,13,2026-07-18,13:25:28,Saturday
panda,9.2624,7.8385,rain,light rain,stations,26.62,26.62,26.62,26.62,1012,80,1012,969,10000,2.76,185,2.98,76,2026-07-18 14:58:21,2026-07-18 05:16:39,2026-07-18 17:52:39,NG,Maitama,2026-07-18 14:58:21.650988,14,2026-07-18,14:58:21,Saturday
gurara,9.322,7.0232,rain,moderate rain,stations,25.4,26.24,25.4,25.4,1012,86,1012,972,9789,2.39,211,3.0,88,2026-07-18 14:58:21,2026-07-18 05:19:49,2026-07-18 17:56:01,NG,Suleja,2026-07-18 14:58:22.214822,14,2026-07-18,14:58:21,Saturday
bwari,9.2856,7.3787,rain,moderate rain,stations,24.66,25.43,24.66,24.66,1012,86,1012,950,10000,2.3,194,2.6,82,2026-07-18 14:58:22,2026-07-18 05:18:27,2026-07-18 17:54:32,NG,Maitama,2026-07-18 14:58:22.767065,14,2026-07-18,14:58:22,Saturday
gwagwalada,9.0764,6.9854,rain,moderate rain,stations,26.55,26.55,26.55,26.55,1012,83,1012,989,6839,2.35,213,3.22,96,2026-07-18 14:58:22,2026-07-18 05:20:22,2026-07-18 17:55:46,NG,Kwali,2026-07-18 14:58:23.244275,14,2026-07-18,14:58:22,Saturday
makurdi,7.7306,8.5361,rain,light rain,stations,27.09,29.84,27.09,27.09,1012,79,1012,1001,10000,2.56,215,3.41,90,2026-07-18 14:58:23,2026-07-18 05:16:18,2026-07-18 17:47:26,NG,Walmayo,2026-07-18 14:58:23.797101,14,2026-07-18,14:58:23,Saturday
panda,9.2624,7.8385,rain,light rain,stations,25.24,26.12,25.24,25.24,1012,88,1012,969,10000,2.52,201,4.27,67,2026-07-18 17:01:32,2026-07-18 05:16:39,2026-07-18 17:52:39,NG,Maitama,2026-07-18 17:01:32.346320,17,2026-07-18,17:01:32,Saturday
gurara,9.322,7.0232,rain,moderate rain,stations,23.9,24.77,23.9,23.9,1013,93,1013,972,10000,1.86,211,3.42,88,2026-07-18 17:01:32,2026-07-18 05:19:49,2026-07-18 17:56:01,NG,Suleja,2026-07-18 17:01:32.442595,17,2026-07-18,17:01:32,Saturday
bwari,9.2856,7.3787,rain,light rain,stations,23.13,23.95,23.13,23.13,1013,94,1013,950,10000,2.14,217,3.62,79,2026-07-18 17:01:30,2026-07-18 05:18:27,2026-07-18 17:54:32,NG,Maitama,2026-07-18 17:01:32.531091,17,2026-07-18,17:01:30,Saturday
gwagwalada,9.0764,6.9854,rain,moderate rain,stations,24.74,25.67,24.74,24.74,1012,92,1012,989,6013,1.85,209,3.9,97,2026-07-18 17:01:32,2026-07-18 05:20:22,2026-07-18 17:55:46,NG,Kwali,2026-07-18 17:01:32.622981,17,2026-07-18,17:01:32,Saturday
makurdi,7.7306,8.5361,clouds,overcast clouds,stations,24.18,25.11,24.18,24.18,1012,94,1012,1001,10000,1.95,195,4.6,94,2026-07-18 17:01:32,2026-07-18 05:16:18,2026-07-18 17:47:26,NG,Walmayo,2026-07-18 17:01:32.717263,17,2026-07-18,17:01:32,Saturday
panda,9.2624,7.8385,clouds,broken clouds,stations,22.78,23.65,22.78,22.78,1013,97,1013,970,10000,1.5,212,2.73,77,2026-07-18 19:11:17,2026-07-18 05:16:39,2026-07-18 17:52:39,NG,Maitama,2026-07-18 19:11:17.879059,19,2026-07-18,19:11:17,Saturday
gurara,9.322,7.0232,clouds,overcast clouds,stations,22.4,23.23,22.4,22.4,1013,97,1013,972,10000,1.24,198,1.91,87,2026-07-18 19:11:17,2026-07-18 05:19:49,2026-07-18 17:56:01,NG,Suleja,2026-07-18 19:11:18.451590,19,2026-07-18,19:11:17,Saturday
bwari,9.2856,7.3787,clouds,overcast clouds,stations,21.44,22.22,21.44,21.44,1014,99,1014,951,10000,1.49,212,2.74,93,2026-07-18 19:11:18,2026-07-18 05:18:27,2026-07-18 17:54:32,NG,Maitama,2026-07-18 19:11:19.005668,19,2026-07-18,19:11:18,Saturday
gwagwalada,9.0764,6.9854,rain,light rain,stations,23.32,24.19,23.32,23.32,1013,95,1013,990,10000,1.04,197,1.09,67,2026-07-18 19:11:19,2026-07-18 05:20:22,2026-07-18 17:55:46,NG,Kwali,2026-07-18 19:11:19.557021,19,2026-07-18,19:11:19,Saturday
makurdi,7.7306,8.5361,clouds,broken clouds,stations,23.69,24.54,23.69,23.69,1013,93,1013,1002,10000,2.11,210,4.48,63,2026-07-18 19:11:19,2026-07-18 05:16:18,2026-07-18 17:47:26,NG,Walmayo,2026-07-18 19:11:20.106341,19,2026-07-18,19:11:19,Saturday
panda,9.2624,7.8385,clouds,broken clouds,stations,22.08,22.93,22.08,22.08,1014,99,1014,970,10000,1.4,218,2.31,78,2026-07-18 20:55:45,2026-07-18 05:16:39,2026-07-18 17:52:39,NG,Maitama,2026-07-18 20:55:45.898614,20,2026-07-18,20:55:45,Saturday
gurara,9.322,7.0232,clouds,overcast clouds,stations,22.19,23.02,22.19,22.19,1014,98,1014,973,10000,1.18,211,2.22,95,2026-07-18 20:55:45,2026-07-18 05:19:49,2026-07-18 17:56:01,NG,Suleja,2026-07-18 20:55:46.494169,20,2026-07-18,20:55:45,Saturday
bwari,9.2856,7.3787,clouds,overcast clouds,stations,20.99,21.73,20.99,20.99,1014,99,1014,951,10000,1.53,222,3.93,97,2026-07-18 20:55:46,2026-07-18 05:18:27,2026-07-18 17:54:32,NG,Maitama,2026-07-18 20:55:47.091049,20,2026-07-18,20:55:46,Saturday
gwagwalada,9.0764,6.9854,clouds,overcast clouds,stations,22.91,23.76,22.91,22.91,1014,96,1014,990,10000,1.09,212,1.18,88,2026-07-18 20:55:47,2026-07-18 05:20:22,2026-07-18 17:55:46,NG,Kwali,2026-07-18 20:55:47.680164,20,2026-07-18,20:55:47,Saturday
makurdi,7.7306,8.5361,clouds,overcast clouds,stations,23.34,24.21,23.34,23.34,1013,95,1013,1002,10000,2.3,219,6.3,85,2026-07-18 20:55:47,2026-07-18 05:16:18,2026-07-18 17:47:26,NG,Walmayo,2026-07-18 20:55:48.273169,20,2026-07-18,20:55:47,Saturday
panda,9.2624,7.8385,clouds,broken clouds,stations,21.74,22.55,21.74,21.74,1015,99,1015,971,10000,0.78,243,0.93,79,2026-07-18 22:54:56,2026-07-18 05:16:39,2026-07-18 17:52:39,NG,Maitama,2026-07-18 22:54:56.276316,22,2026-07-18,22:54:56,Saturday
gurara,9.322,7.0232,clouds,overcast clouds,stations,21.65,22.43,21.65,21.65,1014,98,1014,973,10000,1.07,197,1.69,95,2026-07-18 22:54:56,2026-07-18 05:19:49,2026-07-18 17:56:01,NG,Suleja,2026-07-18 22:54:56.404058,22,2026-07-18,22:54:56,Saturday
bwari,9.2856,7.3787,clouds,overcast clouds,stations,20.58,21.28,20.58,20.58,1015,99,1015,951,8402,1.13,212,2.83,91,2026-07-18 22:54:56,2026-07-18 05:18:27,2026-07-18 17:54:32,NG,Maitama,2026-07-18 22:54:56.527332,22,2026-07-18,22:54:56,Saturday
gwagwalada,9.0764,6.9854,clouds,overcast clouds,stations,22.47,23.31,22.47,22.47,1014,97,1014,991,10000,1.18,205,1.26,93,2026-07-18 22:54:56,2026-07-18 05:20:22,2026-07-18 17:55:46,NG,Kwali,2026-07-18 22:54:56.667307,22,2026-07-18,22:54:56,Saturday
makurdi,7.7306,8.5361,clouds,broken clouds,stations,22.13,22.91,22.13,22.13,1014,96,1014,1003,10000,1.97,228,4.92,63,2026-07-18 22:54:56,2026-07-18 05:16:18,2026-07-18 17:47:26,NG,Walmayo,2026-07-18 22:54:56.810116,22,2026-07-18,22:54:56,Saturday
panda,9.2624,7.8385,clouds,overcast clouds,stations,21.24,21.98,21.24,21.24,1013,98,1013,969,10000,0.64,276,0.7,91,2026-07-19 03:20:51,2026-07-19 05:16:52,2026-07-19 17:52:36,NG,Maitama,2026-07-19 03:20:51.733895,3,2026-07-19,03:20:51,Sunday
gurara,9.322,7.0232,clouds,broken clouds,stations,21.09,21.84,21.09,21.09,1013,99,1013,972,10000,0.92,171,1.22,72,2026-07-19 03:20:51,2026-07-19 05:20:02,2026-07-19 17:55:57,NG,Suleja,2026-07-19 03:20:51.832339,3,2026-07-19,03:20:51,Sunday
bwari,9.2856,7.3787,clouds,overcast clouds,stations,20.41,21.09,20.41,20.41,1013,99,1013,950,2024,1.18,211,2.63,86,2026-07-19 03:20:51,2026-07-19 05:18:40,2026-07-19 17:54:28,NG,Maitama,2026-07-19 03:20:51.933207,3,2026-07-19,03:20:51,Sunday
gwagwalada,9.0764,6.9854,clouds,broken clouds,stations,21.87,22.67,21.87,21.87,1013,98,1013,989,10000,0.73,156,0.74,63,2026-07-19 03:20:52,2026-07-19 05:20:34,2026-07-19 17:55:43,NG,Kwali,2026-07-19 03:20:52.041185,3,2026-07-19,03:20:52,Sunday
makurdi,7.7306,8.5361,clouds,scattered clouds,stations,21.29,22.01,21.29,21.29,1013,97,1013,1002,10000,1.54,229,3.22,44,2026-07-19 03:20:52,2026-07-19 05:16:29,2026-07-19 17:47:24,NG,Walmayo,2026-07-19 03:20:52.132705,3,2026-07-19,03:20:52,Sunday
panda,9.2624,7.8385,clouds,broken clouds,stations,23.15,23.95,23.15,23.15,1015,93,1015,971,10000,0.71,218,1.18,78,2026-07-19 06:34:09,2026-07-19 05:16:52,2026-07-19 17:52:36,NG,Maitama,2026-07-19 06:34:09.524810,6,2026-07-19,06:34:09,Sunday
gurara,9.322,7.0232,clouds,overcast clouds,stations,22.78,23.62,22.78,22.78,1014,96,1014,973,10000,1.33,175,2.05,89,2026-07-19 06:34:09,2026-07-19 05:20:02,2026-07-19 17:55:57,NG,Suleja,2026-07-19 06:34:10.078902,6,2026-07-19,06:34:09,Sunday
bwari,9.2856,7.3787,clouds,overcast clouds,stations,21.7,22.43,21.7,21.7,1015,96,1015,952,10000,0.98,201,1.69,93,2026-07-19 06:34:10,2026-07-19 05:18:40,2026-07-19 17:54:28,NG,Maitama,2026-07-19 06:34:10.252595,6,2026-07-19,06:34:10,Sunday
gwagwalada,9.0764,6.9854,clouds,broken clouds,stations,23.71,24.59,23.71,23.71,1014,94,1014,991,10000,0.93,175,1.41,84,2026-07-19 06:34:10,2026-07-19 05:20:34,2026-07-19 17:55:43,NG,Kwali,2026-07-19 06:34:10.805784,6,2026-07-19,06:34:10,Sunday
makurdi,7.7306,8.5361,clouds,overcast clouds,stations,23.67,24.44,23.67,23.67,1014,90,1014,1003,10000,1.86,233,3.16,93,2026-07-19 06:34:10,2026-07-19 05:16:29,2026-07-19 17:47:24,NG,Walmayo,2026-07-19 06:34:11.357449,6,2026-07-19,06:34:10,Sunday
panda,9.2624,7.8385,clouds,overcast clouds,stations,27.48,30.02,27.48,27.48,1014,73,1014,971,10000,1.51,179,1.44,89,2026-07-19 09:55:27,2026-07-19 05:16:52,2026-07-19 17:52:36,NG,Maitama,2026-07-19 09:55:27.398974,9,2026-07-19,09:55:27,Sunday
gurara,9.322,7.0232,rain,light rain,stations,26.43,26.43,26.43,26.43,1014,79,1014,973,10000,1.93,201,2.06,92,2026-07-19 09:55:27,2026-07-19 05:20:02,2026-07-19 17:55:57,NG,Suleja,2026-07-19 09:55:27.515033,9,2026-07-19,09:55:27,Sunday
bwari,9.2856,7.3787,clouds,overcast clouds,stations,25.6,26.25,25.6,25.6,1014,78,1014,952,10000,1.63,200,1.69,91,2026-07-19 09:55:27,2026-07-19 05:18:40,2026-07-19 17:54:28,NG,Maitama,2026-07-19 09:55:27.604232,9,2026-07-19,09:55:27,Sunday
gwagwalada,9.0764,6.9854,rain,light rain,stations,27.39,30.28,27.39,27.39,1014,77,1014,991,10000,2.09,199,2.26,92,2026-07-19 09:55:27,2026-07-19 05:20:34,2026-07-19 17:55:43,NG,Kwali,2026-07-19 09:55:27.695853,9,2026-07-19,09:55:27,Sunday
makurdi,7.7306,8.5361,clouds,broken clouds,stations,28.86,31.9,28.86,28.86,1014,67,1014,1003,10000,1.95,245,2.62,65,2026-07-19 09:55:27,2026-07-19 05:16:29,2026-07-19 17:47:24,NG,Walmayo,2026-07-19 09:55:27.793176,9,2026-07-19,09:55:27,Sunday
panda,9.2624,7.8385,clouds,overcast clouds,stations,28.04,30.74,28.04,28.04,1013,70,1013,970,10000,1.72,192,1.46,91,2026-07-19 11:12:26,2026-07-19 05:16:52,2026-07-19 17:52:36,NG,Maitama,2026-07-19 11:12:26.074087,11,2026-07-19,11:12:26,Sunday
gurara,9.322,7.0232,rain,light rain,stations,27.03,29.52,27.03,27.03,1013,77,1013,973,10000,2.02,196,1.97,89,2026-07-19 11:12:26,2026-07-19 05:20:02,2026-07-19 17:55:57,NG,Suleja,2026-07-19 11:12:26.166077,11,2026-07-19,11:12:26,Sunday
bwari,9.2856,7.3787,rain,light rain,stations,25.52,26.16,25.52,25.52,1014,78,1014,951,10000,1.77,202,1.76,92,2026-07-19 11:12:26,2026-07-19 05:18:40,2026-07-19 17:54:28,NG,Maitama,2026-07-19 11:12:26.292563,11,2026-07-19,11:12:26,Sunday
gwagwalada,9.0764,6.9854,rain,light rain,stations,27.86,31.05,27.86,27.86,1013,75,1013,990,10000,2.18,198,2.32,92,2026-07-19 11:12:26,2026-07-19 05:20:34,2026-07-19 17:55:43,NG,Kwali,2026-07-19 11:12:26.391459,11,2026-07-19,11:12:26,Sunday
makurdi,7.7306,8.5361,clouds,broken clouds,stations,30.04,33.32,30.04,30.04,1013,62,1013,1002,10000,2.0,255,2.32,70,2026-07-19 11:12:26,2026-07-19 05:16:29,2026-07-19 17:47:24,NG,Walmayo,2026-07-19 11:12:26.506107,11,2026-07-19,11:12:26,Sunday
panda,9.2624,7.8385,rain,light rain,stations,28.02,31.26,28.02,28.02,1012,74,1012,969,10000,1.22,185,1.09,83,2026-07-19 13:26:59,2026-07-19 05:16:52,2026-07-19 17:52:36,NG,Maitama,2026-07-19 13:26:59.805990,13,2026-07-19,13:26:59,Sunday
gurara,9.322,7.0232,rain,light rain,stations,27.75,30.81,27.75,27.75,1012,75,1012,971,10000,1.67,194,1.65,100,2026-07-19 13:26:59,2026-07-19 05:20:02,2026-07-19 17:55:57,NG,Suleja,2026-07-19 13:27:00.397512,13,2026-07-19,13:26:59,Sunday
bwari,9.2856,7.3787,rain,light rain,stations,26.94,29.17,26.94,26.94,1012,75,1012,950,10000,1.32,202,1.28,100,2026-07-19 13:27:00,2026-07-19 05:18:40,2026-07-19 17:54:28,NG,Maitama,2026-07-19 13:27:00.991074,13,2026-07-19,13:27:00,Sunday
gwagwalada,9.0764,6.9854,rain,light rain,stations,29.3,33.19,29.3,29.3,1011,69,1011,989,10000,1.31,204,1.6,97,2026-07-19 13:27:01,2026-07-19 05:20:34,2026-07-19 17:55:43,NG,Kwali,2026-07-19 13:27:01.579581,13,2026-07-19,13:27:01,Sunday
makurdi,7.7306,8.5361,clouds,overcast clouds,stations,30.07,33.38,30.07,30.07,1011,62,1011,1000,10000,2.27,231,2.07,100,2026-07-19 13:27:01,2026-07-19 05:16:29,2026-07-19 17:47:24,NG,Walmayo,2026-07-19 13:27:02.169490,13,2026-07-19,13:27:01,Sunday
panda,9.2624,7.8385,rain,light rain,stations,28.54,31.75,28.54,28.54,1010,70,1010,968,10000,1.08,156,1.15,93,2026-07-19 15:00:42,2026-07-19 05:16:52,2026-07-19 17:52:36,NG,Maitama,2026-07-19 15:00:42.610839,15,2026-07-19,15:00:42,Sunday
gurara,9.322,7.0232,rain,light rain,stations,27.94,30.95,27.94,27.94,1010,73,1010,970,10000,1.26,212,1.06,99,2026-07-19 15:00:42,2026-07-19 05:20:02,2026-07-19 17:55:57,NG,Suleja,2026-07-19 15:00:43.160706,15,2026-07-19,15:00:42,Sunday
bwari,9.2856,7.3787,rain,light rain,stations,26.7,28.79,26.7,26.7,1011,76,1011,949,10000,0.86,204,0.83,97,2026-07-19 15:00:43,2026-07-19 05:18:40,2026-07-19 17:54:28,NG,Maitama,2026-07-19 15:00:43.709937,15,2026-07-19,15:00:43,Sunday
gwagwalada,9.0764,6.9854,rain,light rain,stations,29.01,32.75,29.01,29.01,1010,70,1010,987,10000,1.32,237,1.3,96,2026-07-19 15:00:43,2026-07-19 05:20:34,2026-07-19 17:55:43,NG,Kwali,2026-07-19 15:00:44.260763,15,2026-07-19,15:00:43,Sunday
makurdi,7.7306,8.5361,clouds,overcast clouds,stations,30.8,34.43,30.8,30.8,1010,60,1010,999,10000,0.67,261,1.13,100,2026-07-19 15:00:44,2026-07-19 05:16:29,2026-07-19 17:47:24,NG,Walmayo,2026-07-19 15:00:44.815401,15,2026-07-19,15:00:44,Sunday
panda,9.2624,7.8385,rain,light rain,stations,26.07,26.07,26.07,26.07,1010,87,1010,967,10000,1.77,180,2.85,96,2026-07-19 17:02:21,2026-07-19 05:16:52,2026-07-19 17:52:36,NG,Maitama,2026-07-19 17:02:21.065236,17,2026-07-19,17:02:21,Sunday
gurara,9.322,7.0232,rain,light rain,stations,26.23,26.23,26.23,26.23,1010,85,1010,970,10000,1.83,209,2.82,99,2026-07-19 17:02:21,2026-07-19 05:20:02,2026-07-19 17:55:57,NG,Suleja,2026-07-19 17:02:21.227152,17,2026-07-19,17:02:21,Sunday
bwari,9.2856,7.3787,rain,light rain,stations,24.77,25.63,24.77,24.77,1011,89,1011,948,10000,1.87,215,2.85,97,2026-07-19 17:02:21,2026-07-19 05:18:40,2026-07-19 17:54:28,NG,Maitama,2026-07-19 17:02:21.358538,17,2026-07-19,17:02:21,Sunday
gwagwalada,9.0764,6.9854,rain,light rain,stations,27.29,30.73,27.29,27.29,1010,83,1010,987,10000,1.32,214,1.64,97,2026-07-19 17:02:21,2026-07-19 05:20:34,2026-07-19 17:55:43,NG,Kwali,2026-07-19 17:02:21.489348,17,2026-07-19,17:02:21,Sunday
makurdi,7.7306,8.5361,rain,light rain,stations,27.96,31.7,27.96,27.96,1010,78,1010,999,10000,1.05,235,1.27,96,2026-07-19 17:02:21,2026-07-19 05:16:29,2026-07-19 17:47:24,NG,Walmayo,2026-07-19 17:02:21.643193,17,2026-07-19,17:02:21,Sunday
panda,9.2624,7.8385,clouds,overcast clouds,stations,24.11,24.9,24.11,24.11,1012,89,1012,968,10000,1.16,218,1.31,90,2026-07-19 19:12:04,2026-07-19 05:16:52,2026-07-19 17:52:36,NG,Maitama,2026-07-19 19:12:04.568810,19,2026-07-19,19:12:04,Sunday
gurara,9.322,7.0232,clouds,overcast clouds,stations,24.28,25.01,24.28,24.28,1011,86,1011,971,10000,1.09,206,1.43,87,2026-07-19 19:12:04,2026-07-19 05:20:02,2026-07-19 17:55:57,NG,Suleja,2026-07-19 19:12:04.638617,19,2026-07-19,19:12:04,Sunday
bwari,9.2856,7.3787,clouds,broken clouds,stations,22.85,23.59,22.85,22.85,1012,92,1012,949,10000,1.35,218,1.82,84,2026-07-19 19:12:04,2026-07-19 05:18:40,2026-07-19 17:54:28,NG,Maitama,2026-07-19 19:12:04.707619,19,2026-07-19,19:12:04,Sunday
gwagwalada,9.0764,6.9854,clouds,broken clouds,stations,25.39,26.1,25.39,25.39,1011,81,1011,988,10000,0.62,250,0.72,62,2026-07-19 19:12:04,2026-07-19 05:20:34,2026-07-19 17:55:43,NG,Kwali,2026-07-19 19:12:04.763005,19,2026-07-19,19:12:04,Sunday
makurdi,7.7306,8.5361,clouds,overcast clouds,stations,25.44,26.21,25.44,25.44,1011,83,1011,1000,10000,2.09,212,2.75,100,2026-07-19 19:12:04,2026-07-19 05:16:29,2026-07-19 17:47:24,NG,Walmayo,2026-07-19 19:12:04.813164,19,2026-07-19,19:12:04,Sunday
panda,9.2624,7.8385,clouds,broken clouds,stations,23.41,24.18,23.41,23.41,1013,91,1013,969,10000,1.19,248,1.39,58,2026-07-19 20:56:05,2026-07-19 05:16:52,2026-07-19 17:52:36,NG,Maitama,2026-07-19 20:56:05.993713,20,2026-07-19,20:56:05,Sunday
gurara,9.322,7.0232,clouds,broken clouds,stations,23.63,24.35,23.63,23.63,1013,88,1013,972,10000,0.9,205,1.23,80,2026-07-19 20:56:06,2026-07-19 05:20:02,2026-07-19 17:55:57,NG,Suleja,2026-07-19 20:56:06.131131,20,2026-07-19,20:56:06,Sunday
bwari,9.2856,7.3787,clouds,broken clouds,stations,22.19,22.87,22.19,22.19,1013,92,1013,950,10000,1.26,206,1.74,80,2026-07-19 20:56:06,2026-07-19 05:18:40,2026-07-19 17:54:28,NG,Maitama,2026-07-19 20:56:06.254120,20,2026-07-19,20:56:06,Sunday
gwagwalada,9.0764,6.9854,clouds,broken clouds,stations,24.43,25.15,24.43,24.43,1012,85,1012,989,10000,0.92,217,1.02,62,2026-07-19 20:56:06,2026-07-19 05:20:34,2026-07-19 17:55:43,NG,Kwali,2026-07-19 20:56:06.387189,20,2026-07-19,20:56:06,Sunday
makurdi,7.7306,8.5361,clouds,overcast clouds,stations,24.58,25.29,24.58,24.58,1012,84,1012,1001,10000,2.22,204,4.42,97,2026-07-19 20:56:06,2026-07-19 05:16:29,2026-07-19 17:47:24,NG,Walmayo,2026-07-19 20:56:06.527183,20,2026-07-19,20:56:06,Sunday
panda,9.2624,7.8385,rain,light rain,stations,23.05,23.79,23.05,23.05,1014,91,1014,970,10000,0.93,272,0.97,62,2026-07-19 22:56:42,2026-07-19 05:16:52,2026-07-19 17:52:36,NG,Maitama,2026-07-19 22:56:42.978725,22,2026-07-19,22:56:42,Sunday
gurara,9.322,7.0232,rain,light rain,stations,22.9,23.6,22.9,22.9,1013,90,1013,972,10000,0.47,235,0.71,85,2026-07-19 22:56:43,2026-07-19 05:20:02,2026-07-19 17:55:57,NG,Suleja,2026-07-19 22:56:43.545902,22,2026-07-19,22:56:43,Sunday
bwari,9.2856,7.3787,rain,light rain,stations,21.48,22.11,21.48,21.48,1014,93,1014,951,10000,0.69,233,0.8,82,2026-07-19 22:56:43,2026-07-19 05:18:40,2026-07-19 17:54:28,NG,Maitama,2026-07-19 22:56:44.120741,22,2026-07-19,22:56:43,Sunday
gwagwalada,9.0764,6.9854,clouds,broken clouds,stations,23.83,24.54,23.83,23.83,1013,87,1013,990,10000,0.62,258,0.68,62,2026-07-19 22:56:44,2026-07-19 05:20:34,2026-07-19 17:55:43,NG,Kwali,2026-07-19 22:56:44.693974,22,2026-07-19,22:56:44,Sunday
makurdi,7.7306,8.5361,clouds,overcast clouds,stations,23.82,24.58,23.82,23.82,1013,89,1013,1001,10000,2.4,215,7.62,98,2026-07-19 22:56:44,2026-07-19 05:16:29,2026-07-19 17:47:24,NG,Walmayo,2026-07-19 22:56:45.263779,22,2026-07-19,22:56:44,Sunday
panda,9.2624,7.8385,clouds,broken clouds,stations,21.7,22.41,21.7,21.7,1013,95,1013,969,10000,0.43,313,0.6,59,2026-07-20 03:34:49,2026-07-20 05:17:05,2026-07-20 17:52:31,NG,Maitama,2026-07-20 03:34:49.976364,3,2026-07-20,03:34:49,Monday
gurara,9.322,7.0232,clouds,overcast clouds,stations,21.7,22.43,21.7,21.7,1013,96,1013,971,10000,0.65,234,0.92,87,2026-07-20 03:34:50,2026-07-20 05:20:15,2026-07-20 17:55:53,NG,Suleja,2026-07-20 03:34:50.065930,3,2026-07-20,03:34:50,Monday
bwari,9.2856,7.3787,clouds,broken clouds,stations,20.61,21.29,20.61,20.61,1013,98,1013,950,10000,0.93,251,1.08,84,2026-07-20 03:34:50,2026-07-20 05:18:53,2026-07-20 17:54:24,NG,Maitama,2026-07-20 03:34:50.154928,3,2026-07-20,03:34:50,Monday
gwagwalada,9.0764,6.9854,clouds,broken clouds,stations,22.47,23.23,22.47,22.47,1012,94,1012,989,10000,0.67,247,0.74,59,2026-07-20 03:34:50,2026-07-20 05:20:47,2026-07-20 17:55:39,NG,Kwali,2026-07-20 03:34:50.248394,3,2026-07-20,03:34:50,Monday
makurdi,7.7306,8.5361,clouds,overcast clouds,stations,23.31,24.1,23.31,23.31,1012,92,1012,1001,10000,2.46,225,7.15,100,2026-07-20 03:34:50,2026-07-20 05:16:40,2026-07-20 17:47:21,NG,Walmayo,2026-07-20 03:34:50.347675,3,2026-07-20,03:34:50,Monday
panda,9.2624,7.8385,clouds,broken clouds,stations,23.97,24.75,23.97,23.97,1014,89,1014,971,10000,0.7,281,1.37,62,2026-07-20 06:51:33,2026-07-20 05:17:05,2026-07-20 17:52:31,NG,Maitama,2026-07-20 06:51:33.701481,6,2026-07-20,06:51:33,Monday
gurara,9.322,7.0232,clouds,broken clouds,stations,22.91,23.71,22.91,22.91,1014,94,1014,973,10000,1.46,245,2.53,74,2026-07-20 06:51:33,2026-07-20 05:20:15,2026-07-20 17:55:53,NG,Suleja,2026-07-20 06:51:33.881686,6,2026-07-20,06:51:33,Monday
bwari,9.2856,7.3787,clouds,broken clouds,stations,22.42,23.15,22.42,22.42,1014,93,1014,952,10000,1.55,251,2.67,66,2026-07-20 06:51:33,2026-07-20 05:18:53,2026-07-20 17:54:24,NG,Maitama,2026-07-20 06:51:34.033752,6,2026-07-20,06:51:33,Monday
gwagwalada,9.0764,6.9854,rain,light rain,stations,23.78,24.59,23.78,23.78,1014,91,1014,991,10000,1.22,257,2.29,69,2026-07-20 06:51:34,2026-07-20 05:20:47,2026-07-20 17:55:39,NG,Kwali,2026-07-20 06:51:34.171225,6,2026-07-20,06:51:34,Monday
makurdi,7.7306,8.5361,rain,moderate rain,stations,24.49,25.4,24.49,24.49,1014,92,1014,1002,10000,1.44,250,3.53,100,2026-07-20 06:51:34,2026-07-20 05:16:40,2026-07-20 17:47:21,NG,Walmayo,2026-07-20 06:51:34.309839,6,2026-07-20,06:51:34,Monday
panda,9.2624,7.8385,rain,moderate rain,stations,28.74,32.34,28.74,28.74,1013,71,1013,970,10000,0.94,215,1.03,48,2026-07-20 10:57:07,2026-07-20 05:17:05,2026-07-20 17:52:31,NG,Maitama,2026-07-20 10:57:07.225230,10,2026-07-20,10:57:07,Monday
gurara,9.322,7.0232,rain,light rain,stations,27.69,30.32,27.69,27.69,1014,72,1014,973,10000,1.63,242,1.44,80,2026-07-20 10:57:07,2026-07-20 05:20:15,2026-07-20 17:55:53,NG,Suleja,2026-07-20 10:57:07.352660,10,2026-07-20,10:57:07,Monday
bwari,9.2856,7.3787,rain,light rain,stations,25.68,26.42,25.68,25.68,1014,81,1014,952,10000,1.63,242,1.18,72,2026-07-20 10:57:07,2026-07-20 05:18:53,2026-07-20 17:54:24,NG,Maitama,2026-07-20 10:57:07.479180,10,2026-07-20,10:57:07,Monday
gwagwalada,9.0764,6.9854,rain,light rain,stations,28.21,31.67,28.21,28.21,1013,74,1013,990,10000,1.68,237,1.56,78,2026-07-20 10:57:07,2026-07-20 05:20:47,2026-07-20 17:55:39,NG,Kwali,2026-07-20 10:57:07.615946,10,2026-07-20,10:57:07,Monday
makurdi,7.7306,8.5361,rain,moderate rain,stations,28.97,33.23,28.97,28.97,1013,73,1013,1002,10000,1.48,261,1.6,70,2026-07-20 10:57:07,2026-07-20 05:16:40,2026-07-20 17:47:21,NG,Walmayo,2026-07-20 10:57:07.743334,10,2026-07-20,10:57:07,Monday
panda,9.2624,7.8385,rain,moderate rain,stations,29.08,32.9,29.08,29.08,1011,70,1011,968,10000,1.18,147,1.8,70,2026-07-20 14:16:15,2026-07-20 05:17:05,2026-07-20 17:52:31,NG,Maitama,2026-07-20 14:16:16.478446,14,2026-07-20,14:16:15,Monday
gurara,9.322,7.0232,rain,light rain,stations,29.02,32.59,29.02,29.02,1010,69,1010,970,10000,1.02,284,0.8,72,2026-07-20 14:16:16,2026-07-20 05:20:15,2026-07-20 17:55:53,NG,Suleja,2026-07-20 14:16:17.075873,14,2026-07-20,14:16:16,Monday
bwari,9.2856,7.3787,rain,moderate rain,stations,27.38,29.93,27.38,27.38,1011,74,1011,949,10000,0.46,267,0.8,84,2026-07-20 14:16:17,2026-07-20 05:18:53,2026-07-20 17:54:24,NG,Maitama,2026-07-20 14:16:17.672263,14,2026-07-20,14:16:17,Monday
gwagwalada,9.0764,6.9854,rain,light rain,stations,30.48,34.7,30.48,30.48,1010,64,1010,987,10000,0.93,260,0.86,81,2026-07-20 14:16:17,2026-07-20 05:20:47,2026-07-20 17:55:39,NG,Kwali,2026-07-20 14:16:18.263597,14,2026-07-20,14:16:17,Monday
makurdi,7.7306,8.5361,clouds,broken clouds,stations,30.95,34.99,30.95,30.95,1010,61,1010,999,10000,1.25,294,0.96,67,2026-07-20 14:16:18,2026-07-20 05:16:40,2026-07-20 17:47:21,NG,Walmayo,2026-07-20 14:16:18.856944,14,2026-07-20,14:16:18,Monday
panda,9.2624,7.8385,rain,light rain,stations,24.75,25.58,24.75,24.75,1011,88,1011,968,10000,0.82,238,0.86,69,2026-07-20 18:08:03,2026-07-20 05:17:05,2026-07-20 17:52:31,NG,Maitama,2026-07-20 18:08:03.790260,18,2026-07-20,18:08:03,Monday
gurara,9.322,7.0232,clouds,broken clouds,stations,23.64,24.49,23.64,23.64,1011,93,1011,970,10000,1.27,344,1.4,83,2026-07-20 18:08:03,2026-07-20 05:20:15,2026-07-20 17:55:53,NG,Suleja,2026-07-20 18:08:04.351762,18,2026-07-20,18:08:03,Monday
bwari,9.2856,7.3787,rain,light rain,stations,23.13,23.9,23.13,23.13,1011,92,1011,949,10000,1.06,281,1.13,85,2026-07-20 18:08:04,2026-07-20 05:18:53,2026-07-20 17:54:24,NG,Maitama,2026-07-20 18:08:04.903592,18,2026-07-20,18:08:04,Monday
gwagwalada,9.0764,6.9854,rain,light rain,stations,25.48,26.36,25.48,25.48,1011,87,1011,987,10000,0.61,320,1.05,84,2026-07-20 18:08:04,2026-07-20 05:20:47,2026-07-20 17:55:39,NG,Kwali,2026-07-20 18:08:05.463199,18,2026-07-20,18:08:04,Monday
makurdi,7.7306,8.5361,clouds,broken clouds,stations,26.8,29.22,26.8,26.8,1010,79,1010,999,10000,1.63,206,1.65,78,2026-07-20 18:08:05,2026-07-20 05:16:40,2026-07-20 17:47:21,NG,Walmayo,2026-07-20 18:08:06.016848,18,2026-07-20,18:08:05,Monday
panda,9.2624,7.8385,clouds,broken clouds,stations,23.75,24.53,23.75,23.75,1013,90,1013,969,10000,0.26,260,0.52,74,2026-07-20 21:15:21,2026-07-20 05:17:05,2026-07-20 17:52:31,NG,Maitama,2026-07-20 21:15:21.361829,21,2026-07-20,21:15:21,Monday
gurara,9.322,7.0232,clouds,scattered clouds,stations,23.93,24.73,23.93,23.93,1013,90,1013,972,10000,0.45,163,0.48,34,2026-07-20 21:15:21,2026-07-20 05:20:15,2026-07-20 17:55:53,NG,Suleja,2026-07-20 21:15:21.464765,21,2026-07-20,21:15:21,Monday
bwari,9.2856,7.3787,clouds,scattered clouds,stations,22.74,23.47,22.74,22.74,1013,92,1013,950,10000,0.52,189,0.61,49,2026-07-20 21:15:21,2026-07-20 05:18:53,2026-07-20 17:54:24,NG,Maitama,2026-07-20 21:15:21.571513,21,2026-07-20,21:15:21,Monday
gwagwalada,9.0764,6.9854,clouds,scattered clouds,stations,25.08,25.94,25.08,25.08,1012,88,1012,989,10000,0.33,203,0.36,34,2026-07-20 21:15:21,2026-07-20 05:20:47,2026-07-20 17:55:39,NG,Kwali,2026-07-20 21:15:21.669988,21,2026-07-20,21:15:21,Monday
makurdi,7.7306,8.5361,clouds,overcast clouds,stations,25.34,26.18,25.34,25.34,1012,86,1012,1001,10000,2.31,191,5.17,85,2026-07-20 21:15:21,2026-07-20 05:16:40,2026-07-20 17:47:21,NG,Walmayo,2026-07-20 21:15:21.774679,21,2026-07-20,21:15:21,Monday
panda,9.2624,7.8385,rain,light rain,stations,23.18,23.98,23.18,23.18,1013,93,1013,970,10000,0.38,144,0.54,55,2026-07-20 23:03:47,2026-07-21 05:17:17,2026-07-21 17:52:26,NG,Maitama,2026-07-20 23:03:48.323662,23,2026-07-20,23:03:47,Monday
gurara,9.322,7.0232,clouds,scattered clouds,stations,23.47,24.27,23.47,23.47,1013,92,1013,972,10000,0.68,156,0.71,32,2026-07-20 23:03:48,2026-07-21 05:20:27,2026-07-21 17:55:47,NG,Suleja,2026-07-20 23:03:48.879049,23,2026-07-20,23:03:48,Monday
bwari,9.2856,7.3787,clouds,scattered clouds,stations,22.34,23.06,22.34,22.34,1013,93,1013,951,10000,0.76,143,0.82,37,2026-07-20 23:03:48,2026-07-21 05:19:05,2026-07-21 17:54:19,NG,Maitama,2026-07-20 23:03:49.197386,23,2026-07-20,23:03:48,Monday
gwagwalada,9.0764,6.9854,clouds,scattered clouds,stations,24.51,25.37,24.51,24.51,1012,90,1012,989,10000,0.73,174,0.75,27,2026-07-20 23:03:49,2026-07-21 05:20:59,2026-07-21 17:55:34,NG,Kwali,2026-07-20 23:03:49.748605,23,2026-07-20,23:03:49,Monday
makurdi,7.7306,8.5361,rain,moderate rain,stations,23.83,24.75,23.83,23.83,1012,95,1012,1001,10000,2.61,202,8.43,67,2026-07-20 23:03:49,2026-07-21 05:16:51,2026-07-21 17:47:17,NG,Walmayo,2026-07-20 23:03:50.311089,23,2026-07-20,23:03:49,Monday
panda,9.2624,7.8385,clouds,overcast clouds,stations,22.45,23.26,22.45,22.45,1012,96,1012,968,10000,0.27,98,0.38,97,2026-07-21 03:15:37,2026-07-21 05:17:17,2026-07-21 17:52:26,NG,Maitama,2026-07-21 03:15:37.937088,3,2026-07-21,03:15:37,Tuesday
gurara,9.322,7.0232,clouds,broken clouds,stations,22.72,23.5,22.72,22.72,1011,94,1011,970,10000,0.98,168,0.97,71,2026-07-21 03:15:38,2026-07-21 05:20:27,2026-07-21 17:55:47,NG,Suleja,2026-07-21 03:15:38.579792,3,2026-07-21,03:15:38,Tuesday
bwari,9.2856,7.3787,clouds,overcast clouds,stations,21.63,22.33,21.63,21.63,1012,95,1012,949,10000,0.9,172,0.91,88,2026-07-21 03:15:38,2026-07-21 05:19:05,2026-07-21 17:54:19,NG,Maitama,2026-07-21 03:15:39.242044,3,2026-07-21,03:15:38,Tuesday
gwagwalada,9.0764,6.9854,clouds,broken clouds,stations,23.51,24.37,23.51,23.51,1011,94,1011,988,10000,1.13,191,1.31,66,2026-07-21 03:15:39,2026-07-21 05:20:59,2026-07-21 17:55:34,NG,Kwali,2026-07-21 03:15:39.864122,3,2026-07-21,03:15:39,Tuesday
makurdi,7.7306,8.5361,clouds,broken clouds,stations,23.2,24.11,23.2,23.2,1011,97,1011,1000,10000,3.06,206,9.52,55,2026-07-21 03:15:39,2026-07-21 05:16:51,2026-07-21 17:47:17,NG,Walmayo,2026-07-21 03:15:40.013595,3,2026-07-21,03:15:39,Tuesday
panda,9.2624,7.8385,rain,light rain,stations,23.54,24.43,23.54,23.54,1014,95,1014,971,10000,1.37,180,2.45,68,2026-07-21 06:33:20,2026-07-21 05:17:17,2026-07-21 17:52:26,NG,Maitama,2026-07-21 06:33:20.817192,6,2026-07-21,06:33:20,Tuesday
gurara,9.322,7.0232,clouds,broken clouds,stations,23.62,24.44,23.62,23.62,1014,92,1014,973,10000,2.06,189,4.11,64,2026-07-21 06:33:20,2026-07-21 05:20:27,2026-07-21 17:55:47,NG,Suleja,2026-07-21 06:33:21.479215,6,2026-07-21,06:33:20,Tuesday
bwari,9.2856,7.3787,rain,light rain,stations,22.74,23.55,22.74,22.74,1014,95,1014,951,10000,1.67,208,3.1,60,2026-07-21 06:33:21,2026-07-21 05:19:05,2026-07-21 17:54:19,NG,Maitama,2026-07-21 06:33:22.122234,6,2026-07-21,06:33:21,Tuesday
gwagwalada,9.0764,6.9854,rain,light rain,stations,24.45,25.3,24.45,24.45,1014,90,1014,990,10000,1.75,184,3.55,57,2026-07-21 06:33:22,2026-07-21 05:20:59,2026-07-21 17:55:34,NG,Kwali,2026-07-21 06:33:22.740996,6,2026-07-21,06:33:22,Tuesday
makurdi,7.7306,8.5361,clouds,overcast clouds,stations,24.28,25.17,24.28,24.28,1014,92,1014,1002,10000,2.98,223,5.58,99,2026-07-21 06:33:22,2026-07-21 05:16:51,2026-07-21 17:47:17,NG,Walmayo,2026-07-21 06:33:23.369384,6,2026-07-21,06:33:22,Tuesday
panda,9.2624,7.8385,rain,light rain,stations,28.15,31.69,28.15,28.15,1014,75,1014,971,10000,1.36,189,0.99,54,2026-07-21 10:27:59,2026-07-21 05:17:17,2026-07-21 17:52:26,NG,Maitama,2026-07-21 10:27:59.763027,10,2026-07-21,10:27:59,Tuesday
gurara,9.322,7.0232,rain,light rain,stations,26.58,26.58,26.58,26.58,1014,80,1014,973,10000,1.91,225,2.05,82,2026-07-21 10:27:59,2026-07-21 05:20:27,2026-07-21 17:55:47,NG,Suleja,2026-07-21 10:27:59.810588,10,2026-07-21,10:27:59,Tuesday
bwari,9.2856,7.3787,rain,light rain,stations,25.83,26.58,25.83,25.83,1014,81,1014,952,10000,1.8,230,1.43,76,2026-07-21 10:27:59,2026-07-21 05:19:05,2026-07-21 17:54:19,NG,Maitama,2026-07-21 10:27:59.862488,10,2026-07-21,10:27:59,Tuesday
gwagwalada,9.0764,6.9854,rain,light rain,stations,27.55,30.75,27.55,27.55,1013,78,1013,990,10000,1.92,232,2.23,80,2026-07-21 10:27:59,2026-07-21 05:20:59,2026-07-21 17:55:34,NG,Kwali,2026-07-21 10:27:59.912832,10,2026-07-21,10:27:59,Tuesday
makurdi,7.7306,8.5361,rain,light rain,stations,28.58,32.5,28.58,28.58,1013,74,1013,1002,10000,2.73,228,3.27,93,2026-07-21 10:27:59,2026-07-21 05:16:51,2026-07-21 17:47:17,NG,Walmayo,2026-07-21 10:27:59.956294,10,2026-07-21,10:27:59,Tuesday
panda,9.2624,7.8385,rain,light rain,stations,29.98,34.52,29.98,29.98,1010,68,1010,968,10000,1.18,192,1.38,78,2026-07-21 14:03:22,2026-07-21 05:17:17,2026-07-21 17:52:26,NG,Maitama,2026-07-21 14:03:23.029177,14,2026-07-21,14:03:22,Tuesday
gurara,9.322,7.0232,rain,light rain,stations,29.51,33.87,29.51,29.51,1010,70,1010,970,10000,0.41,253,0.56,57,2026-07-21 14:03:23,2026-07-21 05:20:27,2026-07-21 17:55:47,NG,Suleja,2026-07-21 14:03:23.613654,14,2026-07-21,14:03:23,Tuesday
bwari,9.2856,7.3787,rain,light rain,stations,28.21,31.52,28.21,28.21,1011,73,1011,949,10000,0.81,259,1.02,63,2026-07-21 14:03:23,2026-07-21 05:19:05,2026-07-21 17:54:19,NG,Maitama,2026-07-21 14:03:24.178020,14,2026-07-21,14:03:23,Tuesday
gwagwalada,9.0764,6.9854,clouds,broken clouds,stations,31.11,36.14,31.11,31.11,1010,64,1010,987,10000,0.54,286,0.6,55,2026-07-21 14:03:24,2026-07-21 05:20:59,2026-07-21 17:55:34,NG,Kwali,2026-07-21 14:03:24.741596,14,2026-07-21,14:03:24,Tuesday
makurdi,7.7306,8.5361,clouds,broken clouds,stations,31.14,35.94,31.14,31.14,1009,63,1009,998,10000,1.28,276,1.53,82,2026-07-21 14:03:24,2026-07-21 05:16:51,2026-07-21 17:47:17,NG,Walmayo,2026-07-21 14:03:25.308487,14,2026-07-21,14:03:24,Tuesday
panda,9.2624,7.8385,rain,light rain,stations,27.97,32.33,27.97,27.97,1010,82,1010,967,10000,1.48,230,2.46,64,2026-07-21 17:25:22,2026-07-21 05:17:17,2026-07-21 17:52:26,NG,Maitama,2026-07-21 17:25:23.418365,17,2026-07-21,17:25:22,Tuesday
gurara,9.322,7.0232,clouds,broken clouds,stations,28.37,32.87,28.37,28.37,1010,79,1010,970,10000,0.2,325,0.26,70,2026-07-21 17:25:23,2026-07-21 05:20:27,2026-07-21 17:55:47,NG,Suleja,2026-07-21 17:25:24.008134,17,2026-07-21,17:25:23,Tuesday
bwari,9.2856,7.3787,clouds,broken clouds,stations,26.42,26.42,26.42,26.42,1010,86,1010,949,10000,1.42,271,1.88,74,2026-07-21 17:25:24,2026-07-21 05:19:05,2026-07-21 17:54:19,NG,Maitama,2026-07-21 17:25:24.614606,17,2026-07-21,17:25:24,Tuesday
gwagwalada,9.0764,6.9854,clouds,broken clouds,stations,29.9,35.52,29.9,29.9,1009,73,1009,987,10000,0.23,29,0.36,61,2026-07-21 17:25:24,2026-07-21 05:20:59,2026-07-21 17:55:34,NG,Kwali,2026-07-21 17:25:25.141068,17,2026-07-21,17:25:24,Tuesday
makurdi,7.7306,8.5361,rain,light rain,stations,29.07,34.5,29.07,29.07,1009,78,1009,998,10000,1.34,203,1.77,79,2026-07-21 17:25:25,2026-07-21 05:16:51,2026-07-21 17:47:17,NG,Walmayo,2026-07-21 17:25:25.735209,17,2026-07-21,17:25:25,Tuesday
panda,9.2624,7.8385,rain,light rain,stations,24.23,25.11,24.23,24.23,1013,92,1013,969,10000,1.83,341,2.48,91,2026-07-21 19:37:37,2026-07-21 05:17:17,2026-07-21 17:52:26,NG,Maitama,2026-07-21 19:37:38.069585,19,2026-07-21,19:37:37,Tuesday
gurara,9.322,7.0232,rain,moderate rain,stations,24.03,24.89,24.03,24.03,1013,92,1013,972,10000,3.04,36,4.96,79,2026-07-21 19:37:38,2026-07-21 05:20:27,2026-07-21 17:55:47,NG,Suleja,2026-07-21 19:37:38.637317,19,2026-07-21,19:37:38,Tuesday
bwari,9.2856,7.3787,rain,moderate rain,stations,22.7,23.51,22.7,22.7,1013,95,1013,951,10000,2.52,18,5.0,85,2026-07-21 19:37:38,2026-07-21 05:19:05,2026-07-21 17:54:19,NG,Maitama,2026-07-21 19:37:39.210083,19,2026-07-21,19:37:38,Tuesday
gwagwalada,9.0764,6.9854,rain,moderate rain,stations,25.73,26.63,25.73,25.73,1012,87,1012,989,10000,1.82,48,1.96,66,2026-07-21 19:37:39,2026-07-21 05:20:59,2026-07-21 17:55:34,NG,Kwali,2026-07-21 19:37:39.776414,19,2026-07-21,19:37:39,Tuesday
makurdi,7.7306,8.5361,clouds,few clouds,stations,25.96,25.96,25.96,25.96,1011,87,1011,1000,10000,1.9,190,1.96,20,2026-07-21 19:37:39,2026-07-21 05:16:51,2026-07-21 17:47:17,NG,Walmayo,2026-07-21 19:37:40.342329,19,2026-07-21,19:37:39,Tuesday
panda,9.2624,7.8385,rain,light rain,stations,23.45,24.31,23.45,23.45,1014,94,1014,970,10000,2.57,353,5.62,94,2026-07-21 21:14:49,2026-07-21 05:17:17,2026-07-21 17:52:26,NG,Maitama,2026-07-21 21:14:49.968446,21,2026-07-21,21:14:49,Tuesday
gurara,9.322,7.0232,rain,light rain,stations,23.05,23.81,23.05,23.05,1013,92,1013,972,10000,2.62,22,6.19,86,2026-07-21 21:14:50,2026-07-21 05:20:27,2026-07-21 17:55:47,NG,Suleja,2026-07-21 21:14:50.022395,21,2026-07-21,21:14:50,Tuesday
bwari,9.2856,7.3787,rain,light rain,stations,21.89,22.64,21.89,21.89,1014,96,1014,951,10000,2.38,20,5.56,90,2026-07-21 21:14:50,2026-07-21 05:19:05,2026-07-21 17:54:19,NG,Maitama,2026-07-21 21:14:50.073751,21,2026-07-21,21:14:50,Tuesday
gwagwalada,9.0764,6.9854,rain,moderate rain,stations,24.95,25.88,24.95,24.95,1012,91,1012,989,10000,2.02,22,3.29,77,2026-07-21 21:14:50,2026-07-21 05:20:59,2026-07-21 17:55:34,NG,Kwali,2026-07-21 21:14:50.132461,21,2026-07-21,21:14:50,Tuesday
makurdi,7.7306,8.5361,clouds,few clouds,stations,25.65,26.59,25.65,25.65,1012,89,1012,1001,10000,2.0,200,2.54,16,2026-07-21 21:14:50,2026-07-21 05:16:51,2026-07-21 17:47:17,NG,Walmayo,2026-07-21 21:14:50.183064,21,2026-07-21,21:14:50,Tuesday
panda,9.2624,7.8385,rain,moderate rain,stations,21.79,22.53,21.79,21.79,1014,96,1014,970,10000,1.72,331,4.27,97,2026-07-21 23:01:08,2026-07-22 05:17:29,2026-07-22 17:52:20,NG,Maitama,2026-07-21 23:01:08.257589,23,2026-07-21,23:01:08,Tuesday
gurara,9.322,7.0232,rain,moderate rain,stations,21.31,21.95,21.31,21.31,1014,94,1014,973,10000,2.65,44,8.28,92,2026-07-21 23:01:08,2026-07-22 05:20:39,2026-07-22 17:55:41,NG,Suleja,2026-07-21 23:01:08.382244,23,2026-07-21,23:01:08,Tuesday
bwari,9.2856,7.3787,rain,moderate rain,stations,20.7,21.33,20.7,20.7,1014,96,1014,951,10000,2.21,23,8.59,94,2026-07-21 23:01:08,2026-07-22 05:19:17,2026-07-22 17:54:13,NG,Maitama,2026-07-21 23:01:08.505160,23,2026-07-21,23:01:08,Tuesday
gwagwalada,9.0764,6.9854,rain,moderate rain,stations,22.92,23.7,22.92,22.92,1013,93,1013,990,10000,2.6,30,7.8,86,2026-07-21 23:01:08,2026-07-22 05:21:11,2026-07-22 17:55:28,NG,Kwali,2026-07-21 23:01:08.633059,23,2026-07-21,23:01:08,Tuesday
makurdi,7.7306,8.5361,rain,moderate rain,stations,24.24,25.2,24.24,24.24,1012,95,1012,1001,10000,1.94,200,3.87,40,2026-07-21 23:01:08,2026-07-22 05:17:02,2026-07-22 17:47:13,NG,Walmayo,2026-07-21 23:01:08.762533,23,2026-07-21,23:01:08,Tuesday
panda,9.2624,7.8385,rain,light rain,stations,21.76,22.39,21.76,21.76,1012,92,1012,968,10000,0.99,327,0.95,100,2026-07-22 03:13:29,2026-07-22 05:17:29,2026-07-22 17:52:20,NG,Maitama,2026-07-22 03:13:29.860140,3,2026-07-22,03:13:29,Wednesday
gurara,9.322,7.0232,rain,light rain,stations,21.74,22.37,21.74,21.74,1012,92,1012,971,10000,1.18,48,1.15,100,2026-07-22 03:13:29,2026-07-22 05:20:39,2026-07-22 17:55:41,NG,Suleja,2026-07-22 03:13:29.951766,3,2026-07-22,03:13:29,Wednesday
bwari,9.2856,7.3787,rain,light rain,stations,20.63,21.15,20.63,20.63,1012,92,1012,949,10000,1.0,64,0.97,100,2026-07-22 03:13:30,2026-07-22 05:19:17,2026-07-22 17:54:13,NG,Maitama,2026-07-22 03:13:30.047957,3,2026-07-22,03:13:30,Wednesday
gwagwalada,9.0764,6.9854,rain,light rain,stations,22.84,23.58,22.84,22.84,1011,92,1011,988,10000,0.61,104,0.87,100,2026-07-22 03:13:30,2026-07-22 05:21:11,2026-07-22 17:55:28,NG,Kwali,2026-07-22 03:13:30.173588,3,2026-07-22,03:13:30,Wednesday
makurdi,7.7306,8.5361,clouds,broken clouds,stations,23.52,24.46,23.52,23.52,1011,97,1011,1000,10000,2.85,210,8.83,51,2026-07-22 03:13:30,2026-07-22 05:17:02,2026-07-22 17:47:13,NG,Walmayo,2026-07-22 03:13:30.265542,3,2026-07-22,03:13:30,Wednesday
panda,9.2624,7.8385,clouds,overcast clouds,stations,24.04,24.77,24.04,24.04,1014,87,1014,970,10000,0.46,171,0.62,93,2026-07-22 06:33:13,2026-07-22 05:17:29,2026-07-22 17:52:20,NG,Maitama,2026-07-22 06:33:13.100307,6,2026-07-22,06:33:13,Wednesday
gurara,9.322,7.0232,clouds,overcast clouds,stations,23.92,24.69,23.92,23.92,1013,89,1013,972,10000,0.61,188,1.1,93,2026-07-22 06:33:13,2026-07-22 05:20:39,2026-07-22 17:55:41,NG,Suleja,2026-07-22 06:33:13.152923,6,2026-07-22,06:33:13,Wednesday
bwari,9.2856,7.3787,clouds,broken clouds,stations,23.29,23.97,23.29,23.29,1014,88,1014,951,10000,0.86,205,1.25,83,2026-07-22 06:33:13,2026-07-22 05:19:17,2026-07-22 17:54:13,NG,Maitama,2026-07-22 06:33:13.204634,6,2026-07-22,06:33:13,Wednesday
gwagwalada,9.0764,6.9854,clouds,broken clouds,stations,25.05,25.96,25.05,25.05,1013,90,1013,990,10000,1.3,187,2.23,71,2026-07-22 06:33:13,2026-07-22 05:21:11,2026-07-22 17:55:28,NG,Kwali,2026-07-22 06:33:13.254578,6,2026-07-22,06:33:13,Wednesday
makurdi,7.7306,8.5361,clouds,overcast clouds,stations,24.15,25.13,24.15,24.15,1013,96,1013,1002,10000,2.87,209,7.55,98,2026-07-22 06:33:13,2026-07-22 05:17:02,2026-07-22 17:47:13,NG,Walmayo,2026-07-22 06:33:13.309935,6,2026-07-22,06:33:13,Wednesday
panda,9.2624,7.8385,clouds,overcast clouds,stations,28.76,32.38,28.76,28.76,1013,71,1013,970,10000,1.45,182,1.37,96,2026-07-22 10:29:24,2026-07-22 05:17:29,2026-07-22 17:52:20,NG,Maitama,2026-07-22 10:29:25.355206,10,2026-07-22,10:29:24,Wednesday
gurara,9.322,7.0232,clouds,overcast clouds,stations,27.84,31.01,27.84,27.84,1013,75,1013,973,10000,2.21,199,2.27,85,2026-07-22 10:29:25,2026-07-22 05:20:39,2026-07-22 17:55:41,NG,Suleja,2026-07-22 10:29:25.910723,10,2026-07-22,10:29:25,Wednesday
bwari,9.2856,7.3787,clouds,broken clouds,stations,27.05,29.29,27.05,27.05,1013,74,1013,951,10000,1.93,226,1.71,76,2026-07-22 10:29:25,2026-07-22 05:19:17,2026-07-22 17:54:13,NG,Maitama,2026-07-22 10:29:26.461736,10,2026-07-22,10:29:25,Wednesday
gwagwalada,9.0764,6.9854,clouds,broken clouds,stations,28.54,32.59,28.54,28.54,1013,75,1013,990,10000,2.19,196,2.13,72,2026-07-22 10:29:26,2026-07-22 05:21:11,2026-07-22 17:55:28,NG,Kwali,2026-07-22 10:29:27.011733,10,2026-07-22,10:29:26,Wednesday
makurdi,7.7306,8.5361,rain,light rain,stations,27.99,32.07,27.99,27.99,1013,80,1013,1002,10000,2.35,248,3.09,97,2026-07-22 10:29:27,2026-07-22 05:17:02,2026-07-22 17:47:13,NG,Walmayo,2026-07-22 10:29:27.562030,10,2026-07-22,10:29:27,Wednesday
panda,9.2624,7.8385,rain,moderate rain,stations,24.28,25.11,24.28,24.28,1012,90,1012,968,10000,4.32,130,8.06,100,2026-07-22 14:06:35,2026-07-22 05:17:29,2026-07-22 17:52:20,NG,Maitama,2026-07-22 14:06:35.990081,14,2026-07-22,14:06:35,Wednesday
gurara,9.322,7.0232,rain,light rain,stations,29.81,34.35,29.81,29.81,1010,69,1010,970,10000,1.86,186,1.57,100,2026-07-22 14:06:36,2026-07-22 05:20:39,2026-07-22 17:55:41,NG,Suleja,2026-07-22 14:06:36.660899,14,2026-07-22,14:06:36,Wednesday
bwari,9.2856,7.3787,rain,moderate rain,stations,27.29,30.51,27.29,27.29,1011,81,1011,949,10000,3.23,129,4.43,98,2026-07-22 14:06:36,2026-07-22 05:19:17,2026-07-22 17:54:13,NG,Maitama,2026-07-22 14:06:37.325491,14,2026-07-22,14:06:36,Wednesday
gwagwalada,9.0764,6.9854,rain,light rain,stations,30.49,35.47,30.49,30.49,1010,67,1010,987,10000,1.76,170,1.56,100,2026-07-22 14:06:37,2026-07-22 05:21:11,2026-07-22 17:55:28,NG,Kwali,2026-07-22 14:06:37.998506,14,2026-07-22,14:06:37,Wednesday
makurdi,7.7306,8.5361,rain,heavy intensity rain,stations,25.75,26.76,25.75,25.75,1010,91,1010,999,2814,4.06,42,6.16,100,2026-07-22 14:06:38,2026-07-22 05:17:02,2026-07-22 17:47:13,NG,Walmayo,2026-07-22 14:06:38.675603,14,2026-07-22,14:06:38,Wednesday
panda,9.2624,7.8385,clouds,overcast clouds,stations,23.87,24.61,23.87,23.87,1011,88,1011,968,10000,0.27,229,0.51,100,2026-07-22 17:24:27,2026-07-22 05:17:29,2026-07-22 17:52:20,NG,Maitama,2026-07-22 17:24:27.679604,17,2026-07-22,17:24:27,Wednesday
gurara,9.322,7.0232,clouds,overcast clouds,stations,23.45,24.31,23.45,23.45,1010,94,1010,970,10000,0.54,144,2.62,100,2026-07-22 17:24:27,2026-07-22 05:20:39,2026-07-22 17:55:41,NG,Suleja,2026-07-22 17:24:28.281353,17,2026-07-22,17:24:27,Wednesday
bwari,9.2856,7.3787,clouds,overcast clouds,stations,22.42,23.07,22.42,22.42,1011,90,1011,948,10000,0.61,67,0.92,99,2026-07-22 17:24:28,2026-07-22 05:19:17,2026-07-22 17:54:13,NG,Maitama,2026-07-22 17:24:28.747670,17,2026-07-22,17:24:28,Wednesday
gwagwalada,9.0764,6.9854,clouds,overcast clouds,stations,24.31,25.25,24.31,24.31,1010,94,1010,987,10000,0.63,272,1.48,100,2026-07-22 17:24:28,2026-07-22 05:21:11,2026-07-22 17:55:28,NG,Kwali,2026-07-22 17:24:29.339412,17,2026-07-22,17:24:28,Wednesday
makurdi,7.7306,8.5361,rain,heavy intensity rain,stations,22.37,23.17,22.37,22.37,1010,96,1010,998,10000,1.19,186,3.27,100,2026-07-22 17:24:29,2026-07-22 05:17:02,2026-07-22 17:47:13,NG,Walmayo,2026-07-22 17:24:29.926804,17,2026-07-22,17:24:29,Wednesday
panda,9.2624,7.8385,clouds,overcast clouds,stations,22.24,22.92,22.24,22.24,1013,92,1013,969,10000,1.06,126,1.19,100,2026-07-22 19:27:01,2026-07-22 05:17:29,2026-07-22 17:52:20,NG,Maitama,2026-07-22 19:27:01.116177,19,2026-07-22,19:27:01,Wednesday
gurara,9.322,7.0232,clouds,overcast clouds,stations,22.58,23.37,22.58,22.58,1012,95,1012,971,10000,2.09,120,4.74,100,2026-07-22 19:27:01,2026-07-22 05:20:39,2026-07-22 17:55:41,NG,Suleja,2026-07-22 19:27:01.217558,19,2026-07-22,19:27:01,Wednesday
bwari,9.2856,7.3787,clouds,overcast clouds,stations,21.57,22.21,21.57,21.57,1013,93,1013,950,10000,1.78,132,2.63,100,2026-07-22 19:27:01,2026-07-22 05:19:17,2026-07-22 17:54:13,NG,Maitama,2026-07-22 19:27:01.325396,19,2026-07-22,19:27:01,Wednesday
gwagwalada,9.0764,6.9854,clouds,overcast clouds,stations,23.9,24.83,23.9,23.9,1012,95,1012,988,10000,1.58,132,3.04,100,2026-07-22 19:27:01,2026-07-22 05:21:11,2026-07-22 17:55:28,NG,Kwali,2026-07-22 19:27:01.420264,19,2026-07-22,19:27:01,Wednesday
makurdi,7.7306,8.5361,clouds,overcast clouds,stations,24.5,25.49,24.5,24.5,1012,95,1012,1001,10000,2.13,213,6.27,94,2026-07-22 19:27:01,2026-07-22 05:17:02,2026-07-22 17:47:13,NG,Walmayo,2026-07-22 19:27:01.511239,19,2026-07-22,19:27:01,Wednesday
panda,9.2624,7.8385,rain,light rain,stations,21.51,22.17,21.51,21.51,1015,94,1015,971,10000,1.6,95,2.52,88,2026-07-22 21:23:48,2026-07-22 05:17:29,2026-07-22 17:52:20,NG,Maitama,2026-07-22 21:23:48.360411,21,2026-07-22,21:23:48,Wednesday
gurara,9.322,7.0232,clouds,overcast clouds,stations,22.36,23.13,22.36,22.36,1014,95,1014,973,10000,2.15,138,6.36,100,2026-07-22 21:23:48,2026-07-22 05:20:39,2026-07-22 17:55:41,NG,Suleja,2026-07-22 21:23:48.420343,21,2026-07-22,21:23:48,Wednesday
bwari,9.2856,7.3787,clouds,overcast clouds,stations,20.79,21.38,20.79,20.79,1015,94,1015,951,10000,2.77,119,9.58,100,2026-07-22 21:23:48,2026-07-22 05:19:17,2026-07-22 17:54:13,NG,Maitama,2026-07-22 21:23:48.472465,21,2026-07-22,21:23:48,Wednesday
gwagwalada,9.0764,6.9854,clouds,overcast clouds,stations,23.6,24.5,23.6,23.6,1014,95,1014,990,10000,1.63,121,3.22,100,2026-07-22 21:23:48,2026-07-22 05:21:11,2026-07-22 17:55:28,NG,Kwali,2026-07-22 21:23:48.523156,21,2026-07-22,21:23:48,Wednesday
makurdi,7.7306,8.5361,clouds,broken clouds,stations,23.91,24.86,23.91,23.91,1014,96,1014,1003,10000,1.47,207,4.22,75,2026-07-22 21:23:48,2026-07-22 05:17:02,2026-07-22 17:47:13,NG,Walmayo,2026-07-22 21:23:48.574066,21,2026-07-22,21:23:48,Wednesday
panda,9.2624,7.8385,clouds,overcast clouds,stations,21.37,22.1,21.37,21.37,1016,97,1016,971,10000,1.3,154,1.65,93,2026-07-22 23:08:57,2026-07-23 05:17:41,2026-07-23 17:52:13,NG,Maitama,2026-07-22 23:08:57.519055,23,2026-07-22,23:08:57,Wednesday
gurara,9.322,7.0232,clouds,overcast clouds,stations,21.64,22.31,21.64,21.64,1015,94,1015,973,10000,2.17,127,6.58,100,2026-07-22 23:08:57,2026-07-23 05:20:51,2026-07-23 17:55:35,NG,Suleja,2026-07-22 23:08:57.610621,23,2026-07-22,23:08:57,Wednesday
bwari,9.2856,7.3787,clouds,overcast clouds,stations,20.36,20.98,20.36,20.36,1015,97,1015,952,10000,2.08,132,6.76,100,2026-07-22 23:08:57,2026-07-23 05:19:29,2026-07-23 17:54:06,NG,Maitama,2026-07-22 23:08:57.697366,23,2026-07-22,23:08:57,Wednesday
gwagwalada,9.0764,6.9854,clouds,overcast clouds,stations,22.71,23.49,22.71,22.71,1014,94,1014,991,10000,1.83,113,3.73,99,2026-07-22 23:08:57,2026-07-23 05:21:22,2026-07-23 17:55:21,NG,Kwali,2026-07-22 23:08:57.809734,23,2026-07-22,23:08:57,Wednesday
makurdi,7.7306,8.5361,rain,heavy intensity rain,stations,23.19,24.12,23.19,23.19,1014,98,1014,1003,2558,0.72,122,2.39,82,2026-07-22 23:08:57,2026-07-23 05:17:12,2026-07-23 17:47:07,NG,Walmayo,2026-07-22 23:08:57.908361,23,2026-07-22,23:08:57,Wednesday
panda,9.2624,7.8385,clouds,overcast clouds,stations,21.58,22.38,21.58,21.58,1013,99,1013,969,10000,2.22,167,7.78,100,2026-07-23 03:20:28,2026-07-23 05:17:41,2026-07-23 17:52:13,NG,Maitama,2026-07-23 03:20:28.632130,3,2026-07-23,03:20:28,Thursday
gurara,9.322,7.0232,clouds,overcast clouds,stations,21.54,22.26,21.54,21.54,1012,96,1012,971,10000,2.11,167,5.45,100,2026-07-23 03:20:28,2026-07-23 05:20:51,2026-07-23 17:55:35,NG,Suleja,2026-07-23 03:20:28.685355,3,2026-07-23,03:20:28,Thursday
bwari,9.2856,7.3787,clouds,overcast clouds,stations,20.64,21.32,20.64,20.64,1013,98,1013,950,10000,2.53,165,7.65,100,2026-07-23 03:20:28,2026-07-23 05:19:29,2026-07-23 17:54:06,NG,Maitama,2026-07-23 03:20:28.737463,3,2026-07-23,03:20:28,Thursday
gwagwalada,9.0764,6.9854,rain,light rain,stations,22.26,23.05,22.26,22.26,1013,96,1013,989,10000,1.91,164,3.21,100,2026-07-23 03:20:28,2026-07-23 05:21:22,2026-07-23 17:55:21,NG,Kwali,2026-07-23 03:20:28.793378,3,2026-07-23,03:20:28,Thursday
makurdi,7.7306,8.5361,rain,light rain,stations,22.55,23.42,22.55,22.55,1013,98,1013,1001,10000,3.94,178,9.42,100,2026-07-23 03:20:28,2026-07-23 05:17:12,2026-07-23 17:47:07,NG,Walmayo,2026-07-23 03:20:28.859123,3,2026-07-23,03:20:28,Thursday
panda,9.2624,7.8385,clouds,overcast clouds,stations,21.12,21.82,21.12,21.12,1016,97,1016,971,10000,1.81,171,5.07,100,2026-07-23 06:33:38,2026-07-23 05:17:41,2026-07-23 17:52:13,NG,Maitama,2026-07-23 06:33:38.066715,6,2026-07-23,06:33:38,Thursday
gurara,9.322,7.0232,clouds,overcast clouds,stations,21.1,21.72,21.1,21.1,1015,94,1015,973,10000,2.5,188,8.66,100,2026-07-23 06:33:38,2026-07-23 05:20:51,2026-07-23 17:55:35,NG,Suleja,2026-07-23 06:33:38.220556,6,2026-07-23,06:33:38,Thursday
bwari,9.2856,7.3787,clouds,overcast clouds,stations,20.18,20.73,20.18,20.18,1015,95,1015,952,10000,2.16,171,6.87,100,2026-07-23 06:33:38,2026-07-23 05:19:29,2026-07-23 17:54:06,NG,Maitama,2026-07-23 06:33:38.364669,6,2026-07-23,06:33:38,Thursday
gwagwalada,9.0764,6.9854,clouds,overcast clouds,stations,22.31,23.02,22.31,22.31,1015,93,1015,991,10000,1.9,183,7.67,100,2026-07-23 06:33:38,2026-07-23 05:21:22,2026-07-23 17:55:21,NG,Kwali,2026-07-23 06:33:38.539202,6,2026-07-23,06:33:38,Thursday
makurdi,7.7306,8.5361,clouds,overcast clouds,stations,22.14,22.92,22.14,22.14,1015,96,1015,1003,10000,0.43,187,1.09,100,2026-07-23 06:33:38,2026-07-23 05:17:12,2026-07-23 17:47:07,NG,Walmayo,2026-07-23 06:33:38.671145,6,2026-07-23,06:33:38,Thursday
panda,9.2624,7.8385,clouds,overcast clouds,stations,21.91,22.58,21.91,21.91,1016,93,1016,972,10000,0.46,191,1.78,100,2026-07-23 10:27:19,2026-07-23 05:17:41,2026-07-23 17:52:13,NG,Maitama,2026-07-23 10:27:19.662044,10,2026-07-23,10:27:19,Thursday
gurara,9.322,7.0232,clouds,overcast clouds,stations,23.38,24.1,23.38,23.38,1015,89,1015,974,10000,2.19,174,4.7,99,2026-07-23 10:27:19,2026-07-23 05:20:51,2026-07-23 17:55:35,NG,Suleja,2026-07-23 10:27:20.221318,10,2026-07-23,10:27:19,Thursday
bwari,9.2856,7.3787,clouds,overcast clouds,stations,22.03,22.69,22.03,22.03,1016,92,1016,953,10000,1.75,200,4.4,100,2026-07-23 10:27:20,2026-07-23 05:19:29,2026-07-23 17:54:06,NG,Maitama,2026-07-23 10:27:20.777245,10,2026-07-23,10:27:20,Thursday
gwagwalada,9.0764,6.9854,clouds,overcast clouds,stations,23.5,24.28,23.5,23.5,1015,91,1015,992,10000,0.88,177,2.7,100,2026-07-23 10:27:20,2026-07-23 05:21:22,2026-07-23 17:55:21,NG,Kwali,2026-07-23 10:27:21.329114,10,2026-07-23,10:27:20,Thursday
makurdi,7.7306,8.5361,clouds,overcast clouds,stations,24.16,25.03,24.16,24.16,1015,92,1015,1004,10000,2.11,202,3.79,100,2026-07-23 10:27:21,2026-07-23 05:17:12,2026-07-23 17:47:07,NG,Walmayo,2026-07-23 10:27:21.884728,10,2026-07-23,10:27:21,Thursday
panda,9.2624,7.8385,clouds,broken clouds,stations,27.63,29.63,27.63,27.63,1012,67,1012,969,10000,1.63,156,1.98,79,2026-07-23 14:12:47,2026-07-23 05:17:41,2026-07-23 17:52:13,NG,Maitama,2026-07-23 14:12:47.320864,14,2026-07-23,14:12:47,Thursday
gurara,9.322,7.0232,clouds,overcast clouds,stations,27.94,29.93,27.94,27.94,1012,65,1012,971,10000,1.69,166,2.59,93,2026-07-23 14:12:47,2026-07-23 05:20:51,2026-07-23 17:55:35,NG,Suleja,2026-07-23 14:12:47.454415,14,2026-07-23,14:12:47,Thursday
bwari,9.2856,7.3787,clouds,broken clouds,stations,26.52,26.52,26.52,26.52,1012,67,1012,950,10000,1.77,156,2.54,83,2026-07-23 14:12:47,2026-07-23 05:19:29,2026-07-23 17:54:06,NG,Maitama,2026-07-23 14:12:47.592200,14,2026-07-23,14:12:47,Thursday
gwagwalada,9.0764,6.9854,clouds,overcast clouds,stations,29.7,32.27,29.7,29.7,1011,60,1011,988,10000,1.7,141,2.81,99,2026-07-23 14:12:47,2026-07-23 05:21:22,2026-07-23 17:55:21,NG,Kwali,2026-07-23 14:12:47.715558,14,2026-07-23,14:12:47,Thursday
makurdi,7.7306,8.5361,clouds,overcast clouds,stations,28.05,31.32,28.05,28.05,1011,74,1011,1000,10000,2.38,213,2.61,100,2026-07-23 14:12:47,2026-07-23 05:17:12,2026-07-23 17:47:07,NG,Walmayo,2026-07-23 14:12:47.846186,14,2026-07-23,14:12:47,Thursday
panda,9.2624,7.8385,clouds,broken clouds,stations,26.6,26.6,26.6,26.6,1012,78,1012,969,10000,0.74,200,1.12,69,2026-07-23 17:27:04,2026-07-23 05:17:41,2026-07-23 17:52:13,NG,Maitama,2026-07-23 17:27:04.354288,17,2026-07-23,17:27:04,Thursday
gurara,9.322,7.0232,clouds,broken clouds,stations,27.27,29.82,27.27,27.27,1012,75,1012,971,10000,1.0,163,1.13,78,2026-07-23 17:27:04,2026-07-23 05:20:51,2026-07-23 17:55:35,NG,Suleja,2026-07-23 17:27:04.450286,17,2026-07-23,17:27:04,Thursday
bwari,9.2856,7.3787,clouds,broken clouds,stations,25.34,26.02,25.34,25.34,1012,80,1012,950,10000,1.27,140,1.88,66,2026-07-23 17:27:04,2026-07-23 05:19:29,2026-07-23 17:54:06,NG,Maitama,2026-07-23 17:27:04.550185,17,2026-07-23,17:27:04,Thursday
gwagwalada,9.0764,6.9854,clouds,overcast clouds,stations,28.18,31.45,28.18,28.18,1011,73,1011,988,10000,1.39,152,1.9,94,2026-07-23 17:27:04,2026-07-23 05:21:22,2026-07-23 17:55:21,NG,Kwali,2026-07-23 17:27:04.657431,17,2026-07-23,17:27:04,Thursday
makurdi,7.7306,8.5361,clouds,broken clouds,stations,26.97,29.86,26.97,26.97,1011,82,1011,1000,10000,1.92,243,3.25,76,2026-07-23 17:27:04,2026-07-23 05:17:12,2026-07-23 17:47:07,NG,Walmayo,2026-07-23 17:27:04.752797,17,2026-07-23,17:27:04,Thursday
panda,9.2624,7.8385,clouds,overcast clouds,stations,24.11,24.67,24.11,24.11,1014,80,1014,970,10000,0.8,284,0.86,100,2026-07-23 19:24:55,2026-07-23 05:17:41,2026-07-23 17:52:13,NG,Maitama,2026-07-23 19:24:55.764677,19,2026-07-23,19:24:55,Thursday
gurara,9.322,7.0232,clouds,broken clouds,stations,24.28,24.83,24.28,24.28,1013,79,1013,972,10000,0.69,113,0.81,63,2026-07-23 19:24:55,2026-07-23 05:20:51,2026-07-23 17:55:35,NG,Suleja,2026-07-23 19:24:55.821266,19,2026-07-23,19:24:55,Thursday
bwari,9.2856,7.3787,clouds,broken clouds,stations,22.72,23.21,22.72,22.72,1014,83,1014,951,10000,1.05,89,1.19,69,2026-07-23 19:24:55,2026-07-23 05:19:29,2026-07-23 17:54:06,NG,Maitama,2026-07-23 19:24:55.874047,19,2026-07-23,19:24:55,Thursday
gwagwalada,9.0764,6.9854,clouds,scattered clouds,stations,25.33,25.96,25.33,25.33,1013,78,1013,990,10000,0.7,155,0.85,44,2026-07-23 19:24:55,2026-07-23 05:21:22,2026-07-23 17:55:21,NG,Kwali,2026-07-23 19:24:55.919592,19,2026-07-23,19:24:55,Thursday
makurdi,7.7306,8.5361,clouds,overcast clouds,stations,24.92,25.74,24.92,24.92,1013,87,1013,1002,10000,1.58,247,1.87,89,2026-07-23 19:24:55,2026-07-23 05:17:12,2026-07-23 17:47:07,NG,Walmayo,2026-07-23 19:24:55.970960,19,2026-07-23,19:24:55,Thursday
panda,9.2624,7.8385,clouds,overcast clouds,stations,23.31,23.89,23.31,23.31,1015,84,1015,971,10000,1.22,173,1.26,97,2026-07-23 21:08:58,2026-07-23 05:17:41,2026-07-23 17:52:13,NG,Maitama,2026-07-23 21:08:59.055137,21,2026-07-23,21:08:58,Thursday
gurara,9.322,7.0232,clouds,overcast clouds,stations,23.42,23.96,23.42,23.42,1014,82,1014,973,10000,1.09,165,1.18,85,2026-07-23 21:08:59,2026-07-23 05:20:51,2026-07-23 17:55:35,NG,Suleja,2026-07-23 21:08:59.407672,21,2026-07-23,21:08:59,Thursday
bwari,9.2856,7.3787,clouds,broken clouds,stations,22.21,22.65,22.21,22.21,1015,83,1015,952,10000,1.31,155,1.37,84,2026-07-23 21:08:59,2026-07-23 05:19:29,2026-07-23 17:54:06,NG,Maitama,2026-07-23 21:08:59.970446,21,2026-07-23,21:08:59,Thursday
gwagwalada,9.0764,6.9854,clouds,broken clouds,stations,24.2,24.87,24.2,24.2,1014,84,1014,991,10000,1.45,182,1.72,80,2026-07-23 21:09:00,2026-07-23 05:21:22,2026-07-23 17:55:21,NG,Kwali,2026-07-23 21:09:00.546295,21,2026-07-23,21:09:00,Thursday
makurdi,7.7306,8.5361,clouds,overcast clouds,stations,24.2,25.08,24.2,24.2,1014,92,1014,1003,10000,2.18,218,6.85,92,2026-07-23 21:09:00,2026-07-23 05:17:12,2026-07-23 17:47:07,NG,Walmayo,2026-07-23 21:09:01.112385,21,2026-07-23,21:09:00,Thursday
panda,9.2624,7.8385,clouds,overcast clouds,stations,22.3,23.01,22.3,22.3,1015,93,1015,971,10000,0.98,176,1.04,92,2026-07-23 23:00:33,2026-07-24 05:17:52,2026-07-24 17:52:06,NG,Maitama,2026-07-23 23:00:33.599533,23,2026-07-23,23:00:33,Thursday
gurara,9.322,7.0232,clouds,broken clouds,stations,22.62,23.24,22.62,22.62,1015,88,1015,974,10000,1.59,177,1.91,81,2026-07-23 23:00:33,2026-07-24 05:21:03,2026-07-24 17:55:27,NG,Suleja,2026-07-23 23:00:34.137818,23,2026-07-23,23:00:33,Thursday
bwari,9.2856,7.3787,clouds,overcast clouds,stations,21.45,21.95,21.45,21.45,1015,88,1015,952,10000,1.43,169,1.5,89,2026-07-23 23:00:34,2026-07-24 05:19:41,2026-07-24 17:53:58,NG,Maitama,2026-07-23 23:00:34.816537,23,2026-07-23,23:00:34,Thursday
gwagwalada,9.0764,6.9854,clouds,overcast clouds,stations,23.51,24.24,23.51,23.51,1014,89,1014,991,10000,1.47,173,2.25,86,2026-07-23 23:00:34,2026-07-24 05:21:34,2026-07-24 17:55:14,NG,Kwali,2026-07-23 23:00:35.170190,23,2026-07-23,23:00:34,Thursday
makurdi,7.7306,8.5361,clouds,broken clouds,stations,23.78,24.64,23.78,23.78,1014,93,1014,1003,10000,2.5,212,7.73,83,2026-07-23 23:00:35,2026-07-24 05:17:22,2026-07-24 17:47:01,NG,Walmayo,2026-07-23 23:00:35.902783,23,2026-07-23,23:00:35,Thursday
panda,9.2624,7.8385,clouds,overcast clouds,stations,21.39,22.07,21.39,21.39,1015,95,1015,971,10000,0.34,352,0.48,100,2026-07-24 03:14:18,2026-07-24 05:17:52,2026-07-24 17:52:06,NG,Maitama,2026-07-24 03:14:19.490693,3,2026-07-24,03:14:18,Friday
gurara,9.322,7.0232,clouds,overcast clouds,stations,21.47,22.15,21.47,21.47,1014,95,1014,973,10000,1.17,145,1.75,100,2026-07-24 03:14:19,2026-07-24 05:21:03,2026-07-24 17:55:27,NG,Suleja,2026-07-24 03:14:20.112058,3,2026-07-24,03:14:19,Friday
bwari,9.2856,7.3787,clouds,overcast clouds,stations,20.4,21.03,20.4,20.4,1015,97,1015,951,10000,0.86,175,1.44,100,2026-07-24 03:14:20,2026-07-24 05:19:41,2026-07-24 17:53:58,NG,Maitama,2026-07-24 03:14:20.701655,3,2026-07-24,03:14:20,Friday
gwagwalada,9.0764,6.9854,clouds,overcast clouds,stations,22.89,23.66,22.89,22.89,1014,93,1014,991,10000,0.59,133,0.65,100,2026-07-24 03:14:20,2026-07-24 05:21:34,2026-07-24 17:55:14,NG,Kwali,2026-07-24 03:14:21.291133,3,2026-07-24,03:14:20,Friday
makurdi,7.7306,8.5361,rain,light rain,stations,23.14,24.04,23.14,23.14,1014,97,1014,1003,10000,1.66,203,5.3,100,2026-07-24 03:14:21,2026-07-24 05:17:22,2026-07-24 17:47:01,NG,Walmayo,2026-07-24 03:14:21.886375,3,2026-07-24,03:14:21,Friday
panda,9.2624,7.8385,clouds,overcast clouds,stations,21.94,22.7,21.94,21.94,1016,96,1016,972,10000,1.01,177,1.6,89,2026-07-24 06:29:28,2026-07-24 05:17:52,2026-07-24 17:52:06,NG,Maitama,2026-07-24 06:29:28.410974,6,2026-07-24,06:29:28,Friday
gurara,9.322,7.0232,clouds,overcast clouds,stations,22.04,22.81,22.04,22.04,1015,96,1015,974,10000,1.84,168,4.7,100,2026-07-24 06:29:28,2026-07-24 05:21:03,2026-07-24 17:55:27,NG,Suleja,2026-07-24 06:29:28.548946,6,2026-07-24,06:29:28,Friday
bwari,9.2856,7.3787,clouds,overcast clouds,stations,21.0,21.66,21.0,21.0,1015,96,1015,952,10000,1.86,174,4.7,100,2026-07-24 06:29:28,2026-07-24 05:19:41,2026-07-24 17:53:58,NG,Maitama,2026-07-24 06:29:28.681971,6,2026-07-24,06:29:28,Friday
gwagwalada,9.0764,6.9854,clouds,overcast clouds,stations,22.96,23.82,22.96,22.96,1015,96,1015,991,10000,1.45,168,3.1,95,2026-07-24 06:29:28,2026-07-24 05:21:34,2026-07-24 17:55:14,NG,Kwali,2026-07-24 06:29:28.816161,6,2026-07-24,06:29:28,Friday
makurdi,7.7306,8.5361,clouds,overcast clouds,stations,22.93,23.79,22.93,22.93,1015,96,1015,1004,10000,1.73,232,4.5,100,2026-07-24 06:29:28,2026-07-24 05:17:22,2026-07-24 17:47:01,NG,Walmayo,2026-07-24 06:29:28.946505,6,2026-07-24,06:29:28,Friday
panda,9.2624,7.8385,clouds,broken clouds,stations,28.2,31.06,28.2,28.2,1015,70,1015,972,10000,2.12,204,2.06,75,2026-07-24 10:23:20,2026-07-24 05:17:52,2026-07-24 17:52:06,NG,Maitama,2026-07-24 10:23:20.906034,10,2026-07-24,10:23:20,Friday
gurara,9.322,7.0232,rain,light rain,stations,27.01,29.39,27.01,27.01,1015,76,1015,975,10000,2.53,217,3.06,89,2026-07-24 10:23:20,2026-07-24 05:21:03,2026-07-24 17:55:27,NG,Suleja,2026-07-24 10:23:21.467371,10,2026-07-24,10:23:20,Friday
bwari,9.2856,7.3787,clouds,broken clouds,stations,25.71,26.37,25.71,25.71,1016,78,1016,953,10000,2.63,219,2.8,81,2026-07-24 10:23:21,2026-07-24 05:19:41,2026-07-24 17:53:58,NG,Maitama,2026-07-24 10:23:22.023443,10,2026-07-24,10:23:21,Friday
gwagwalada,9.0764,6.9854,clouds,overcast clouds,stations,27.9,30.87,27.9,27.9,1015,73,1015,992,10000,2.58,227,3.03,89,2026-07-24 10:23:22,2026-07-24 05:21:34,2026-07-24 17:55:14,NG,Kwali,2026-07-24 10:23:22.576402,10,2026-07-24,10:23:22,Friday
makurdi,7.7306,8.5361,clouds,overcast clouds,stations,27.61,30.76,27.61,27.61,1015,77,1015,1004,10000,2.31,253,3.23,96,2026-07-24 10:23:22,2026-07-24 05:17:22,2026-07-24 17:47:01,NG,Walmayo,2026-07-24 10:23:23.123675,10,2026-07-24,10:23:22,Friday
panda,9.2624,7.8385,rain,light rain,stations,27.5,30.76,27.5,27.5,1011,79,1011,968,10000,2.13,252,3.32,97,2026-07-24 13:53:52,2026-07-24 05:17:52,2026-07-24 17:52:06,NG,Maitama,2026-07-24 13:53:52.477045,13,2026-07-24,13:53:52,Friday
gurara,9.322,7.0232,clouds,broken clouds,stations,29.13,32.27,29.13,29.13,1011,66,1011,971,10000,2.51,228,2.18,80,2026-07-24 13:53:52,2026-07-24 05:21:03,2026-07-24 17:55:27,NG,Suleja,2026-07-24 13:53:52.568775,13,2026-07-24,13:53:52,Friday
bwari,9.2856,7.3787,rain,light rain,stations,27.07,29.33,27.07,27.07,1012,74,1012,950,10000,2.03,236,2.31,88,2026-07-24 13:53:52,2026-07-24 05:19:41,2026-07-24 17:53:58,NG,Maitama,2026-07-24 13:53:52.661400,13,2026-07-24,13:53:52,Friday
gwagwalada,9.0764,6.9854,clouds,broken clouds,stations,30.4,34.06,30.4,30.4,1011,62,1011,988,10000,2.16,231,2.11,69,2026-07-24 13:53:52,2026-07-24 05:21:34,2026-07-24 17:55:14,NG,Kwali,2026-07-24 13:53:52.756764,13,2026-07-24,13:53:52,Friday
makurdi,7.7306,8.5361,clouds,broken clouds,stations,30.89,35.37,30.89,30.89,1010,63,1010,999,10000,2.44,267,2.72,56,2026-07-24 13:53:52,2026-07-24 05:17:22,2026-07-24 17:47:01,NG,Walmayo,2026-07-24 13:53:52.848174,13,2026-07-24,13:53:52,Friday
panda,9.2624,7.8385,clouds,overcast clouds,stations,28.11,31.6,28.11,28.11,1011,75,1011,968,10000,2.29,253,3.02,89,2026-07-24 15:27:46,2026-07-24 05:17:52,2026-07-24 17:52:06,NG,Maitama,2026-07-24 15:27:47.026893,15,2026-07-24,15:27:46,Friday
gurara,9.322,7.0232,rain,light rain,stations,28.29,31.54,28.29,28.29,1011,72,1011,971,10000,2.13,238,2.72,85,2026-07-24 15:27:47,2026-07-24 05:21:03,2026-07-24 17:55:27,NG,Suleja,2026-07-24 15:27:47.077822,15,2026-07-24,15:27:47,Friday
bwari,9.2856,7.3787,rain,light rain,stations,27.36,29.79,27.36,27.36,1011,73,1011,949,10000,2.44,246,2.61,85,2026-07-24 15:27:47,2026-07-24 05:19:41,2026-07-24 17:53:58,NG,Maitama,2026-07-24 15:27:47.140050,15,2026-07-24,15:27:47,Friday
gwagwalada,9.0764,6.9854,clouds,broken clouds,stations,30.35,34.18,30.35,30.35,1010,63,1010,988,10000,1.6,239,2.05,75,2026-07-24 15:27:47,2026-07-24 05:21:34,2026-07-24 17:55:14,NG,Kwali,2026-07-24 15:27:47.192391,15,2026-07-24,15:27:47,Friday
makurdi,7.7306,8.5361,clouds,broken clouds,stations,30.71,35.22,30.71,30.71,1010,64,1010,999,10000,2.19,262,2.61,55,2026-07-24 15:27:47,2026-07-24 05:17:22,2026-07-24 17:47:01,NG,Walmayo,2026-07-24 15:27:47.242434,15,2026-07-24,15:27:47,Friday
panda,9.2624,7.8385,rain,light rain,stations,24.63,25.5,24.63,24.63,1012,90,1012,969,10000,1.67,251,1.67,64,2026-07-24 17:41:06,2026-07-24 05:17:52,2026-07-24 17:52:06,NG,Maitama,2026-07-24 17:41:06.420052,17,2026-07-24,17:41:06,Friday
gurara,9.322,7.0232,rain,moderate rain,stations,25.09,25.85,25.09,25.09,1012,84,1012,971,10000,0.48,293,0.77,75,2026-07-24 17:41:06,2026-07-24 05:21:03,2026-07-24 17:55:27,NG,Suleja,2026-07-24 17:41:06.473602,17,2026-07-24,17:41:06,Friday
bwari,9.2856,7.3787,rain,light rain,stations,23.38,24.12,23.38,23.38,1013,90,1013,950,10000,1.32,264,1.83,68,2026-07-24 17:41:06,2026-07-24 05:19:41,2026-07-24 17:53:58,NG,Maitama,2026-07-24 17:41:06.524710,17,2026-07-24,17:41:06,Friday
gwagwalada,9.0764,6.9854,rain,light rain,stations,26.7,28.94,26.7,26.7,1011,78,1011,988,10000,0.3,284,0.62,73,2026-07-24 17:41:06,2026-07-24 05:21:34,2026-07-24 17:55:14,NG,Kwali,2026-07-24 17:41:06.596268,17,2026-07-24,17:41:06,Friday
makurdi,7.7313,8.5384,clouds,broken clouds,stations,27.15,29.87,27.15,27.15,1011,78,1011,1000,10000,0.78,231,0.89,54,2026-07-24 17:35:55,2026-07-24 05:17:21,2026-07-24 17:47:01,NG,Walmayo,2026-07-24 17:41:06.637459,17,2026-07-24,17:35:55,Friday
panda,9.2624,7.8385,clouds,overcast clouds,stations,23.45,24.31,23.45,23.45,1014,94,1014,970,10000,1.84,274,2.52,94,2026-07-24 19:35:51,2026-07-24 05:17:52,2026-07-24 17:52:06,NG,Maitama,2026-07-24 19:35:51.515336,19,2026-07-24,19:35:51,Friday
gurara,9.322,7.0232,clouds,broken clouds,stations,24.22,24.94,24.22,24.22,1014,86,1014,973,10000,0.42,5,0.58,63,2026-07-24 19:35:51,2026-07-24 05:21:03,2026-07-24 17:55:27,NG,Suleja,2026-07-24 19:35:52.134699,19,2026-07-24,19:35:51,Friday
bwari,9.2856,7.3787,clouds,broken clouds,stations,22.66,23.36,22.66,22.66,1014,91,1014,952,10000,1.0,305,1.49,63,2026-07-24 19:35:52,2026-07-24 05:19:41,2026-07-24 17:53:58,NG,Maitama,2026-07-24 19:35:52.777335,19,2026-07-24,19:35:52,Friday
gwagwalada,9.0764,6.9854,clouds,broken clouds,stations,25.61,26.34,25.61,25.61,1013,81,1013,990,10000,0.66,300,0.85,61,2026-07-24 19:35:52,2026-07-24 05:21:34,2026-07-24 17:55:14,NG,Kwali,2026-07-24 19:35:53.435624,19,2026-07-24,19:35:52,Friday
makurdi,7.7306,8.5361,clouds,broken clouds,stations,25.79,26.62,25.79,25.79,1013,84,1013,1002,10000,2.17,208,3.2,76,2026-07-24 19:35:53,2026-07-24 05:17:22,2026-07-24 17:47:01,NG,Walmayo,2026-07-24 19:35:54.094582,19,2026-07-24,19:35:53,Friday
panda,9.2624,7.8385,rain,light rain,stations,23.24,24.07,23.24,23.24,1015,94,1015,971,10000,0.92,335,0.94,96,2026-07-24 21:08:04,2026-07-24 05:17:52,2026-07-24 17:52:06,NG,Maitama,2026-07-24 21:08:04.703307,21,2026-07-24,21:08:04,Friday
gurara,9.322,7.0232,clouds,broken clouds,stations,23.95,24.67,23.95,23.95,1014,87,1014,973,10000,0.87,268,0.98,59,2026-07-24 21:08:04,2026-07-24 05:21:03,2026-07-24 17:55:27,NG,Suleja,2026-07-24 21:08:05.364059,21,2026-07-24,21:08:04,Friday
bwari,9.2856,7.3787,clouds,broken clouds,stations,22.42,23.09,22.42,22.42,1015,91,1015,952,10000,0.87,284,0.95,75,2026-07-24 21:08:05,2026-07-24 05:19:41,2026-07-24 17:53:58,NG,Maitama,2026-07-24 21:08:06.013724,21,2026-07-24,21:08:05,Friday
gwagwalada,9.0764,6.9854,clouds,broken clouds,stations,25.18,25.92,25.18,25.18,1014,83,1014,990,10000,0.8,268,0.88,67,2026-07-24 21:08:06,2026-07-24 05:21:34,2026-07-24 17:55:14,NG,Kwali,2026-07-24 21:08:06.630400,21,2026-07-24,21:08:06,Friday
makurdi,7.7306,8.5361,rain,light rain,stations,25.27,26.12,25.27,25.27,1014,87,1014,1003,10000,1.66,202,2.32,84,2026-07-24 21:08:06,2026-07-24 05:17:22,2026-07-24 17:47:01,NG,Walmayo,2026-07-24 21:08:07.298681,21,2026-07-24,21:08:06,Friday
panda,9.2624,7.8385,rain,light rain,stations,23.03,23.84,23.03,23.03,1015,94,1015,971,10000,1.31,297,1.3,93,2026-07-24 23:04:26,2026-07-25 05:18:03,2026-07-25 17:51:58,NG,Maitama,2026-07-24 23:04:26.350293,23,2026-07-24,23:04:26,Friday
gurara,9.322,7.0232,rain,light rain,stations,23.31,24.05,23.31,23.31,1014,90,1014,973,10000,0.27,229,0.55,75,2026-07-24 23:04:26,2026-07-25 05:21:14,2026-07-25 17:55:19,NG,Suleja,2026-07-24 23:04:26.479874,23,2026-07-24,23:04:26,Friday
bwari,9.2856,7.3787,rain,light rain,stations,21.79,22.48,21.79,21.79,1015,94,1015,952,10000,0.37,3,0.8,85,2026-07-24 23:04:26,2026-07-25 05:19:52,2026-07-25 17:53:50,NG,Maitama,2026-07-24 23:04:26.614507,23,2026-07-24,23:04:26,Friday
gwagwalada,9.0764,6.9854,clouds,broken clouds,stations,24.52,25.27,24.52,24.52,1014,86,1014,991,10000,0.39,244,0.46,80,2026-07-24 23:04:26,2026-07-25 05:21:45,2026-07-25 17:55:06,NG,Kwali,2026-07-24 23:04:26.748613,23,2026-07-24,23:04:26,Friday
makurdi,7.7306,8.5361,clouds,overcast clouds,stations,24.79,25.67,24.79,24.79,1013,90,1013,1002,10000,2.21,226,4.9,90,2026-07-24 23:04:26,2026-07-25 05:17:32,2026-07-25 17:46:55,NG,Walmayo,2026-07-24 23:04:26.885409,23,2026-07-24,23:04:26,Friday
panda,9.2624,7.8385,clouds,overcast clouds,stations,22.38,23.13,22.38,22.38,1013,94,1013,969,10000,1.45,333,1.42,100,2026-07-25 03:12:30,2026-07-25 05:18:03,2026-07-25 17:51:58,NG,Maitama,2026-07-25 03:12:31.352202,3,2026-07-25,03:12:30,Saturday
gurara,9.322,7.0232,clouds,overcast clouds,stations,22.52,23.28,22.52,22.52,1013,94,1013,971,10000,0.51,322,0.8,100,2026-07-25 03:12:31,2026-07-25 05:21:14,2026-07-25 17:55:19,NG,Suleja,2026-07-25 03:12:32.014548,3,2026-07-25,03:12:31,Saturday
bwari,9.2856,7.3787,clouds,overcast clouds,stations,21.27,21.96,21.27,21.27,1013,96,1013,950,10000,1.04,321,1.14,100,2026-07-25 03:12:32,2026-07-25 05:19:52,2026-07-25 17:53:50,NG,Maitama,2026-07-25 03:12:32.645087,3,2026-07-25,03:12:32,Saturday
gwagwalada,9.0764,6.9854,rain,light rain,stations,23.39,24.21,23.39,23.39,1012,93,1012,989,10000,0.48,12,0.6,100,2026-07-25 03:12:32,2026-07-25 05:21:45,2026-07-25 17:55:06,NG,Kwali,2026-07-25 03:12:33.307101,3,2026-07-25,03:12:32,Saturday
makurdi,7.7306,8.5361,clouds,overcast clouds,stations,23.36,24.26,23.36,23.36,1012,96,1012,1001,10000,2.09,228,6.97,100,2026-07-25 03:12:33,2026-07-25 05:17:32,2026-07-25 17:46:55,NG,Walmayo,2026-07-25 03:12:33.943640,3,2026-07-25,03:12:33,Saturday
panda,9.2624,7.8385,clouds,overcast clouds,stations,23.07,23.89,23.07,23.07,1014,94,1014,971,10000,0.62,325,0.65,100,2026-07-25 06:21:07,2026-07-25 05:18:03,2026-07-25 17:51:58,NG,Maitama,2026-07-25 06:21:07.970099,6,2026-07-25,06:21:07,Saturday
gurara,9.322,7.0232,clouds,overcast clouds,stations,22.48,23.32,22.48,22.48,1014,97,1014,973,10000,1.12,238,2.43,98,2026-07-25 06:21:08,2026-07-25 05:21:14,2026-07-25 17:55:19,NG,Suleja,2026-07-25 06:21:08.022738,6,2026-07-25,06:21:08,Saturday
bwari,9.2856,7.3787,clouds,overcast clouds,stations,21.74,22.48,21.74,21.74,1015,96,1015,952,10000,1.11,266,1.74,99,2026-07-25 06:21:08,2026-07-25 05:19:52,2026-07-25 17:53:50,NG,Maitama,2026-07-25 06:21:08.078324,6,2026-07-25,06:21:08,Saturday
gwagwalada,9.0764,6.9854,clouds,overcast clouds,stations,23.22,24.13,23.22,23.22,1014,97,1014,991,10000,1.0,251,1.9,90,2026-07-25 06:21:08,2026-07-25 05:21:45,2026-07-25 17:55:06,NG,Kwali,2026-07-25 06:21:08.131608,6,2026-07-25,06:21:08,Saturday
makurdi,7.7306,8.5361,rain,moderate rain,stations,23.12,24.05,23.12,23.12,1014,98,1014,1003,10000,1.49,198,5.67,95,2026-07-25 06:21:08,2026-07-25 05:17:32,2026-07-25 17:46:55,NG,Walmayo,2026-07-25 06:21:08.184325,6,2026-07-25,06:21:08,Saturday
panda,9.2624,7.8385,clouds,overcast clouds,stations,27.88,31.09,27.88,27.88,1014,75,1014,971,10000,1.63,280,2.05,96,2026-07-25 09:53:19,2026-07-25 05:18:03,2026-07-25 17:51:58,NG,Maitama,2026-07-25 09:53:19.124679,9,2026-07-25,09:53:19,Saturday
gurara,9.322,7.0232,clouds,overcast clouds,stations,26.85,29.33,26.85,26.85,1014,79,1014,974,10000,2.15,267,2.7,94,2026-07-25 09:53:19,2026-07-25 05:21:14,2026-07-25 17:55:19,NG,Suleja,2026-07-25 09:53:19.260650,9,2026-07-25,09:53:19,Saturday
bwari,9.2856,7.3787,clouds,overcast clouds,stations,25.8,26.58,25.8,25.8,1015,82,1015,952,10000,2.31,277,2.67,98,2026-07-25 09:53:19,2026-07-25 05:19:52,2026-07-25 17:53:50,NG,Maitama,2026-07-25 09:53:19.399351,9,2026-07-25,09:53:19,Saturday
gwagwalada,9.0764,6.9854,rain,light rain,stations,27.72,31.27,27.72,27.72,1014,79,1014,991,10000,2.24,260,2.71,95,2026-07-25 09:53:19,2026-07-25 05:21:45,2026-07-25 17:55:06,NG,Kwali,2026-07-25 09:53:19.532749,9,2026-07-25,09:53:19,Saturday
makurdi,7.7306,8.5361,rain,light rain,stations,26.81,29.49,26.81,26.81,1014,82,1014,1003,10000,2.85,229,3.74,99,2026-07-25 09:53:19,2026-07-25 05:17:32,2026-07-25 17:46:55,NG,Walmayo,2026-07-25 09:53:19.709057,9,2026-07-25,09:53:19,Saturday
panda,9.2624,7.8385,rain,light rain,stations,28.47,31.92,28.47,28.47,1014,72,1014,971,10000,1.63,284,1.8,97,2026-07-25 11:14:53,2026-07-25 05:18:03,2026-07-25 17:51:58,NG,Maitama,2026-07-25 11:14:54.485229,11,2026-07-25,11:14:53,Saturday
gurara,9.322,7.0232,clouds,overcast clouds,stations,27.81,30.94,27.81,27.81,1014,75,1014,973,10000,1.96,254,2.05,95,2026-07-25 11:14:54,2026-07-25 05:21:14,2026-07-25 17:55:19,NG,Suleja,2026-07-25 11:14:55.047937,11,2026-07-25,11:14:54,Saturday
bwari,9.2856,7.3787,rain,light rain,stations,26.02,26.02,26.02,26.02,1014,80,1014,952,10000,1.95,269,2.01,99,2026-07-25 11:14:55,2026-07-25 05:19:52,2026-07-25 17:53:50,NG,Maitama,2026-07-25 11:14:55.609535,11,2026-07-25,11:14:55,Saturday
gwagwalada,9.0764,6.9854,rain,light rain,stations,28.82,32.88,28.82,28.82,1013,73,1013,990,10000,2.07,253,2.2,95,2026-07-25 11:14:55,2026-07-25 05:21:45,2026-07-25 17:55:06,NG,Kwali,2026-07-25 11:14:56.179467,11,2026-07-25,11:14:55,Saturday
makurdi,7.7306,8.5361,clouds,overcast clouds,stations,28.54,32.41,28.54,28.54,1013,74,1013,1002,10000,2.54,239,3.0,96,2026-07-25 11:14:56,2026-07-25 05:17:32,2026-07-25 17:46:55,NG,Walmayo,2026-07-25 11:14:56.527212,11,2026-07-25,11:14:56,Saturday
panda,9.2624,7.8385,clouds,overcast clouds,stations,29.16,32.89,29.16,29.16,1011,69,1011,968,10000,1.22,311,1.11,100,2026-07-25 13:44:38,2026-07-25 05:18:03,2026-07-25 17:51:58,NG,Maitama,2026-07-25 13:44:38.161302,13,2026-07-25,13:44:38,Saturday
gurara,9.322,7.0232,clouds,overcast clouds,stations,27.98,31.03,27.98,27.98,1010,73,1010,970,10000,1.33,252,2.06,100,2026-07-25 13:44:38,2026-07-25 05:21:14,2026-07-25 17:55:19,NG,Suleja,2026-07-25 13:44:38.289561,13,2026-07-25,13:44:38,Saturday
bwari,9.2856,7.3787,clouds,overcast clouds,stations,26.42,26.42,26.42,26.42,1011,78,1011,949,10000,1.63,274,1.61,100,2026-07-25 13:44:38,2026-07-25 05:19:52,2026-07-25 17:53:50,NG,Maitama,2026-07-25 13:44:38.426871,13,2026-07-25,13:44:38,Saturday
gwagwalada,9.0764,6.9854,clouds,overcast clouds,stations,29.57,33.8,29.57,29.57,1010,69,1010,987,10000,1.48,264,2.11,100,2026-07-25 13:44:38,2026-07-25 05:21:45,2026-07-25 17:55:06,NG,Kwali,2026-07-25 13:44:38.559622,13,2026-07-25,13:44:38,Saturday
makurdi,7.7306,8.5361,clouds,overcast clouds,stations,29.69,34.98,29.69,29.69,1010,73,1010,999,10000,1.97,252,2.76,100,2026-07-25 13:44:38,2026-07-25 05:17:32,2026-07-25 17:46:55,NG,Walmayo,2026-07-25 13:44:38.687242,13,2026-07-25,13:44:38,Saturday
panda,9.2624,7.8385,rain,light rain,stations,28.14,32.13,28.14,28.14,1010,78,1010,967,10000,1.74,297,2.59,100,2026-07-25 15:07:11,2026-07-25 05:18:03,2026-07-25 17:51:58,NG,Maitama,2026-07-25 15:07:11.740553,15,2026-07-25,15:07:11,Saturday
gurara,9.322,7.0232,clouds,overcast clouds,stations,27.86,31.19,27.86,27.86,1010,76,1010,970,10000,0.2,354,1.1,100,2026-07-25 15:07:11,2026-07-25 05:21:14,2026-07-25 17:55:19,NG,Suleja,2026-07-25 15:07:11.873067,15,2026-07-25,15:07:11,Saturday
bwari,9.2856,7.3787,clouds,overcast clouds,stations,26.25,26.25,26.25,26.25,1011,80,1011,949,10000,1.39,296,1.76,100,2026-07-25 15:07:11,2026-07-25 05:19:52,2026-07-25 17:53:50,NG,Maitama,2026-07-25 15:07:11.995833,15,2026-07-25,15:07:11,Saturday
gwagwalada,9.0764,6.9854,rain,light rain,stations,29.25,33.69,29.25,29.25,1010,72,1010,987,10000,0.76,349,1.27,100,2026-07-25 15:07:12,2026-07-25 05:21:45,2026-07-25 17:55:06,NG,Kwali,2026-07-25 15:07:12.124543,15,2026-07-25,15:07:12,Saturday
makurdi,7.7306,8.5361,rain,light rain,stations,29.99,35.01,29.99,29.99,1009,70,1009,998,10000,1.49,245,2.05,100,2026-07-25 15:07:12,2026-07-25 05:17:32,2026-07-25 17:46:55,NG,Walmayo,2026-07-25 15:07:12.245186,15,2026-07-25,15:07:12,Saturday
panda,9.2624,7.8385,rain,light rain,stations,26.77,29.82,26.77,26.77,1010,87,1010,967,10000,1.36,287,2.11,98,2026-07-25 17:04:03,2026-07-25 05:18:03,2026-07-25 17:51:58,NG,Maitama,2026-07-25 17:04:03.183947,17,2026-07-25,17:04:03,Saturday
gurara,9.322,7.0232,clouds,overcast clouds,stations,26.89,29.86,26.89,26.89,1010,84,1010,970,10000,0.85,244,1.02,100,2026-07-25 17:04:03,2026-07-25 05:21:14,2026-07-25 17:55:19,NG,Suleja,2026-07-25 17:04:03.278662,17,2026-07-25,17:04:03,Saturday
bwari,9.2856,7.3787,rain,light rain,stations,25.58,26.47,25.58,25.58,1011,87,1011,949,10000,1.13,288,1.98,100,2026-07-25 17:04:03,2026-07-25 05:19:52,2026-07-25 17:53:50,NG,Maitama,2026-07-25 17:04:03.375500,17,2026-07-25,17:04:03,Saturday
gwagwalada,9.0764,6.9854,rain,light rain,stations,27.67,31.7,27.67,27.67,1010,83,1010,987,10000,0.9,277,0.94,100,2026-07-25 17:04:03,2026-07-25 05:21:45,2026-07-25 17:55:06,NG,Kwali,2026-07-25 17:04:03.473749,17,2026-07-25,17:04:03,Saturday
makurdi,7.7306,8.5361,rain,light rain,stations,27.66,31.95,27.66,27.66,1010,85,1010,999,10000,2.19,191,3.87,100,2026-07-25 17:04:03,2026-07-25 05:17:32,2026-07-25 17:46:55,NG,Walmayo,2026-07-25 17:04:03.563739,17,2026-07-25,17:04:03,Saturday
panda,9.2624,7.8385,rain,light rain,stations,24.18,25.06,24.18,24.18,1012,92,1012,969,10000,0.74,317,0.73,72,2026-07-25 19:14:24,2026-07-25 05:18:03,2026-07-25 17:51:58,NG,Maitama,2026-07-25 19:14:24.919724,19,2026-07-25,19:14:24,Saturday
gurara,9.322,7.0232,clouds,overcast clouds,stations,24.75,25.53,24.75,24.75,1012,86,1012,971,10000,0.51,212,0.6,100,2026-07-25 19:14:25,2026-07-25 05:21:14,2026-07-25 17:55:19,NG,Suleja,2026-07-25 19:14:25.563564,19,2026-07-25,19:14:25,Saturday
bwari,9.2856,7.3787,clouds,overcast clouds,stations,23.2,23.98,23.2,23.2,1013,92,1013,950,10000,0.18,226,0.46,100,2026-07-25 19:14:25,2026-07-25 05:19:52,2026-07-25 17:53:50,NG,Maitama,2026-07-25 19:14:26.226897,19,2026-07-25,19:14:25,Saturday
gwagwalada,9.0764,6.9854,clouds,overcast clouds,stations,25.88,26.74,25.88,25.88,1011,85,1011,988,10000,0.56,265,0.64,99,2026-07-25 19:14:26,2026-07-25 05:21:45,2026-07-25 17:55:06,NG,Kwali,2026-07-25 19:14:26.878693,19,2026-07-25,19:14:26,Saturday
makurdi,7.7306,8.5361,clouds,broken clouds,stations,25.48,26.41,25.48,25.48,1011,89,1011,1000,10000,2.28,190,4.6,66,2026-07-25 19:14:27,2026-07-25 05:17:32,2026-07-25 17:46:55,NG,Walmayo,2026-07-25 19:14:27.529567,19,2026-07-25,19:14:27,Saturday
panda,9.2624,7.8385,clouds,overcast clouds,stations,23.72,24.6,23.72,23.72,1014,94,1014,970,10000,1.9,336,2.96,91,2026-07-25 20:57:26,2026-07-25 05:18:03,2026-07-25 17:51:58,NG,Maitama,2026-07-25 20:57:27.278493,20,2026-07-25,20:57:26,Saturday
gurara,9.322,7.0232,rain,moderate rain,stations,23.16,23.99,23.16,23.16,1013,94,1013,972,3645,2.42,59,3.36,100,2026-07-25 20:57:27,2026-07-25 05:21:14,2026-07-25 17:55:19,NG,Suleja,2026-07-25 20:57:27.837550,20,2026-07-25,20:57:27,Saturday
bwari,9.2856,7.3787,rain,moderate rain,stations,22.31,23.05,22.31,22.31,1014,94,1014,951,10000,2.2,21,4.4,100,2026-07-25 20:57:27,2026-07-25 05:19:52,2026-07-25 17:53:50,NG,Maitama,2026-07-25 20:57:28.397887,20,2026-07-25,20:57:27,Saturday
gwagwalada,9.0764,6.9854,rain,moderate rain,stations,24.33,25.25,24.33,24.33,1013,93,1013,989,10000,1.46,84,1.51,100,2026-07-25 20:57:28,2026-07-25 05:21:45,2026-07-25 17:55:06,NG,Kwali,2026-07-25 20:57:28.949091,20,2026-07-25,20:57:28,Saturday
makurdi,7.7306,8.5361,clouds,broken clouds,stations,24.99,25.89,24.99,24.99,1013,90,1013,1001,10000,1.98,195,3.53,55,2026-07-25 20:57:28,2026-07-25 05:17:32,2026-07-25 17:46:55,NG,Walmayo,2026-07-25 20:57:29.503977,20,2026-07-25,20:57:28,Saturday
panda,9.2624,7.8385,rain,light rain,stations,22.39,23.22,22.39,22.39,1014,97,1014,970,10000,1.4,17,1.6,94,2026-07-25 22:58:25,2026-07-25 05:18:03,2026-07-25 17:51:58,NG,Maitama,2026-07-25 22:58:25.133932,22,2026-07-25,22:58:25,Saturday
gurara,9.322,7.0232,clouds,overcast clouds,stations,22.68,23.51,22.68,22.68,1014,96,1014,972,10000,1.53,46,2.57,100,2026-07-25 22:58:25,2026-07-25 05:21:14,2026-07-25 17:55:19,NG,Suleja,2026-07-25 22:58:25.263558,22,2026-07-25,22:58:25,Saturday
bwari,9.2856,7.3787,rain,light rain,stations,21.51,22.25,21.51,21.51,1014,97,1014,951,10000,1.54,37,3.14,100,2026-07-25 22:58:25,2026-07-25 05:19:52,2026-07-25 17:53:50,NG,Maitama,2026-07-25 22:58:25.387430,22,2026-07-25,22:58:25,Saturday
gwagwalada,9.0764,6.9854,rain,light rain,stations,23.88,24.8,23.88,23.88,1013,95,1013,990,10000,1.57,35,2.16,100,2026-07-25 22:58:25,2026-07-25 05:21:45,2026-07-25 17:55:06,NG,Kwali,2026-07-25 22:58:25.514015,22,2026-07-25,22:58:25,Saturday
makurdi,7.7306,8.5361,clouds,broken clouds,stations,24.37,25.26,24.37,24.37,1013,92,1013,1002,10000,1.87,219,3.3,53,2026-07-25 22:58:25,2026-07-25 05:17:32,2026-07-25 17:46:55,NG,Walmayo,2026-07-25 22:58:25.680788,22,2026-07-25,22:58:25,Saturday
panda,9.2624,7.8385,clouds,overcast clouds,stations,21.86,22.53,21.86,21.86,1012,93,1012,968,10000,0.28,153,0.5,85,2026-07-26 03:25:42,2026-07-26 05:18:14,2026-07-26 17:51:49,NG,Maitama,2026-07-26 03:25:42.286846,3,2026-07-26,03:25:42,Sunday
gurara,9.322,7.0232,clouds,overcast clouds,stations,21.88,22.55,21.88,21.88,1012,93,1012,970,10000,1.35,117,1.37,100,2026-07-26 03:25:42,2026-07-26 05:21:25,2026-07-26 17:55:10,NG,Suleja,2026-07-26 03:25:42.380434,3,2026-07-26,03:25:42,Sunday
bwari,9.2856,7.3787,clouds,overcast clouds,stations,21.01,21.57,21.01,21.01,1012,92,1012,949,10000,1.0,137,1.1,100,2026-07-26 03:25:42,2026-07-26 05:20:03,2026-07-26 17:53:41,NG,Maitama,2026-07-26 03:25:42.472602,3,2026-07-26,03:25:42,Sunday
gwagwalada,9.0764,6.9854,clouds,overcast clouds,stations,23.23,24.04,23.23,23.23,1011,93,1011,988,10000,0.85,136,0.89,100,2026-07-26 03:25:42,2026-07-26 05:21:55,2026-07-26 17:54:57,NG,Kwali,2026-07-26 03:25:42.565103,3,2026-07-26,03:25:42,Sunday
makurdi,7.7306,8.5361,clouds,broken clouds,stations,23.88,24.78,23.88,23.88,1012,94,1012,1000,10000,3.02,200,9.26,51,2026-07-26 03:25:42,2026-07-26 05:17:41,2026-07-26 17:46:47,NG,Walmayo,2026-07-26 03:25:42.651603,3,2026-07-26,03:25:42,Sunday
panda,9.2624,7.8385,clouds,overcast clouds,stations,23.48,24.29,23.48,23.48,1014,92,1014,970,10000,0.85,174,1.59,89,2026-07-26 06:40:24,2026-07-26 05:18:14,2026-07-26 17:51:49,NG,Maitama,2026-07-26 06:40:24.708135,6,2026-07-26,06:40:24,Sunday
gurara,9.322,7.0232,clouds,scattered clouds,stations,23.9,24.7,23.9,23.9,1014,90,1014,973,10000,1.14,188,2.44,26,2026-07-26 06:40:24,2026-07-26 05:21:25,2026-07-26 17:55:10,NG,Suleja,2026-07-26 06:40:25.271762,6,2026-07-26,06:40:24,Sunday
bwari,9.2856,7.3787,clouds,scattered clouds,stations,23.22,24.0,23.22,23.22,1014,92,1014,952,10000,1.52,201,3.17,48,2026-07-26 06:40:25,2026-07-26 05:20:03,2026-07-26 17:53:41,NG,Maitama,2026-07-26 06:40:25.833658,6,2026-07-26,06:40:25,Sunday
gwagwalada,9.0764,6.9854,clouds,scattered clouds,stations,25.06,25.97,25.06,25.06,1014,90,1014,990,10000,1.21,187,2.6,32,2026-07-26 06:40:25,2026-07-26 05:21:55,2026-07-26 17:54:57,NG,Kwali,2026-07-26 06:40:26.004517,6,2026-07-26,06:40:25,Sunday
makurdi,7.7306,8.5361,clouds,broken clouds,stations,25.02,25.95,25.02,25.02,1014,91,1014,1002,10000,4.06,203,8.43,76,2026-07-26 06:40:26,2026-07-26 05:17:41,2026-07-26 17:46:47,NG,Walmayo,2026-07-26 06:40:26.565740,6,2026-07-26,06:40:26,Sunday
panda,9.2624,7.8385,clouds,overcast clouds,stations,27.19,30.38,27.19,27.19,1014,82,1014,971,10000,2.23,185,3.4,91,2026-07-26 10:04:08,2026-07-26 05:18:14,2026-07-26 17:51:49,NG,Maitama,2026-07-26 10:04:08.750729,10,2026-07-26,10:04:08,Sunday
gurara,9.322,7.0232,clouds,broken clouds,stations,25.53,26.44,25.53,25.53,1014,88,1014,973,10000,2.72,195,4.82,59,2026-07-26 10:04:08,2026-07-26 05:21:25,2026-07-26 17:55:10,NG,Suleja,2026-07-26 10:04:08.844696,10,2026-07-26,10:04:08,Sunday
bwari,9.2856,7.3787,clouds,broken clouds,stations,26.21,26.21,26.21,26.21,1014,81,1014,952,10000,2.92,202,3.96,72,2026-07-26 10:04:08,2026-07-26 05:20:03,2026-07-26 17:53:41,NG,Maitama,2026-07-26 10:04:08.941391,10,2026-07-26,10:04:08,Sunday
gwagwalada,9.0764,6.9854,clouds,broken clouds,stations,27.16,30.31,27.16,27.16,1014,82,1014,990,10000,2.62,200,4.13,63,2026-07-26 10:04:09,2026-07-26 05:21:55,2026-07-26 17:54:57,NG,Kwali,2026-07-26 10:04:09.038562,10,2026-07-26,10:04:09,Sunday
makurdi,7.7306,8.5361,clouds,overcast clouds,stations,28.13,32.11,28.13,28.13,1014,78,1014,1002,10000,3.77,215,5.61,88,2026-07-26 10:04:09,2026-07-26 05:17:41,2026-07-26 17:46:47,NG,Walmayo,2026-07-26 10:04:09.128085,10,2026-07-26,10:04:09,Sunday
panda,9.2624,7.8385,rain,moderate rain,stations,28.61,33.68,28.61,28.61,1011,80,1011,968,10000,1.92,187,2.46,84,2026-07-26 13:39:02,2026-07-26 05:18:14,2026-07-26 17:51:49,NG,Maitama,2026-07-26 13:39:03.036356,13,2026-07-26,13:39:02,Sunday
gurara,9.322,7.0232,rain,moderate rain,stations,28.66,33.24,28.66,28.66,1010,77,1010,970,10000,2.45,205,2.46,69,2026-07-26 13:39:03,2026-07-26 05:21:25,2026-07-26 17:55:10,NG,Suleja,2026-07-26 13:39:03.593613,13,2026-07-26,13:39:03,Sunday
bwari,9.2856,7.3787,rain,moderate rain,stations,27.52,30.81,27.52,27.52,1011,79,1011,949,10000,1.95,215,1.97,73,2026-07-26 13:39:03,2026-07-26 05:20:03,2026-07-26 17:53:41,NG,Maitama,2026-07-26 13:39:04.147407,13,2026-07-26,13:39:03,Sunday
gwagwalada,9.0764,6.9854,rain,light rain,stations,29.89,35.5,29.89,29.89,1010,73,1010,987,10000,2.43,204,2.78,58,2026-07-26 13:39:04,2026-07-26 05:21:55,2026-07-26 17:54:57,NG,Kwali,2026-07-26 13:39:04.706551,13,2026-07-26,13:39:04,Sunday
makurdi,7.7306,8.5361,rain,light rain,stations,30.44,35.61,30.44,30.44,1009,68,1009,999,10000,3.2,230,3.93,91,2026-07-26 13:39:04,2026-07-26 05:17:41,2026-07-26 17:46:47,NG,Walmayo,2026-07-26 13:39:05.264221,13,2026-07-26,13:39:04,Sunday
panda,9.2624,7.8385,rain,light rain,stations,29.2,33.77,29.2,29.2,1010,73,1010,967,10000,1.74,198,1.67,83,2026-07-26 15:09:02,2026-07-26 05:18:14,2026-07-26 17:51:49,NG,Maitama,2026-07-26 15:09:02.217227,15,2026-07-26,15:09:02,Sunday
gurara,9.322,7.0232,rain,moderate rain,stations,28.45,32.89,28.45,28.45,1010,78,1010,970,10000,1.99,200,2.09,60,2026-07-26 15:09:02,2026-07-26 05:21:25,2026-07-26 17:55:10,NG,Suleja,2026-07-26 15:09:02.269680,15,2026-07-26,15:09:02,Sunday
bwari,9.2856,7.3787,rain,moderate rain,stations,27.41,30.56,27.41,27.41,1010,79,1010,949,10000,1.81,218,1.77,64,2026-07-26 15:09:02,2026-07-26 05:20:03,2026-07-26 17:53:41,NG,Maitama,2026-07-26 15:09:02.321048,15,2026-07-26,15:09:02,Sunday
gwagwalada,9.0764,6.9854,rain,light rain,stations,30.1,35.53,30.1,30.1,1010,71,1010,987,10000,1.46,205,1.99,53,2026-07-26 15:09:02,2026-07-26 05:21:55,2026-07-26 17:54:57,NG,Kwali,2026-07-26 15:09:02.373664,15,2026-07-26,15:09:02,Sunday
makurdi,7.7306,8.5361,rain,light rain,stations,29.56,35.12,29.56,29.56,1009,75,1009,998,10000,2.6,224,3.88,92,2026-07-26 15:09:02,2026-07-26 05:17:41,2026-07-26 17:46:47,NG,Walmayo,2026-07-26 15:09:02.419454,15,2026-07-26,15:09:02,Sunday
panda,9.2624,7.8385,rain,moderate rain,stations,26.77,30.0,26.77,26.77,1010,89,1010,967,10000,0.71,209,1.11,81,2026-07-26 17:06:59,2026-07-26 05:18:14,2026-07-26 17:51:49,NG,Maitama,2026-07-26 17:07:00.245171,17,2026-07-26,17:06:59,Sunday
gurara,9.322,7.0232,rain,light rain,stations,27.07,30.83,27.07,27.07,1010,89,1010,970,9012,0.93,220,1.61,70,2026-07-26 17:07:00,2026-07-26 05:21:25,2026-07-26 17:55:10,NG,Suleja,2026-07-26 17:07:00.804162,17,2026-07-26,17:07:00,Sunday
bwari,9.2856,7.3787,rain,moderate rain,stations,25.43,26.4,25.43,25.43,1011,91,1011,949,10000,1.34,247,2.31,64,2026-07-26 17:07:00,2026-07-26 05:20:03,2026-07-26 17:53:41,NG,Maitama,2026-07-26 17:07:01.359953,17,2026-07-26,17:07:00,Sunday
gwagwalada,9.0764,6.9854,rain,moderate rain,stations,28.5,33.95,28.5,28.5,1010,83,1010,987,10000,0.68,254,0.91,57,2026-07-26 17:07:01,2026-07-26 05:21:55,2026-07-26 17:54:57,NG,Kwali,2026-07-26 17:07:01.919947,17,2026-07-26,17:07:01,Sunday
makurdi,7.7306,8.5361,rain,light rain,stations,28.16,33.01,28.16,28.16,1009,83,1009,998,10000,2.31,208,4.91,83,2026-07-26 17:07:01,2026-07-26 05:17:41,2026-07-26 17:46:47,NG,Walmayo,2026-07-26 17:07:02.494009,17,2026-07-26,17:07:01,Sunday
panda,9.2624,7.8385,rain,light rain,stations,24.39,25.29,24.39,24.39,1012,92,1012,968,10000,0.89,235,0.87,94,2026-07-26 19:17:56,2026-07-26 05:18:14,2026-07-26 17:51:49,NG,Maitama,2026-07-26 19:17:56.758214,19,2026-07-26,19:17:56,Sunday
gurara,9.322,7.0232,rain,moderate rain,stations,24.71,25.59,24.71,24.71,1011,90,1011,971,10000,0.88,255,0.99,99,2026-07-26 19:17:56,2026-07-26 05:21:25,2026-07-26 17:55:10,NG,Suleja,2026-07-26 19:17:57.418017,19,2026-07-26,19:17:56,Sunday
bwari,9.2856,7.3787,rain,moderate rain,stations,23.55,24.34,23.55,23.55,1012,91,1012,950,10000,0.83,222,0.88,100,2026-07-26 19:17:57,2026-07-26 05:20:03,2026-07-26 17:53:41,NG,Maitama,2026-07-26 19:17:58.084006,19,2026-07-26,19:17:57,Sunday
gwagwalada,9.0764,6.9854,rain,moderate rain,stations,25.79,26.7,25.79,25.79,1011,87,1011,988,10000,0.98,240,1.11,67,2026-07-26 19:17:58,2026-07-26 05:21:55,2026-07-26 17:54:57,NG,Kwali,2026-07-26 19:17:58.726599,19,2026-07-26,19:17:58,Sunday
makurdi,7.7306,8.5361,clouds,broken clouds,stations,25.81,26.82,25.81,25.81,1011,91,1011,1000,10000,2.22,226,3.83,84,2026-07-26 19:17:58,2026-07-26 05:17:41,2026-07-26 17:46:47,NG,Walmayo,2026-07-26 19:17:59.359331,19,2026-07-26,19:17:58,Sunday
panda,9.2624,7.8385,rain,light rain,stations,23.67,24.55,23.67,23.67,1013,94,1013,969,10000,0.56,280,0.8,86,2026-07-26 21:02:19,2026-07-26 05:18:14,2026-07-26 17:51:49,NG,Maitama,2026-07-26 21:02:19.717681,21,2026-07-26,21:02:19,Sunday
gurara,9.322,7.0232,rain,moderate rain,stations,23.95,24.8,23.95,23.95,1012,92,1012,972,10000,0.84,333,1.11,90,2026-07-26 21:02:19,2026-07-26 05:21:25,2026-07-26 17:55:10,NG,Suleja,2026-07-26 21:02:20.107814,21,2026-07-26,21:02:19,Sunday
bwari,9.2856,7.3787,rain,light rain,stations,22.94,23.69,22.94,22.94,1013,92,1013,950,10000,0.72,231,1.09,83,2026-07-26 21:02:20,2026-07-26 05:20:03,2026-07-26 17:53:41,NG,Maitama,2026-07-26 21:02:20.795646,21,2026-07-26,21:02:20,Sunday
gwagwalada,9.0764,6.9854,rain,moderate rain,stations,24.76,25.67,24.76,24.76,1012,91,1012,989,10000,0.48,10,0.62,87,2026-07-26 21:02:20,2026-07-26 05:21:55,2026-07-26 17:54:57,NG,Kwali,2026-07-26 21:02:21.318168,21,2026-07-26,21:02:20,Sunday
makurdi,7.7306,8.5361,clouds,overcast clouds,stations,25.01,26.02,25.01,25.01,1012,94,1012,1001,10000,2.43,201,7.61,95,2026-07-26 21:02:21,2026-07-26 05:17:41,2026-07-26 17:46:47,NG,Walmayo,2026-07-26 21:02:21.921058,21,2026-07-26,21:02:21,Sunday
panda,9.2624,7.8385,rain,light rain,stations,23.29,24.13,23.29,23.29,1013,94,1013,970,10000,1.22,341,1.29,92,2026-07-26 23:01:42,2026-07-27 05:18:25,2026-07-27 17:51:39,NG,Maitama,2026-07-26 23:01:42.921087,23,2026-07-26,23:01:42,Sunday
gurara,9.322,7.0232,rain,light rain,stations,23.31,24.15,23.31,23.31,1013,94,1013,972,10000,1.17,16,1.13,92,2026-07-26 23:01:42,2026-07-27 05:21:35,2026-07-27 17:55:00,NG,Suleja,2026-07-26 23:01:42.976187,23,2026-07-26,23:01:42,Sunday
bwari,9.2856,7.3787,rain,light rain,stations,22.4,23.15,22.4,22.4,1014,94,1014,951,10000,1.09,331,1.22,88,2026-07-26 23:01:43,2026-07-27 05:20:13,2026-07-27 17:53:31,NG,Maitama,2026-07-26 23:01:43.033743,23,2026-07-26,23:01:43,Sunday
gwagwalada,9.0764,6.9854,rain,moderate rain,stations,23.91,24.84,23.91,23.91,1013,95,1013,989,10000,0.61,52,0.86,92,2026-07-26 23:01:43,2026-07-27 05:22:06,2026-07-27 17:54:48,NG,Kwali,2026-07-26 23:01:43.094067,23,2026-07-26,23:01:43,Sunday
makurdi,7.7306,8.5361,rain,light rain,stations,24.29,25.23,24.29,24.29,1012,94,1012,1001,10000,2.92,205,9.85,97,2026-07-26 23:01:43,2026-07-27 05:17:50,2026-07-27 17:46:39,NG,Walmayo,2026-07-26 23:01:43.149703,23,2026-07-26,23:01:43,Sunday
panda,9.2624,7.8385,clouds,overcast clouds,stations,22.14,22.94,22.14,22.14,1012,97,1012,968,10000,1.07,221,1.92,87,2026-07-27 03:34:55,2026-07-27 05:18:25,2026-07-27 17:51:39,NG,Maitama,2026-07-27 03:34:55.812764,3,2026-07-27,03:34:55,Monday
gurara,9.322,7.0232,clouds,overcast clouds,stations,21.9,22.68,21.9,21.9,1012,97,1012,971,10000,1.59,218,2.56,94,2026-07-27 03:34:55,2026-07-27 05:21:35,2026-07-27 17:55:00,NG,Suleja,2026-07-27 03:34:55.915715,3,2026-07-27,03:34:55,Monday
bwari,9.2856,7.3787,clouds,overcast clouds,stations,21.03,21.75,21.03,21.03,1012,98,1012,949,10000,1.79,210,3.99,87,2026-07-27 03:34:55,2026-07-27 05:20:13,2026-07-27 17:53:31,NG,Maitama,2026-07-27 03:34:56.007119,3,2026-07-27,03:34:55,Monday
gwagwalada,9.0764,6.9854,clouds,overcast clouds,stations,23.0,23.91,23.0,23.0,1012,98,1012,988,10000,1.21,220,1.7,100,2026-07-27 03:34:56,2026-07-27 05:22:06,2026-07-27 17:54:48,NG,Kwali,2026-07-27 03:34:56.102192,3,2026-07-27,03:34:56,Monday
makurdi,7.7306,8.5361,rain,light rain,stations,23.26,24.2,23.26,23.26,1012,98,1012,1001,10000,1.91,230,7.08,100,2026-07-27 03:34:56,2026-07-27 05:17:50,2026-07-27 17:46:39,NG,Walmayo,2026-07-27 03:34:56.191369,3,2026-07-27,03:34:56,Monday
panda,9.2624,7.8385,clouds,overcast clouds,stations,23.91,24.84,23.91,23.91,1015,95,1015,971,10000,1.34,204,2.72,95,2026-07-27 07:37:11,2026-07-27 05:18:25,2026-07-27 17:51:39,NG,Maitama,2026-07-27 07:37:11.676319,7,2026-07-27,07:37:11,Monday
gurara,9.322,7.0232,rain,light rain,stations,23.28,24.2,23.28,23.28,1014,97,1014,973,10000,1.82,200,4.32,100,2026-07-27 07:37:11,2026-07-27 05:21:35,2026-07-27 17:55:00,NG,Suleja,2026-07-27 07:37:12.234527,7,2026-07-27,07:37:11,Monday
bwari,9.2856,7.3787,rain,light rain,stations,22.67,23.53,22.67,22.67,1015,97,1015,952,3201,1.76,204,4.26,97,2026-07-27 07:37:12,2026-07-27 05:20:13,2026-07-27 17:53:31,NG,Maitama,2026-07-27 07:37:12.786198,7,2026-07-27,07:37:12,Monday
gwagwalada,9.0764,6.9854,rain,light rain,stations,24.36,25.33,24.36,24.36,1014,95,1014,991,10000,2.35,216,4.53,100,2026-07-27 07:37:12,2026-07-27 05:22:06,2026-07-27 17:54:48,NG,Kwali,2026-07-27 07:37:13.343675,7,2026-07-27,07:37:12,Monday
makurdi,7.7306,8.5361,clouds,overcast clouds,stations,25.61,26.52,25.61,25.61,1014,88,1014,1003,10000,3.59,223,6.22,99,2026-07-27 07:37:13,2026-07-27 05:17:50,2026-07-27 17:46:39,NG,Walmayo,2026-07-27 07:37:13.868485,7,2026-07-27,07:37:13,Monday
panda,9.2624,7.8385,rain,light rain,stations,27.68,31.05,27.68,27.68,1013,78,1013,970,10000,2.5,237,2.93,95,2026-07-27 11:29:30,2026-07-27 05:18:25,2026-07-27 17:51:39,NG,Maitama,2026-07-27 11:29:30.666877,11,2026-07-27,11:29:30,Monday
gurara,9.322,7.0232,rain,light rain,stations,24.61,25.5,24.61,24.61,1013,91,1013,972,10000,1.3,206,2.79,100,2026-07-27 11:29:30,2026-07-27 05:21:35,2026-07-27 17:55:00,NG,Suleja,2026-07-27 11:29:31.285507,11,2026-07-27,11:29:30,Monday
bwari,9.2856,7.3787,clouds,overcast clouds,stations,23.87,24.69,23.87,23.87,1013,91,1013,951,10000,2.22,226,3.4,99,2026-07-27 11:29:31,2026-07-27 05:20:13,2026-07-27 17:53:31,NG,Maitama,2026-07-27 11:29:31.907048,11,2026-07-27,11:29:31,Monday
gwagwalada,9.0764,6.9854,rain,light rain,stations,25.81,26.77,25.81,25.81,1013,89,1013,989,10000,1.07,163,2.5,99,2026-07-27 11:29:32,2026-07-27 05:22:06,2026-07-27 17:54:48,NG,Kwali,2026-07-27 11:29:32.557715,11,2026-07-27,11:29:32,Monday
makurdi,7.7322,8.5391,rain,light rain,stations,25.87,26.81,25.87,25.87,1013,88,1013,1002,10000,2.64,227,4.73,100,2026-07-27 11:28:46,2026-07-27 05:17:49,2026-07-27 17:46:39,NG,Walmayo,2026-07-27 11:29:32.662620,11,2026-07-27,11:28:46,Monday
panda,9.2624,7.8385,rain,light rain,stations,28.23,32.51,28.23,28.23,1009,79,1009,967,10000,2.49,191,2.51,96,2026-07-27 14:46:11,2026-07-27 05:18:25,2026-07-27 17:51:39,NG,Maitama,2026-07-27 14:46:11.239281,14,2026-07-27,14:46:11,Monday
gurara,9.322,7.0232,rain,light rain,stations,28.18,32.23,28.18,28.18,1009,78,1009,969,10000,2.23,223,2.76,78,2026-07-27 14:46:11,2026-07-27 05:21:35,2026-07-27 17:55:00,NG,Suleja,2026-07-27 14:46:11.377489,14,2026-07-27,14:46:11,Monday
bwari,9.2856,7.3787,rain,light rain,stations,26.91,29.72,26.91,26.91,1010,82,1010,948,10000,2.44,228,2.52,84,2026-07-27 14:46:11,2026-07-27 05:20:13,2026-07-27 17:53:31,NG,Maitama,2026-07-27 14:46:11.621534,14,2026-07-27,14:46:11,Monday
gwagwalada,9.0764,6.9854,rain,light rain,stations,29.82,34.84,29.82,29.82,1009,71,1009,986,10000,2.05,209,2.3,91,2026-07-27 14:46:11,2026-07-27 05:22:06,2026-07-27 17:54:48,NG,Kwali,2026-07-27 14:46:11.754951,14,2026-07-27,14:46:11,Monday
makurdi,7.7306,8.5361,clouds,overcast clouds,stations,28.93,32.94,28.93,28.93,1009,72,1009,998,10000,3.73,222,4.43,90,2026-07-27 14:46:11,2026-07-27 05:17:50,2026-07-27 17:46:39,NG,Walmayo,2026-07-27 14:46:11.885834,14,2026-07-27,14:46:11,Monday
panda,9.2624,7.8385,rain,light rain,stations,24.61,25.58,24.61,24.61,1010,94,1010,967,10000,1.53,222,2.73,98,2026-07-27 17:45:56,2026-07-27 05:18:25,2026-07-27 17:51:39,NG,Maitama,2026-07-27 17:45:56.491581,17,2026-07-27,17:45:56,Monday
gurara,9.322,7.0232,rain,light rain,stations,24.67,25.59,24.67,24.67,1010,92,1010,969,10000,1.86,210,3.92,87,2026-07-27 17:45:56,2026-07-27 05:21:35,2026-07-27 17:55:00,NG,Suleja,2026-07-27 17:45:57.041338,17,2026-07-27,17:45:56,Monday
bwari,9.2856,7.3787,rain,light rain,stations,23.42,24.3,23.42,23.42,1010,95,1010,948,10000,1.93,225,5.01,92,2026-07-27 17:45:57,2026-07-27 05:20:13,2026-07-27 17:53:31,NG,Maitama,2026-07-27 17:45:57.593720,17,2026-07-27,17:45:57,Monday
gwagwalada,9.0764,6.9854,rain,light rain,stations,25.47,26.45,25.47,25.47,1009,91,1009,986,10000,1.92,194,3.7,95,2026-07-27 17:45:57,2026-07-27 05:22:06,2026-07-27 17:54:48,NG,Kwali,2026-07-27 17:45:58.148863,17,2026-07-27,17:45:57,Monday
makurdi,7.7306,8.5361,clouds,overcast clouds,stations,25.47,26.29,25.47,25.47,1010,85,1010,999,10000,4.1,194,8.56,91,2026-07-27 17:45:58,2026-07-27 05:17:50,2026-07-27 17:46:39,NG,Walmayo,2026-07-27 17:45:58.706732,17,2026-07-27,17:45:58,Monday
panda,9.2624,7.8385,rain,moderate rain,stations,23.64,24.57,23.64,23.64,1012,96,1012,968,10000,1.83,243,3.14,91,2026-07-27 19:41:11,2026-07-27 05:18:25,2026-07-27 17:51:39,NG,Maitama,2026-07-27 19:41:11.821130,19,2026-07-27,19:41:11,Monday
gurara,9.322,7.0232,rain,light rain,stations,23.76,24.67,23.76,23.76,1011,95,1011,970,10000,2.02,190,4.04,93,2026-07-27 19:41:11,2026-07-27 05:21:35,2026-07-27 17:55:00,NG,Suleja,2026-07-27 19:41:12.457666,19,2026-07-27,19:41:11,Monday
bwari,9.2856,7.3787,rain,light rain,stations,22.46,23.27,22.46,22.46,1012,96,1012,949,10000,1.85,209,3.98,85,2026-07-27 19:41:12,2026-07-27 05:20:13,2026-07-27 17:53:31,NG,Maitama,2026-07-27 19:41:13.109540,19,2026-07-27,19:41:12,Monday
gwagwalada,9.0764,6.9854,rain,light rain,stations,24.67,25.59,24.67,24.67,1011,92,1011,988,10000,1.71,188,2.21,100,2026-07-27 19:41:13,2026-07-27 05:22:06,2026-07-27 17:54:48,NG,Kwali,2026-07-27 19:41:13.692325,19,2026-07-27,19:41:13,Monday
makurdi,7.7306,8.5361,clouds,overcast clouds,stations,24.73,25.61,24.73,24.73,1011,90,1011,1000,10000,3.63,204,10.12,87,2026-07-27 19:41:13,2026-07-27 05:17:50,2026-07-27 17:46:39,NG,Walmayo,2026-07-27 19:41:14.323859,19,2026-07-27,19:41:13,Monday
panda,9.2624,7.8385,rain,moderate rain,stations,23.36,24.26,23.36,23.36,1012,96,1012,969,4573,1.55,237,4.91,94,2026-07-27 21:15:26,2026-07-27 05:18:25,2026-07-27 17:51:39,NG,Maitama,2026-07-27 21:15:26.622686,21,2026-07-27,21:15:26,Monday
gurara,9.322,7.0232,rain,moderate rain,stations,23.16,24.04,23.16,23.16,1012,96,1012,971,10000,1.8,160,4.48,95,2026-07-27 21:15:26,2026-07-27 05:21:35,2026-07-27 17:55:00,NG,Suleja,2026-07-27 21:15:26.731034,21,2026-07-27,21:15:26,Monday
bwari,9.2856,7.3787,rain,light rain,stations,22.21,23.02,22.21,22.21,1013,97,1013,950,10000,1.73,200,5.11,90,2026-07-27 21:15:26,2026-07-27 05:20:13,2026-07-27 17:53:31,NG,Maitama,2026-07-27 21:15:26.833909,21,2026-07-27,21:15:26,Monday
gwagwalada,9.0764,6.9854,rain,light rain,stations,24.19,25.12,24.19,24.19,1012,94,1012,988,10000,1.7,165,3.53,100,2026-07-27 21:15:26,2026-07-27 05:22:06,2026-07-27 17:54:48,NG,Kwali,2026-07-27 21:15:26.928943,21,2026-07-27,21:15:26,Monday
makurdi,7.7306,8.5361,clouds,overcast clouds,stations,24.49,25.37,24.49,24.49,1012,91,1012,1001,10000,3.84,208,10.49,91,2026-07-27 21:15:27,2026-07-27 05:17:50,2026-07-27 17:46:39,NG,Walmayo,2026-07-27 21:15:27.025489,21,2026-07-27,21:15:27,Monday
panda,9.2624,7.8385,rain,light rain,stations,23.16,24.04,23.16,23.16,1013,96,1013,969,10000,1.95,210,6.27,96,2026-07-27 23:07:26,2026-07-28 05:18:35,2026-07-28 17:51:28,NG,Maitama,2026-07-27 23:07:26.899022,23,2026-07-27,23:07:26,Monday
gurara,9.322,7.0232,rain,light rain,stations,22.98,23.87,22.98,22.98,1012,97,1012,971,10000,1.99,175,6.55,97,2026-07-27 23:07:26,2026-07-28 05:21:45,2026-07-28 17:54:49,NG,Suleja,2026-07-27 23:07:27.708095,23,2026-07-27,23:07:26,Monday
bwari,9.2856,7.3787,rain,light rain,stations,21.97,22.76,21.97,21.97,1013,97,1013,950,10000,2.6,204,7.94,94,2026-07-27 23:07:27,2026-07-28 05:20:23,2026-07-28 17:53:21,NG,Maitama,2026-07-27 23:07:28.208735,23,2026-07-27,23:07:27,Monday
gwagwalada,9.0764,6.9854,clouds,overcast clouds,stations,23.61,24.53,23.61,23.61,1012,96,1012,989,10000,2.21,176,6.67,100,2026-07-27 23:07:28,2026-07-28 05:22:16,2026-07-28 17:54:37,NG,Kwali,2026-07-27 23:07:28.808013,23,2026-07-27,23:07:28,Monday
makurdi,7.7306,8.5361,clouds,overcast clouds,stations,23.75,24.61,23.75,23.75,1012,93,1012,1001,10000,3.6,211,9.83,95,2026-07-27 23:07:28,2026-07-28 05:17:58,2026-07-28 17:46:30,NG,Walmayo,2026-07-27 23:07:29.411191,23,2026-07-27,23:07:28,Monday
panda,9.2624,7.8385,clouds,overcast clouds,stations,22.7,23.61,22.7,22.7,1012,99,1012,968,10000,1.14,167,2.17,99,2026-07-28 02:51:02,2026-07-28 05:18:35,2026-07-28 17:51:28,NG,Maitama,2026-07-28 02:51:02.892392,2,2026-07-28,02:51:02,Tuesday
gurara,9.322,7.0232,clouds,overcast clouds,stations,22.48,23.37,22.48,22.48,1011,99,1011,970,8955,1.69,194,4.61,100,2026-07-28 02:51:02,2026-07-28 05:21:45,2026-07-28 17:54:49,NG,Suleja,2026-07-28 02:51:03.516786,2,2026-07-28,02:51:02,Tuesday
bwari,9.2856,7.3787,clouds,overcast clouds,stations,21.7,22.51,21.7,21.7,1012,99,1012,949,2375,1.67,198,4.47,100,2026-07-28 02:51:03,2026-07-28 05:20:23,2026-07-28 17:53:21,NG,Maitama,2026-07-28 02:51:04.169411,2,2026-07-28,02:51:03,Tuesday
gwagwalada,9.0764,6.9854,rain,light rain,stations,23.02,23.94,23.02,23.02,1011,98,1011,988,10000,1.29,188,3.46,100,2026-07-28 02:51:04,2026-07-28 05:22:16,2026-07-28 17:54:37,NG,Kwali,2026-07-28 02:51:04.820251,2,2026-07-28,02:51:04,Tuesday
makurdi,7.7306,8.5361,rain,light rain,stations,22.8,23.67,22.8,22.8,1012,97,1012,1001,10000,3.06,210,8.08,100,2026-07-28 02:51:04,2026-07-28 05:17:58,2026-07-28 17:46:30,NG,Walmayo,2026-07-28 02:51:05.426341,2,2026-07-28,02:51:04,Tuesday
panda,9.2624,7.8385,rain,light rain,stations,22.58,23.43,22.58,22.58,1014,97,1014,970,10000,1.67,193,4.68,100,2026-07-28 06:30:37,2026-07-28 05:18:35,2026-07-28 17:51:28,NG,Maitama,2026-07-28 06:30:37.057699,6,2026-07-28,06:30:37,Tuesday
gurara,9.322,7.0232,clouds,overcast clouds,stations,22.31,23.13,22.31,22.31,1013,97,1013,972,10000,2.47,201,5.49,100,2026-07-28 06:30:37,2026-07-28 05:21:45,2026-07-28 17:54:49,NG,Suleja,2026-07-28 06:30:37.192395,6,2026-07-28,06:30:37,Tuesday
bwari,9.2856,7.3787,rain,light rain,stations,21.21,21.95,21.21,21.21,1014,98,1014,951,6788,2.33,215,5.94,100,2026-07-28 06:30:37,2026-07-28 05:20:23,2026-07-28 17:53:21,NG,Maitama,2026-07-28 06:30:37.322845,6,2026-07-28,06:30:37,Tuesday
gwagwalada,9.0764,6.9854,clouds,overcast clouds,stations,23.38,24.23,23.38,23.38,1013,94,1013,990,10000,2.18,199,4.26,100,2026-07-28 06:30:37,2026-07-28 05:22:16,2026-07-28 17:54:37,NG,Kwali,2026-07-28 06:30:37.451403,6,2026-07-28,06:30:37,Tuesday
makurdi,7.7306,8.5361,rain,light rain,stations,22.4,23.2,22.4,22.4,1014,96,1014,1002,10000,2.79,216,7.95,100,2026-07-28 06:30:37,2026-07-28 05:17:58,2026-07-28 17:46:30,NG,Walmayo,2026-07-28 06:30:37.597859,6,2026-07-28,06:30:37,Tuesday
panda,9.2624,7.8385,rain,light rain,stations,26.11,26.11,26.11,26.11,1013,81,1013,970,10000,2.43,180,3.55,100,2026-07-28 10:39:50,2026-07-28 05:18:35,2026-07-28 17:51:28,NG,Maitama,2026-07-28 10:39:51.015627,10,2026-07-28,10:39:50,Tuesday
gurara,9.322,7.0232,clouds,overcast clouds,stations,26.0,26.0,26.0,26.0,1013,78,1013,972,10000,3.31,194,4.28,99,2026-07-28 10:39:51,2026-07-28 05:21:45,2026-07-28 17:54:49,NG,Suleja,2026-07-28 10:39:51.677384,10,2026-07-28,10:39:51,Tuesday
bwari,9.2856,7.3787,clouds,overcast clouds,stations,25.57,26.17,25.57,25.57,1013,76,1013,951,10000,3.27,201,3.92,100,2026-07-28 10:39:51,2026-07-28 05:20:23,2026-07-28 17:53:21,NG,Maitama,2026-07-28 10:39:52.307075,10,2026-07-28,10:39:51,Tuesday
gwagwalada,9.0764,6.9854,clouds,overcast clouds,stations,27.04,29.36,27.04,27.04,1013,75,1013,990,10000,2.79,192,3.85,100,2026-07-28 10:39:52,2026-07-28 05:22:16,2026-07-28 17:54:37,NG,Kwali,2026-07-28 10:39:52.935106,10,2026-07-28,10:39:52,Tuesday
makurdi,7.7306,8.5361,clouds,overcast clouds,stations,26.96,29.29,26.96,26.96,1013,76,1013,1002,10000,3.31,214,4.96,100,2026-07-28 10:39:53,2026-07-28 05:17:58,2026-07-28 17:46:30,NG,Walmayo,2026-07-28 10:39:53.494731,10,2026-07-28,10:39:53,Tuesday
panda,9.2624,7.8385,clouds,overcast clouds,stations,27.56,30.18,27.56,27.56,1011,73,1011,968,10000,2.09,196,2.3,100,2026-07-28 14:20:15,2026-07-28 05:18:35,2026-07-28 17:51:28,NG,Maitama,2026-07-28 14:20:15.808710,14,2026-07-28,14:20:15,Tuesday
gurara,9.322,7.0232,clouds,overcast clouds,stations,26.3,26.3,26.3,26.3,1011,75,1011,971,10000,2.99,199,3.85,95,2026-07-28 14:20:15,2026-07-28 05:21:45,2026-07-28 17:54:49,NG,Suleja,2026-07-28 14:20:16.406260,14,2026-07-28,14:20:15,Tuesday
bwari,9.2856,7.3787,clouds,overcast clouds,stations,25.28,25.9,25.28,25.28,1011,78,1011,949,10000,2.96,228,3.1,97,2026-07-28 14:20:16,2026-07-28 05:20:23,2026-07-28 17:53:21,NG,Maitama,2026-07-28 14:20:16.998282,14,2026-07-28,14:20:16,Tuesday
gwagwalada,9.0764,6.9854,clouds,overcast clouds,stations,25.92,26.66,25.92,25.92,1011,80,1011,988,10000,1.74,209,2.94,98,2026-07-28 14:20:17,2026-07-28 05:22:16,2026-07-28 17:54:37,NG,Kwali,2026-07-28 14:20:17.585319,14,2026-07-28,14:20:17,Tuesday
makurdi,7.7306,8.5361,clouds,overcast clouds,stations,25.51,26.31,25.51,25.51,1011,84,1011,1000,10000,2.33,215,4.62,100,2026-07-28 14:20:17,2026-07-28 05:17:58,2026-07-28 17:46:30,NG,Walmayo,2026-07-28 14:20:18.181977,14,2026-07-28,14:20:17,Tuesday
panda,9.2624,7.8385,clouds,overcast clouds,stations,23.98,24.84,23.98,23.98,1012,92,1012,968,10000,1.58,207,2.56,99,2026-07-28 17:38:27,2026-07-28 05:18:35,2026-07-28 17:51:28,NG,Maitama,2026-07-28 17:38:27.335606,17,2026-07-28,17:38:27,Tuesday
gurara,9.322,7.0232,clouds,overcast clouds,stations,23.33,24.07,23.33,23.33,1012,90,1012,971,10000,1.45,179,2.5,98,2026-07-28 17:38:27,2026-07-28 05:21:45,2026-07-28 17:54:49,NG,Suleja,2026-07-28 17:38:27.479011,17,2026-07-28,17:38:27,Tuesday
bwari,9.2856,7.3787,clouds,overcast clouds,stations,22.1,22.74,22.1,22.1,1012,91,1012,950,10000,1.55,225,2.66,97,2026-07-28 17:38:27,2026-07-28 05:20:23,2026-07-28 17:53:21,NG,Maitama,2026-07-28 17:38:27.616781,17,2026-07-28,17:38:27,Tuesday
gwagwalada,9.0764,6.9854,clouds,overcast clouds,stations,24.3,25.06,24.3,24.3,1012,87,1012,988,10000,0.91,207,1.1,97,2026-07-28 17:38:27,2026-07-28 05:22:16,2026-07-28 17:54:37,NG,Kwali,2026-07-28 17:38:27.754302,17,2026-07-28,17:38:27,Tuesday
makurdi,7.7306,8.5361,clouds,overcast clouds,stations,24.08,24.97,24.08,24.08,1012,93,1012,1001,10000,1.99,193,3.8,89,2026-07-28 17:38:27,2026-07-28 05:17:58,2026-07-28 17:46:30,NG,Walmayo,2026-07-28 17:38:27.884878,17,2026-07-28,17:38:27,Tuesday
panda,9.2624,7.8385,rain,light rain,stations,22.68,23.43,22.68,22.68,1013,93,1013,970,10000,1.01,148,1.09,97,2026-07-28 19:38:39,2026-07-28 05:18:35,2026-07-28 17:51:28,NG,Maitama,2026-07-28 19:38:39.357880,19,2026-07-28,19:38:39,Tuesday
gurara,9.322,7.0232,clouds,overcast clouds,stations,23.38,23.99,23.38,23.38,1013,85,1013,972,10000,1.13,137,1.15,96,2026-07-28 19:38:39,2026-07-28 05:21:45,2026-07-28 17:54:49,NG,Suleja,2026-07-28 19:38:39.407964,19,2026-07-28,19:38:39,Tuesday
bwari,9.2856,7.3787,rain,light rain,stations,21.04,21.55,21.04,21.04,1014,90,1014,950,10000,0.89,149,0.92,93,2026-07-28 19:38:39,2026-07-28 05:20:23,2026-07-28 17:53:21,NG,Maitama,2026-07-28 19:38:39.453314,19,2026-07-28,19:38:39,Tuesday
gwagwalada,9.0764,6.9854,clouds,overcast clouds,stations,24.6,25.34,24.6,24.6,1013,85,1013,989,10000,1.14,147,1.19,100,2026-07-28 19:38:39,2026-07-28 05:22:16,2026-07-28 17:54:37,NG,Kwali,2026-07-28 19:38:39.500875,19,2026-07-28,19:38:39,Tuesday
makurdi,7.7306,8.5361,rain,moderate rain,stations,22.74,23.6,22.74,22.74,1013,97,1013,1002,10000,2.45,187,7.32,95,2026-07-28 19:38:39,2026-07-28 05:17:58,2026-07-28 17:46:30,NG,Walmayo,2026-07-28 19:38:39.550313,19,2026-07-28,19:38:39,Tuesday
panda,9.2624,7.8385,rain,light rain,stations,22.69,23.5,22.69,22.69,1014,95,1014,971,10000,1.31,138,1.56,98,2026-07-28 21:12:16,2026-07-28 05:18:35,2026-07-28 17:51:28,NG,Maitama,2026-07-28 21:12:16.186721,21,2026-07-28,21:12:16,Tuesday
gurara,9.322,7.0232,rain,light rain,stations,22.66,23.31,22.66,22.66,1014,89,1014,973,10000,1.33,139,1.36,80,2026-07-28 21:12:16,2026-07-28 05:21:45,2026-07-28 17:54:49,NG,Suleja,2026-07-28 21:12:16.883516,21,2026-07-28,21:12:16,Tuesday
bwari,9.2856,7.3787,rain,moderate rain,stations,20.82,21.41,20.82,20.82,1014,94,1014,951,10000,1.36,147,1.73,83,2026-07-28 21:12:17,2026-07-28 05:20:23,2026-07-28 17:53:21,NG,Maitama,2026-07-28 21:12:17.538991,21,2026-07-28,21:12:17,Tuesday
gwagwalada,9.0764,6.9854,rain,light rain,stations,23.8,24.53,23.8,23.8,1013,88,1013,990,10000,1.22,131,1.27,89,2026-07-28 21:12:17,2026-07-28 05:22:16,2026-07-28 17:54:37,NG,Kwali,2026-07-28 21:12:18.176332,21,2026-07-28,21:12:17,Tuesday
makurdi,7.7306,8.5361,clouds,overcast clouds,stations,23.02,23.88,23.02,23.02,1013,96,1013,1002,10000,2.57,181,9.08,96,2026-07-28 21:12:18,2026-07-28 05:17:58,2026-07-28 17:46:30,NG,Walmayo,2026-07-28 21:12:18.795498,21,2026-07-28,21:12:18,Tuesday
panda,9.2624,7.8385,rain,light rain,stations,22.53,23.35,22.53,22.53,1014,96,1014,970,10000,1.12,155,2.09,99,2026-07-28 23:03:44,2026-07-29 05:18:45,2026-07-29 17:51:17,NG,Maitama,2026-07-28 23:03:44.914107,23,2026-07-28,23:03:44,Tuesday
gurara,9.322,7.0232,rain,moderate rain,stations,21.79,22.51,21.79,21.79,1014,95,1014,973,9561,1.45,120,1.95,88,2026-07-28 23:03:44,2026-07-29 05:21:55,2026-07-29 17:54:38,NG,Suleja,2026-07-28 23:03:45.476338,23,2026-07-28,23:03:44,Tuesday
bwari,9.2856,7.3787,rain,light rain,stations,21.45,22.16,21.45,21.45,1014,96,1014,951,10000,1.23,153,2.25,90,2026-07-28 23:03:45,2026-07-29 05:20:33,2026-07-29 17:53:09,NG,Maitama,2026-07-28 23:03:46.040297,23,2026-07-28,23:03:45,Tuesday
gwagwalada,9.0764,6.9854,rain,moderate rain,stations,22.68,23.48,22.68,22.68,1014,95,1014,990,5833,1.09,106,1.17,91,2026-07-28 23:03:46,2026-07-29 05:22:25,2026-07-29 17:54:26,NG,Kwali,2026-07-28 23:03:46.603552,23,2026-07-28,23:03:46,Tuesday
makurdi,7.7306,8.5361,clouds,overcast clouds,stations,22.88,23.7,22.88,22.88,1014,95,1014,1003,10000,3.47,187,10.91,95,2026-07-28 23:03:46,2026-07-29 05:18:06,2026-07-29 17:46:21,NG,Walmayo,2026-07-28 23:03:47.173082,23,2026-07-28,23:03:46,Tuesday
panda,9.2624,7.8385,rain,heavy intensity rain,stations,21.82,22.62,21.82,21.82,1012,98,1012,968,2720,0.75,160,1.94,100,2026-07-29 03:10:57,2026-07-29 05:18:45,2026-07-29 17:51:17,NG,Maitama,2026-07-29 03:10:58.452934,3,2026-07-29,03:10:57,Wednesday
gurara,9.322,7.0232,rain,moderate rain,stations,21.56,22.33,21.56,21.56,1012,98,1012,971,9265,1.26,134,3.74,100,2026-07-29 03:10:58,2026-07-29 05:21:55,2026-07-29 17:54:38,NG,Suleja,2026-07-29 03:10:59.082911,3,2026-07-29,03:10:58,Wednesday
bwari,9.2856,7.3787,rain,heavy intensity rain,stations,20.54,21.23,20.54,20.54,1013,99,1013,950,4219,0.72,170,2.72,100,2026-07-29 03:10:59,2026-07-29 05:20:33,2026-07-29 17:53:09,NG,Maitama,2026-07-29 03:10:59.698049,3,2026-07-29,03:10:59,Wednesday
gwagwalada,9.0764,6.9854,rain,moderate rain,stations,22.43,23.26,22.43,22.43,1012,97,1012,989,10000,1.01,189,3.73,100,2026-07-29 03:10:59,2026-07-29 05:22:25,2026-07-29 17:54:26,NG,Kwali,2026-07-29 03:11:00.347127,3,2026-07-29,03:10:59,Wednesday
makurdi,7.7306,8.5361,rain,light rain,stations,22.27,23.09,22.27,22.27,1013,97,1013,1002,10000,2.23,199,8.25,99,2026-07-29 03:11:00,2026-07-29 05:18:06,2026-07-29 17:46:21,NG,Walmayo,2026-07-29 03:11:00.986422,3,2026-07-29,03:11:00,Wednesday
panda,9.2624,7.8385,rain,light rain,stations,21.76,22.58,21.76,21.76,1015,99,1015,971,10000,1.11,187,2.9,100,2026-07-29 06:35:26,2026-07-29 05:18:45,2026-07-29 17:51:17,NG,Maitama,2026-07-29 06:35:26.730662,6,2026-07-29,06:35:26,Wednesday
gurara,9.322,7.0232,rain,light rain,stations,21.72,22.51,21.72,21.72,1014,98,1014,973,9912,1.67,199,3.47,100,2026-07-29 06:35:26,2026-07-29 05:21:55,2026-07-29 17:54:38,NG,Suleja,2026-07-29 06:35:26.826720,6,2026-07-29,06:35:26,Wednesday
bwari,9.2856,7.3787,rain,light rain,stations,20.68,21.39,20.68,20.68,1015,99,1015,951,10000,1.77,202,4.74,100,2026-07-29 06:35:26,2026-07-29 05:20:33,2026-07-29 17:53:09,NG,Maitama,2026-07-29 06:35:26.925523,6,2026-07-29,06:35:26,Wednesday
gwagwalada,9.0764,6.9854,rain,moderate rain,stations,22.5,23.34,22.5,22.5,1014,97,1014,991,10000,0.89,194,1.55,100,2026-07-29 06:35:27,2026-07-29 05:22:25,2026-07-29 17:54:26,NG,Kwali,2026-07-29 06:35:27.022117,6,2026-07-29,06:35:27,Wednesday
makurdi,7.7306,8.5361,clouds,overcast clouds,stations,23.6,24.44,23.6,23.6,1014,93,1014,1003,10000,2.68,229,6.55,100,2026-07-29 06:35:27,2026-07-29 05:18:06,2026-07-29 17:46:21,NG,Walmayo,2026-07-29 06:35:27.114091,6,2026-07-29,06:35:27,Wednesday
panda,9.2624,7.8385,clouds,overcast clouds,stations,23.84,24.63,23.84,23.84,1015,90,1015,971,10000,0.97,251,2.13,100,2026-07-29 10:43:13,2026-07-29 05:18:45,2026-07-29 17:51:17,NG,Maitama,2026-07-29 10:43:13.743140,10,2026-07-29,10:43:13,Wednesday
gurara,9.322,7.0232,clouds,overcast clouds,stations,23.69,24.46,23.69,23.69,1014,90,1014,973,10000,1.7,229,2.98,100,2026-07-29 10:43:13,2026-07-29 05:21:55,2026-07-29 17:54:38,NG,Suleja,2026-07-29 10:43:14.309474,10,2026-07-29,10:43:13,Wednesday
bwari,9.2856,7.3787,clouds,overcast clouds,stations,22.87,23.59,22.87,22.87,1015,91,1015,952,10000,1.81,239,3.09,100,2026-07-29 10:43:14,2026-07-29 05:20:33,2026-07-29 17:53:09,NG,Maitama,2026-07-29 10:43:14.873150,10,2026-07-29,10:43:14,Wednesday
gwagwalada,9.0764,6.9854,clouds,overcast clouds,stations,25.01,25.84,25.01,25.01,1014,87,1014,991,10000,0.54,231,1.82,100,2026-07-29 10:43:14,2026-07-29 05:22:25,2026-07-29 17:54:26,NG,Kwali,2026-07-29 10:43:15.439303,10,2026-07-29,10:43:14,Wednesday
makurdi,7.7306,8.5361,rain,moderate rain,stations,27.09,29.94,27.09,27.09,1014,80,1014,1003,8673,2.87,232,4.05,100,2026-07-29 10:43:15,2026-07-29 05:18:06,2026-07-29 17:46:21,NG,Walmayo,2026-07-29 10:43:16.003157,10,2026-07-29,10:43:15,Wednesday
panda,9.2624,7.8385,rain,light rain,stations,26.27,26.27,26.27,26.27,1012,80,1012,969,10000,0.78,245,1.61,99,2026-07-29 14:20:21,2026-07-29 05:18:45,2026-07-29 17:51:17,NG,Maitama,2026-07-29 14:20:21.606398,14,2026-07-29,14:20:21,Wednesday
gurara,9.322,7.0232,rain,light rain,stations,25.16,25.9,25.16,25.16,1012,83,1012,972,10000,2.08,253,2.94,100,2026-07-29 14:20:21,2026-07-29 05:21:55,2026-07-29 17:54:38,NG,Suleja,2026-07-29 14:20:21.738506,14,2026-07-29,14:20:21,Wednesday
bwari,9.2856,7.3787,rain,light rain,stations,25.03,25.68,25.03,25.03,1013,80,1013,950,10000,2.25,266,2.77,99,2026-07-29 14:20:21,2026-07-29 05:20:33,2026-07-29 17:53:09,NG,Maitama,2026-07-29 14:20:21.863511,14,2026-07-29,14:20:21,Wednesday
gwagwalada,9.0764,6.9854,rain,moderate rain,stations,25.59,26.45,25.59,25.59,1012,86,1012,989,10000,1.41,273,2.19,100,2026-07-29 14:20:21,2026-07-29 05:22:25,2026-07-29 17:54:26,NG,Kwali,2026-07-29 14:20:21.989619,14,2026-07-29,14:20:21,Wednesday
makurdi,7.7306,8.5361,rain,light rain,stations,27.53,31.08,27.53,27.53,1012,81,1012,1001,10000,3.45,225,4.49,98,2026-07-29 14:20:22,2026-07-29 05:18:06,2026-07-29 17:46:21,NG,Walmayo,2026-07-29 14:20:22.121612,14,2026-07-29,14:20:22,Wednesday
panda,9.2624,7.8385,rain,moderate rain,stations,23.07,23.91,23.07,23.07,1012,95,1012,969,9996,1.42,219,2.32,100,2026-07-29 17:19:39,2026-07-29 05:18:45,2026-07-29 17:51:17,NG,Maitama,2026-07-29 17:19:39.786103,17,2026-07-29,17:19:39,Wednesday
gurara,9.322,7.0232,rain,light rain,stations,23.92,24.77,23.92,23.92,1012,92,1012,971,10000,1.06,204,1.73,100,2026-07-29 17:19:40,2026-07-29 05:21:55,2026-07-29 17:54:38,NG,Suleja,2026-07-29 17:19:40.600739,17,2026-07-29,17:19:40,Wednesday
bwari,9.2856,7.3787,rain,light rain,stations,22.28,23.07,22.28,22.28,1013,96,1013,950,10000,1.54,231,3.35,100,2026-07-29 17:19:40,2026-07-29 05:20:33,2026-07-29 17:53:09,NG,Maitama,2026-07-29 17:19:41.243754,17,2026-07-29,17:19:40,Wednesday
gwagwalada,9.0764,6.9854,rain,light rain,stations,24.55,25.44,24.55,24.55,1012,91,1012,989,10000,1.24,197,1.76,100,2026-07-29 17:19:41,2026-07-29 05:22:25,2026-07-29 17:54:26,NG,Kwali,2026-07-29 17:19:41.480259,17,2026-07-29,17:19:41,Wednesday
makurdi,7.7306,8.5361,rain,light rain,stations,26.08,26.08,26.08,26.08,1012,88,1012,1000,10000,2.17,222,4.42,85,2026-07-29 17:19:41,2026-07-29 05:18:06,2026-07-29 17:46:21,NG,Walmayo,2026-07-29 17:19:41.707377,17,2026-07-29,17:19:41,Wednesday
panda,9.2624,7.8385,rain,moderate rain,stations,22.86,23.63,22.86,22.86,1014,93,1014,970,10000,2.06,209,3.41,100,2026-07-29 19:23:22,2026-07-29 05:18:45,2026-07-29 17:51:17,NG,Maitama,2026-07-29 19:23:22.798902,19,2026-07-29,19:23:22,Wednesday
gurara,9.322,7.0232,rain,moderate rain,stations,22.27,23.03,22.27,22.27,1014,95,1014,972,10000,2.1,215,5.26,100,2026-07-29 19:23:22,2026-07-29 05:21:55,2026-07-29 17:54:38,NG,Suleja,2026-07-29 19:23:23.369209,19,2026-07-29,19:23:22,Wednesday
bwari,9.2856,7.3787,rain,moderate rain,stations,21.38,22.05,21.38,21.38,1014,95,1014,951,6492,2.28,218,6.19,100,2026-07-29 19:23:23,2026-07-29 05:20:33,2026-07-29 17:53:09,NG,Maitama,2026-07-29 19:23:23.919657,19,2026-07-29,19:23:23,Wednesday
gwagwalada,9.0764,6.9854,rain,moderate rain,stations,23.16,23.99,23.16,23.16,1013,94,1013,990,9267,2.14,221,5.62,92,2026-07-29 19:23:23,2026-07-29 05:22:25,2026-07-29 17:54:26,NG,Kwali,2026-07-29 19:23:24.492483,19,2026-07-29,19:23:23,Wednesday
makurdi,7.7306,8.5361,rain,light rain,stations,23.53,24.42,23.53,23.53,1013,95,1013,1002,10000,3.06,210,9.31,14,2026-07-29 19:23:24,2026-07-29 05:18:06,2026-07-29 17:46:21,NG,Walmayo,2026-07-29 19:23:25.058590,19,2026-07-29,19:23:24,Wednesday
panda,9.2624,7.8385,rain,moderate rain,stations,22.26,23.05,22.26,22.26,1016,96,1016,972,6595,2.15,229,6.07,100,2026-07-29 21:00:48,2026-07-29 05:18:45,2026-07-29 17:51:17,NG,Maitama,2026-07-29 21:00:49.146846,21,2026-07-29,21:00:48,Wednesday
gurara,9.322,7.0232,rain,moderate rain,stations,21.95,22.73,21.95,21.95,1015,97,1015,974,10000,2.09,205,7.66,100,2026-07-29 21:00:49,2026-07-29 05:21:55,2026-07-29 17:54:38,NG,Suleja,2026-07-29 21:00:49.464407,21,2026-07-29,21:00:49,Wednesday
bwari,9.2856,7.3787,rain,moderate rain,stations,20.9,21.6,20.9,20.9,1016,98,1016,952,4234,2.78,210,7.87,100,2026-07-29 21:00:49,2026-07-29 05:20:33,2026-07-29 17:53:09,NG,Maitama,2026-07-29 21:00:49.951626,21,2026-07-29,21:00:49,Wednesday
gwagwalada,9.0764,6.9854,rain,light rain,stations,22.73,23.54,22.73,22.73,1015,95,1015,992,10000,2.11,206,7.14,97,2026-07-29 21:00:50,2026-07-29 05:22:25,2026-07-29 17:54:26,NG,Kwali,2026-07-29 21:00:50.537237,21,2026-07-29,21:00:50,Wednesday
makurdi,7.7306,8.5361,clouds,scattered clouds,stations,22.99,23.85,22.99,22.99,1015,96,1015,1004,10000,2.79,201,9.78,38,2026-07-29 21:00:50,2026-07-29 05:18:06,2026-07-29 17:46:21,NG,Walmayo,2026-07-29 21:00:50.902449,21,2026-07-29,21:00:50,Wednesday
panda,9.2624,7.8385,rain,moderate rain,stations,21.57,22.32,21.57,21.57,1016,97,1016,972,10000,1.93,245,6.29,100,2026-07-29 23:01:11,2026-07-30 05:18:54,2026-07-30 17:51:05,NG,Maitama,2026-07-29 23:01:11.351879,23,2026-07-29,23:01:11,Wednesday
gurara,9.322,7.0232,rain,light rain,stations,21.56,22.33,21.56,21.56,1016,98,1016,974,10000,1.55,173,4.87,100,2026-07-29 23:01:11,2026-07-30 05:22:05,2026-07-30 17:54:26,NG,Suleja,2026-07-29 23:01:11.522956,23,2026-07-29,23:01:11,Wednesday
bwari,9.2856,7.3787,rain,moderate rain,stations,20.13,20.78,20.13,20.13,1016,99,1016,953,10000,1.91,207,6.8,100,2026-07-29 23:01:11,2026-07-30 05:20:42,2026-07-30 17:52:57,NG,Maitama,2026-07-29 23:01:11.701594,23,2026-07-29,23:01:11,Wednesday
gwagwalada,9.0764,6.9854,rain,light rain,stations,22.39,23.22,22.39,22.39,1015,97,1015,992,10000,1.28,159,3.27,98,2026-07-29 23:01:11,2026-07-30 05:22:34,2026-07-30 17:54:14,NG,Kwali,2026-07-29 23:01:11.892321,23,2026-07-29,23:01:11,Wednesday
makurdi,7.7306,8.5361,clouds,broken clouds,stations,22.49,23.33,22.49,22.49,1016,97,1016,1004,10000,3.04,197,9.39,63,2026-07-29 23:01:12,2026-07-30 05:18:14,2026-07-30 17:46:11,NG,Walmayo,2026-07-29 23:01:12.080735,23,2026-07-29,23:01:12,Wednesday
panda,9.2624,7.8385,clouds,overcast clouds,stations,20.83,21.5,20.83,20.83,1016,97,1016,972,10000,0.35,235,0.87,100,2026-07-30 02:43:21,2026-07-30 05:18:54,2026-07-30 17:51:05,NG,Maitama,2026-07-30 02:43:21.752520,2,2026-07-30,02:43:21,Thursday
gurara,9.322,7.0232,rain,light rain,stations,20.97,21.71,20.97,20.97,1015,99,1015,974,9110,1.16,180,3.73,100,2026-07-30 02:43:21,2026-07-30 05:22:05,2026-07-30 17:54:26,NG,Suleja,2026-07-30 02:43:22.305440,2,2026-07-30,02:43:21,Thursday
bwari,9.2856,7.3787,rain,light rain,stations,19.79,20.41,19.79,19.79,1016,99,1016,952,2265,1.37,222,6.5,100,2026-07-30 02:43:22,2026-07-30 05:20:42,2026-07-30 17:52:57,NG,Maitama,2026-07-30 02:43:22.825325,2,2026-07-30,02:43:22,Thursday
gwagwalada,9.0764,6.9854,rain,light rain,stations,21.81,22.63,21.81,21.81,1015,99,1015,992,10000,0.81,181,1.72,100,2026-07-30 02:43:22,2026-07-30 05:22:34,2026-07-30 17:54:14,NG,Kwali,2026-07-30 02:43:23.382415,2,2026-07-30,02:43:22,Thursday
makurdi,7.7306,8.5361,rain,light rain,stations,22.23,23.07,22.23,22.23,1015,98,1015,1004,10000,1.59,234,6.58,100,2026-07-30 02:43:23,2026-07-30 05:18:14,2026-07-30 17:46:11,NG,Walmayo,2026-07-30 02:43:23.935970,2,2026-07-30,02:43:23,Thursday
panda,9.2624,7.8385,clouds,overcast clouds,stations,21.51,22.25,21.51,21.51,1017,97,1017,973,10000,0.36,176,0.9,100,2026-07-30 06:32:00,2026-07-30 05:18:54,2026-07-30 17:51:05,NG,Maitama,2026-07-30 06:32:01.010921,6,2026-07-30,06:32:00,Thursday
gurara,9.322,7.0232,rain,light rain,stations,21.61,22.36,21.61,21.61,1017,97,1017,976,10000,0.83,189,2.39,100,2026-07-30 06:32:01,2026-07-30 05:22:05,2026-07-30 17:54:26,NG,Suleja,2026-07-30 06:32:01.210324,6,2026-07-30,06:32:01,Thursday
bwari,9.2856,7.3787,rain,light rain,stations,20.43,21.09,20.43,20.43,1017,98,1017,954,10000,1.07,214,3.64,100,2026-07-30 06:32:01,2026-07-30 05:20:42,2026-07-30 17:52:57,NG,Maitama,2026-07-30 06:32:01.839810,6,2026-07-30,06:32:01,Thursday
gwagwalada,9.0764,6.9854,rain,light rain,stations,22.73,23.54,22.73,22.73,1017,95,1017,993,10000,0.54,174,0.98,100,2026-07-30 06:32:01,2026-07-30 05:22:34,2026-07-30 17:54:14,NG,Kwali,2026-07-30 06:32:02.487632,6,2026-07-30,06:32:01,Thursday
makurdi,7.7306,8.5361,rain,light rain,stations,23.05,23.89,23.05,23.05,1017,95,1017,1005,10000,2.0,224,4.27,100,2026-07-30 06:32:02,2026-07-30 05:18:14,2026-07-30 17:46:11,NG,Walmayo,2026-07-30 06:32:03.103480,6,2026-07-30,06:32:02,Thursday
panda,9.2624,7.8385,rain,light rain,stations,23.68,24.43,23.68,23.68,1018,89,1018,974,10000,1.97,234,3.7,99,2026-07-30 10:29:15,2026-07-30 05:18:54,2026-07-30 17:51:05,NG,Maitama,2026-07-30 10:29:15.337376,10,2026-07-30,10:29:15,Thursday
gurara,9.322,7.0232,clouds,overcast clouds,stations,22.97,23.7,22.97,22.97,1017,91,1017,976,10000,1.41,227,3.55,100,2026-07-30 10:29:15,2026-07-30 05:22:05,2026-07-30 17:54:26,NG,Suleja,2026-07-30 10:29:15.431136,10,2026-07-30,10:29:15,Thursday
bwari,9.2856,7.3787,rain,light rain,stations,21.55,22.22,21.55,21.55,1018,94,1018,955,10000,1.69,230,3.72,100,2026-07-30 10:29:15,2026-07-30 05:20:42,2026-07-30 17:52:57,NG,Maitama,2026-07-30 10:29:15.540713,10,2026-07-30,10:29:15,Thursday
gwagwalada,9.0764,6.9854,clouds,overcast clouds,stations,24.25,25.03,24.25,24.25,1017,88,1017,994,10000,1.32,218,2.88,99,2026-07-30 10:29:15,2026-07-30 05:22:34,2026-07-30 17:54:14,NG,Kwali,2026-07-30 10:29:15.637089,10,2026-07-30,10:29:15,Thursday
makurdi,7.7306,8.5361,rain,light rain,stations,25.87,26.73,25.87,25.87,1017,85,1017,1006,10000,1.52,272,2.32,97,2026-07-30 10:29:15,2026-07-30 05:18:14,2026-07-30 17:46:11,NG,Walmayo,2026-07-30 10:29:15.732174,10,2026-07-30,10:29:15,Thursday
panda,9.2624,7.8385,clouds,overcast clouds,stations,24.92,25.61,24.92,24.92,1014,82,1014,971,10000,1.43,215,1.95,100,2026-07-30 14:12:30,2026-07-30 05:18:54,2026-07-30 17:51:05,NG,Maitama,2026-07-30 14:12:30.951915,14,2026-07-30,14:12:30,Thursday
gurara,9.322,7.0232,rain,light rain,stations,26.95,29.02,26.95,26.95,1013,73,1013,973,10000,2.52,217,3.16,78,2026-07-30 14:12:31,2026-07-30 05:22:05,2026-07-30 17:54:26,NG,Suleja,2026-07-30 14:12:31.065535,14,2026-07-30,14:12:31,Thursday
bwari,9.2856,7.3787,rain,light rain,stations,24.15,24.81,24.15,24.15,1014,84,1014,952,10000,1.91,212,2.69,93,2026-07-30 14:12:31,2026-07-30 05:20:42,2026-07-30 17:52:57,NG,Maitama,2026-07-30 14:12:31.156245,14,2026-07-30,14:12:31,Thursday
gwagwalada,9.0764,6.9854,rain,light rain,stations,27.53,30.23,27.53,27.53,1013,74,1013,990,10000,2.23,202,2.8,83,2026-07-30 14:12:31,2026-07-30 05:22:34,2026-07-30 17:54:14,NG,Kwali,2026-07-30 14:12:31.260713,14,2026-07-30,14:12:31,Thursday
makurdi,7.7306,8.5361,rain,light rain,stations,26.43,26.43,26.43,26.43,1013,84,1013,1002,10000,1.29,306,1.95,100,2026-07-30 14:12:31,2026-07-30 05:18:14,2026-07-30 17:46:11,NG,Walmayo,2026-07-30 14:12:31.354880,14,2026-07-30,14:12:31,Thursday
panda,9.2624,7.8385,clouds,overcast clouds,stations,23.13,23.87,23.13,23.13,1014,91,1014,971,10000,0.69,212,0.64,95,2026-07-30 17:39:44,2026-07-30 05:18:54,2026-07-30 17:51:05,NG,Maitama,2026-07-30 17:39:44.803041,17,2026-07-30,17:39:44,Thursday
gurara,9.322,7.0232,clouds,broken clouds,stations,23.52,24.3,23.52,23.52,1014,91,1014,973,10000,1.69,191,2.08,67,2026-07-30 17:39:44,2026-07-30 05:22:05,2026-07-30 17:54:26,NG,Suleja,2026-07-30 17:39:44.936337,17,2026-07-30,17:39:44,Thursday
bwari,9.2856,7.3787,clouds,overcast clouds,stations,22.25,22.96,22.25,22.25,1014,93,1014,952,10000,1.49,219,2.03,90,2026-07-30 17:39:45,2026-07-30 05:20:42,2026-07-30 17:52:57,NG,Maitama,2026-07-30 17:39:45.066448,17,2026-07-30,17:39:45,Thursday
gwagwalada,9.0764,6.9854,clouds,broken clouds,stations,24.62,25.44,24.62,24.62,1014,88,1014,990,10000,1.26,193,1.35,60,2026-07-30 17:39:45,2026-07-30 05:22:34,2026-07-30 17:54:14,NG,Kwali,2026-07-30 17:39:45.198773,17,2026-07-30,17:39:45,Thursday
makurdi,7.7306,8.5361,clouds,overcast clouds,stations,24.25,25.18,24.25,24.25,1014,94,1014,1003,10000,0.64,163,0.73,100,2026-07-30 17:39:45,2026-07-30 05:18:14,2026-07-30 17:46:11,NG,Walmayo,2026-07-30 17:39:45.349384,17,2026-07-30,17:39:45,Thursday
panda,9.2624,7.8385,clouds,overcast clouds,stations,22.27,23.03,22.27,22.27,1016,95,1016,972,10000,1.12,227,1.12,85,2026-07-30 19:39:27,2026-07-30 05:18:54,2026-07-30 17:51:05,NG,Maitama,2026-07-30 19:39:27.398558,19,2026-07-30,19:39:27,Thursday
gurara,9.322,7.0232,clouds,scattered clouds,stations,22.46,23.22,22.46,22.46,1016,94,1016,975,10000,1.12,169,1.23,48,2026-07-30 19:39:27,2026-07-30 05:22:05,2026-07-30 17:54:26,NG,Suleja,2026-07-30 19:39:27.453475,19,2026-07-30,19:39:27,Thursday
bwari,9.2856,7.3787,clouds,broken clouds,stations,21.16,21.84,21.16,21.16,1016,96,1016,953,10000,1.09,203,1.29,59,2026-07-30 19:39:27,2026-07-30 05:20:42,2026-07-30 17:52:57,NG,Maitama,2026-07-30 19:39:27.514279,19,2026-07-30,19:39:27,Thursday
gwagwalada,9.0764,6.9854,clouds,broken clouds,stations,23.55,24.36,23.55,23.55,1016,92,1016,992,10000,0.76,172,0.81,60,2026-07-30 19:39:27,2026-07-30 05:22:34,2026-07-30 17:54:14,NG,Kwali,2026-07-30 19:39:27.569904,19,2026-07-30,19:39:27,Thursday
makurdi,7.7306,8.5361,clouds,overcast clouds,stations,23.37,24.24,23.37,23.37,1015,95,1015,1004,10000,1.13,221,1.25,100,2026-07-30 19:39:27,2026-07-30 05:18:14,2026-07-30 17:46:11,NG,Walmayo,2026-07-30 19:39:27.615248,19,2026-07-30,19:39:27,Thursday
panda,9.2624,7.8385,clouds,overcast clouds,stations,22.07,22.84,22.07,22.07,1017,96,1017,973,10000,0.79,259,0.89,90,2026-07-30 21:15:40,2026-07-30 05:18:54,2026-07-30 17:51:05,NG,Maitama,2026-07-30 21:15:40.673195,21,2026-07-30,21:15:40,Thursday
gurara,9.322,7.0232,clouds,broken clouds,stations,22.24,23.0,22.24,22.24,1016,95,1016,975,10000,1.04,189,1.22,54,2026-07-30 21:15:40,2026-07-30 05:22:05,2026-07-30 17:54:26,NG,Suleja,2026-07-30 21:15:41.226220,21,2026-07-30,21:15:40,Thursday
bwari,9.2856,7.3787,clouds,broken clouds,stations,20.99,21.65,20.99,20.99,1017,96,1017,954,10000,0.83,214,1.03,69,2026-07-30 21:15:41,2026-07-30 05:20:42,2026-07-30 17:52:57,NG,Maitama,2026-07-30 21:15:41.778957,21,2026-07-30,21:15:41,Thursday
gwagwalada,9.0764,6.9854,clouds,broken clouds,stations,23.28,24.09,23.28,23.28,1016,93,1016,993,10000,1.04,206,1.15,60,2026-07-30 21:15:41,2026-07-30 05:22:34,2026-07-30 17:54:14,NG,Kwali,2026-07-30 21:15:42.329717,21,2026-07-30,21:15:41,Thursday
makurdi,7.7306,8.5361,clouds,overcast clouds,stations,23.25,24.14,23.25,23.25,1016,96,1016,1005,10000,1.57,233,2.01,100,2026-07-30 21:15:42,2026-07-30 05:18:14,2026-07-30 17:46:11,NG,Walmayo,2026-07-30 21:15:42.890115,21,2026-07-30,21:15:42,Thursday
panda,9.2624,7.8385,clouds,broken clouds,stations,21.68,22.44,21.68,21.68,1017,97,1017,973,10000,0.46,325,0.61,83,2026-07-30 23:11:44,2026-07-31 05:19:03,2026-07-31 17:50:52,NG,Maitama,2026-07-30 23:11:44.675226,23,2026-07-30,23:11:44,Thursday
gurara,9.322,7.0232,clouds,broken clouds,stations,21.86,22.63,21.86,21.86,1016,97,1016,975,10000,0.85,217,0.98,67,2026-07-30 23:11:44,2026-07-31 05:22:14,2026-07-31 17:54:13,NG,Suleja,2026-07-30 23:11:44.839203,23,2026-07-30,23:11:44,Thursday
bwari,9.2856,7.3787,clouds,broken clouds,stations,20.57,21.22,20.57,20.57,1017,97,1017,954,10000,0.82,240,0.9,75,2026-07-30 23:11:44,2026-07-31 05:20:51,2026-07-31 17:52:44,NG,Maitama,2026-07-30 23:11:45.008134,23,2026-07-30,23:11:44,Thursday
gwagwalada,9.0764,6.9854,clouds,broken clouds,stations,22.78,23.59,22.78,22.78,1016,95,1016,993,10000,0.77,219,0.81,69,2026-07-30 23:11:45,2026-07-31 05:22:43,2026-07-31 17:54:02,NG,Kwali,2026-07-30 23:11:45.166649,23,2026-07-30,23:11:45,Thursday
makurdi,7.7306,8.5361,clouds,overcast clouds,stations,22.9,23.75,22.9,22.9,1016,96,1016,1005,10000,0.67,238,0.78,100,2026-07-30 23:11:45,2026-07-31 05:18:21,2026-07-31 17:45:59,NG,Walmayo,2026-07-30 23:11:45.333758,23,2026-07-30,23:11:45,Thursday
panda,9.2624,7.8385,clouds,overcast clouds,stations,21.38,22.11,21.38,21.38,1015,97,1015,971,10000,0.78,316,0.8,100,2026-07-31 03:25:32,2026-07-31 05:19:03,2026-07-31 17:50:52,NG,Maitama,2026-07-31 03:25:33.188946,3,2026-07-31,03:25:32,Friday
gurara,9.322,7.0232,clouds,overcast clouds,stations,21.39,22.14,21.39,21.39,1015,98,1015,974,10000,0.67,222,0.82,100,2026-07-31 03:25:33,2026-07-31 05:22:14,2026-07-31 17:54:13,NG,Suleja,2026-07-31 03:25:33.742474,3,2026-07-31,03:25:33,Friday
bwari,9.2856,7.3787,clouds,overcast clouds,stations,20.39,21.07,20.39,20.39,1015,99,1015,952,10000,0.79,247,0.92,100,2026-07-31 03:25:33,2026-07-31 05:20:51,2026-07-31 17:52:44,NG,Maitama,2026-07-31 03:25:34.293857,3,2026-07-31,03:25:33,Friday
gwagwalada,9.0764,6.9854,clouds,overcast clouds,stations,22.26,23.07,22.26,22.26,1015,97,1015,991,10000,0.47,258,0.53,100,2026-07-31 03:25:34,2026-07-31 05:22:43,2026-07-31 17:54:02,NG,Kwali,2026-07-31 03:25:34.847659,3,2026-07-31,03:25:34,Friday
makurdi,7.7306,8.5361,clouds,overcast clouds,stations,22.28,23.12,22.28,22.28,1014,98,1014,1003,10000,0.96,247,0.98,100,2026-07-31 03:25:34,2026-07-31 05:18:21,2026-07-31 17:45:59,NG,Walmayo,2026-07-31 03:25:35.400326,3,2026-07-31,03:25:34,Friday
panda,9.2624,7.8385,clouds,overcast clouds,stations,23.31,24.07,23.31,23.31,1016,91,1016,972,10000,0.86,308,1.36,96,2026-07-31 06:48:50,2026-07-31 05:19:03,2026-07-31 17:50:52,NG,Maitama,2026-07-31 06:48:50.643904,6,2026-07-31,06:48:50,Friday
gurara,9.322,7.0232,clouds,overcast clouds,stations,23.13,23.93,23.13,23.13,1016,93,1016,975,10000,0.84,224,1.35,95,2026-07-31 06:48:50,2026-07-31 05:22:14,2026-07-31 17:54:13,NG,Suleja,2026-07-31 06:48:51.298924,6,2026-07-31,06:48:50,Friday
bwari,9.2856,7.3787,clouds,overcast clouds,stations,22.29,23.0,22.29,22.29,1016,93,1016,953,10000,0.9,247,1.59,90,2026-07-31 06:48:51,2026-07-31 05:20:51,2026-07-31 17:52:44,NG,Maitama,2026-07-31 06:48:51.921796,6,2026-07-31,06:48:51,Friday
gwagwalada,9.0764,6.9854,clouds,overcast clouds,stations,23.88,24.73,23.88,23.88,1016,92,1016,992,10000,0.67,223,1.15,89,2026-07-31 06:48:52,2026-07-31 05:22:43,2026-07-31 17:54:02,NG,Kwali,2026-07-31 06:48:52.576843,6,2026-07-31,06:48:52,Friday
makurdi,7.7306,8.5361,rain,light rain,stations,24.05,24.94,24.05,24.05,1015,93,1015,1004,10000,0.99,276,1.5,100,2026-07-31 06:48:52,2026-07-31 05:18:21,2026-07-31 17:45:59,NG,Walmayo,2026-07-31 06:48:53.230215,6,2026-07-31,06:48:52,Friday
panda,9.2624,7.8385,rain,moderate rain,stations,27.61,30.64,27.61,27.61,1015,76,1015,971,10000,1.26,226,1.32,85,2026-07-31 10:43:57,2026-07-31 05:19:03,2026-07-31 17:50:52,NG,Maitama,2026-07-31 10:43:57.433310,10,2026-07-31,10:43:57,Friday
gurara,9.322,7.0232,rain,moderate rain,stations,25.88,26.74,25.88,25.88,1015,85,1015,974,10000,2.42,246,2.93,96,2026-07-31 10:43:57,2026-07-31 05:22:14,2026-07-31 17:54:13,NG,Suleja,2026-07-31 10:43:57.619702,10,2026-07-31,10:43:57,Friday
bwari,9.2856,7.3787,rain,moderate rain,stations,25.52,26.29,25.52,25.52,1015,83,1015,953,10000,2.25,253,2.39,89,2026-07-31 10:43:57,2026-07-31 05:20:51,2026-07-31 17:52:44,NG,Maitama,2026-07-31 10:43:57.785587,10,2026-07-31,10:43:57,Friday
gwagwalada,9.0764,6.9854,rain,moderate rain,stations,26.77,29.48,26.77,26.77,1015,83,1015,991,9746,2.59,248,3.37,95,2026-07-31 10:43:57,2026-07-31 05:22:43,2026-07-31 17:54:02,NG,Kwali,2026-07-31 10:43:57.949081,10,2026-07-31,10:43:57,Friday
makurdi,7.7306,8.5361,rain,light rain,stations,28.85,33.14,28.85,28.85,1014,74,1014,1003,10000,1.44,269,1.63,95,2026-07-31 10:43:58,2026-07-31 05:18:21,2026-07-31 17:45:59,NG,Walmayo,2026-07-31 10:43:58.115379,10,2026-07-31,10:43:58,Friday
panda,9.2624,7.8385,rain,moderate rain,stations,27.93,31.34,27.93,27.93,1012,76,1012,969,10000,1.31,276,1.53,91,2026-07-31 14:19:09,2026-07-31 05:19:03,2026-07-31 17:50:52,NG,Maitama,2026-07-31 14:19:09.557787,14,2026-07-31,14:19:09,Friday
gurara,9.322,7.0232,rain,moderate rain,stations,26.58,26.58,26.58,26.58,1012,82,1012,971,10000,1.72,269,2.09,100,2026-07-31 14:19:09,2026-07-31 05:22:14,2026-07-31 17:54:13,NG,Suleja,2026-07-31 14:19:10.112848,14,2026-07-31,14:19:09,Friday
bwari,9.2856,7.3787,rain,moderate rain,stations,25.36,26.17,25.36,25.36,1012,85,1012,950,10000,2.04,277,2.39,100,2026-07-31 14:19:10,2026-07-31 05:20:51,2026-07-31 17:52:44,NG,Maitama,2026-07-31 14:19:10.674363,14,2026-07-31,14:19:10,Friday
gwagwalada,9.0764,6.9854,rain,light rain,stations,28.29,32.01,28.29,28.29,1011,75,1011,989,10000,1.54,277,2.14,88,2026-07-31 14:19:10,2026-07-31 05:22:43,2026-07-31 17:54:02,NG,Kwali,2026-07-31 14:19:11.229784,14,2026-07-31,14:19:10,Friday
makurdi,7.7306,8.5361,clouds,broken clouds,stations,30.15,33.98,30.15,30.15,1011,64,1011,1000,10000,1.85,261,2.03,73,2026-07-31 14:19:11,2026-07-31 05:18:21,2026-07-31 17:45:59,NG,Walmayo,2026-07-31 14:19:11.500340,14,2026-07-31,14:19:11,Friday
panda,9.2624,7.8385,rain,light rain,stations,24.18,25.08,24.18,24.18,1012,93,1012,969,10000,1.49,296,1.57,85,2026-07-31 17:43:13,2026-07-31 05:19:03,2026-07-31 17:50:52,NG,Maitama,2026-07-31 17:43:14.417664,17,2026-07-31,17:43:13,Friday
gurara,9.322,7.0232,rain,light rain,stations,23.94,24.82,23.94,23.94,1012,93,1012,971,10000,0.94,297,1.17,87,2026-07-31 17:43:14,2026-07-31 05:22:14,2026-07-31 17:54:13,NG,Suleja,2026-07-31 17:43:14.975597,17,2026-07-31,17:43:14,Friday
bwari,9.2856,7.3787,rain,light rain,stations,22.74,23.58,22.74,22.74,1013,96,1013,950,10000,1.61,284,1.78,91,2026-07-31 17:43:15,2026-07-31 05:20:51,2026-07-31 17:52:44,NG,Maitama,2026-07-31 17:43:15.527760,17,2026-07-31,17:43:15,Friday
gwagwalada,9.0764,6.9854,clouds,overcast clouds,stations,24.99,25.89,24.99,24.99,1012,90,1012,989,10000,0.85,309,0.91,86,2026-07-31 17:43:15,2026-07-31 05:22:43,2026-07-31 17:54:02,NG,Kwali,2026-07-31 17:43:16.082118,17,2026-07-31,17:43:15,Friday
makurdi,7.7306,8.5361,clouds,broken clouds,stations,26.01,26.01,26.01,26.01,1011,83,1011,1000,10000,1.64,224,1.63,57,2026-07-31 17:43:16,2026-07-31 05:18:21,2026-07-31 17:45:59,NG,Walmayo,2026-07-31 17:43:16.633403,17,2026-07-31,17:43:16,Friday
panda,9.2624,7.8385,rain,moderate rain,stations,23.45,24.28,23.45,23.45,1014,93,1014,970,10000,1.28,278,1.71,100,2026-07-31 19:40:34,2026-07-31 05:19:03,2026-07-31 17:50:52,NG,Maitama,2026-07-31 19:40:35.010905,19,2026-07-31,19:40:34,Friday
gurara,9.322,7.0232,rain,light rain,stations,23.3,24.14,23.3,23.3,1013,94,1013,973,10000,0.72,258,0.83,98,2026-07-31 19:40:35,2026-07-31 05:22:14,2026-07-31 17:54:13,NG,Suleja,2026-07-31 19:40:35.598053,19,2026-07-31,19:40:35,Friday
bwari,9.2856,7.3787,rain,light rain,stations,22.27,23.06,22.27,22.27,1014,96,1014,951,10000,1.09,267,1.54,100,2026-07-31 19:40:35,2026-07-31 05:20:51,2026-07-31 17:52:44,NG,Maitama,2026-07-31 19:40:36.190706,19,2026-07-31,19:40:35,Friday
gwagwalada,9.0764,6.9854,clouds,overcast clouds,stations,24.32,25.18,24.32,24.32,1013,91,1013,990,10000,0.78,292,0.8,100,2026-07-31 19:40:36,2026-07-31 05:22:43,2026-07-31 17:54:02,NG,Kwali,2026-07-31 19:40:36.561455,19,2026-07-31,19:40:36,Friday
makurdi,7.7306,8.5361,clouds,overcast clouds,stations,24.75,25.58,24.75,24.75,1013,88,1013,1002,10000,1.78,242,2.22,99,2026-07-31 19:40:36,2026-07-31 05:18:21,2026-07-31 17:45:59,NG,Walmayo,2026-07-31 19:40:37.145142,19,2026-07-31,19:40:36,Friday
panda,9.2624,7.8385,rain,moderate rain,stations,23.54,24.33,23.54,23.54,1015,91,1015,971,10000,1.4,236,1.48,100,2026-07-31 21:10:50,2026-07-31 05:19:03,2026-07-31 17:50:52,NG,Maitama,2026-07-31 21:10:51.248799,21,2026-07-31,21:10:50,Friday
gurara,9.322,7.0232,rain,light rain,stations,22.9,23.7,22.9,22.9,1014,94,1014,973,7533,0.29,310,0.44,99,2026-07-31 21:10:51,2026-07-31 05:22:14,2026-07-31 17:54:13,NG,Suleja,2026-07-31 21:10:51.802190,21,2026-07-31,21:10:51,Friday
bwari,9.2856,7.3787,rain,moderate rain,stations,22.25,22.96,22.25,22.25,1015,93,1015,952,10000,0.77,262,0.85,100,2026-07-31 21:10:51,2026-07-31 05:20:51,2026-07-31 17:52:44,NG,Maitama,2026-07-31 21:10:52.353634,21,2026-07-31,21:10:51,Friday
gwagwalada,9.0764,6.9854,rain,light rain,stations,24.1,24.94,24.1,24.1,1014,91,1014,990,10000,0.26,338,0.31,100,2026-07-31 21:10:52,2026-07-31 05:22:43,2026-07-31 17:54:02,NG,Kwali,2026-07-31 21:10:52.910737,21,2026-07-31,21:10:52,Friday
makurdi,7.7306,8.5361,clouds,overcast clouds,stations,24.45,25.27,24.45,24.45,1014,89,1014,1002,10000,1.76,237,2.06,96,2026-07-31 21:10:52,2026-07-31 05:18:21,2026-07-31 17:45:59,NG,Walmayo,2026-07-31 21:10:53.198324,21,2026-07-31,21:10:52,Friday
panda,9.2624,7.8385,clouds,overcast clouds,stations,23.06,23.82,23.06,23.06,1014,92,1014,970,10000,1.24,263,1.32,100,2026-07-31 23:05:56,2026-08-01 05:19:12,2026-08-01 17:50:39,NG,Maitama,2026-07-31 23:05:56.364225,23,2026-07-31,23:05:56,Friday
gurara,9.322,7.0232,rain,light rain,stations,22.93,23.73,22.93,22.93,1014,94,1014,973,10000,0.23,329,0.44,99,2026-07-31 23:05:56,2026-08-01 05:22:22,2026-08-01 17:53:59,NG,Suleja,2026-07-31 23:05:56.916783,23,2026-07-31,23:05:56,Friday
bwari,9.2856,7.3787,rain,light rain,stations,22.02,22.68,22.02,22.02,1015,92,1015,952,10000,1.03,261,1.13,100,2026-07-31 23:05:56,2026-08-01 05:21:00,2026-08-01 17:52:31,NG,Maitama,2026-07-31 23:05:57.468135,23,2026-07-31,23:05:56,Friday
gwagwalada,9.0764,6.9854,rain,light rain,stations,23.94,24.79,23.94,23.94,1014,92,1014,990,10000,0.49,10,0.5,100,2026-07-31 23:05:57,2026-08-01 05:22:51,2026-08-01 17:53:48,NG,Kwali,2026-07-31 23:05:58.021351,23,2026-07-31,23:05:57,Friday
makurdi,7.7306,8.5361,rain,light rain,stations,23.8,24.61,23.8,23.8,1013,91,1013,1002,10000,1.88,223,3.02,97,2026-07-31 23:05:58,2026-08-01 05:18:28,2026-08-01 17:45:48,NG,Walmayo,2026-07-31 23:05:58.570720,23,2026-07-31,23:05:58,Friday
panda,9.2624,7.8385,clouds,overcast clouds,stations,22.13,22.85,22.13,22.13,1012,94,1012,968,10000,0.24,329,0.38,100,2026-08-01 03:24:01,2026-08-01 05:19:12,2026-08-01 17:50:39,NG,Maitama,2026-08-01 03:24:01.633863,3,2026-08-01,03:24:01,Saturday
gurara,9.322,7.0232,clouds,overcast clouds,stations,22.14,22.89,22.14,22.14,1012,95,1012,971,10000,0.72,169,0.75,100,2026-08-01 03:24:01,2026-08-01 05:22:22,2026-08-01 17:53:59,NG,Suleja,2026-08-01 03:24:02.189369,3,2026-08-01,03:24:01,Saturday
bwari,9.2856,7.3787,clouds,overcast clouds,stations,21.12,21.77,21.12,21.12,1012,95,1012,949,10000,0.49,204,0.67,98,2026-08-01 03:24:02,2026-08-01 05:21:00,2026-08-01 17:52:31,NG,Maitama,2026-08-01 03:24:02.743628,3,2026-08-01,03:24:02,Saturday
gwagwalada,9.0764,6.9854,clouds,overcast clouds,stations,23.02,23.86,23.02,23.02,1011,95,1011,988,10000,0.64,180,0.71,100,2026-08-01 03:24:02,2026-08-01 05:22:51,2026-08-01 17:53:48,NG,Kwali,2026-08-01 03:24:03.301462,3,2026-08-01,03:24:02,Saturday
makurdi,7.7306,8.5361,rain,moderate rain,stations,22.84,23.74,22.84,22.84,1012,98,1012,1000,6298,2.07,196,6.7,100,2026-08-01 03:24:03,2026-08-01 05:18:28,2026-08-01 17:45:48,NG,Walmayo,2026-08-01 03:24:03.854149,3,2026-08-01,03:24:03,Saturday
panda,9.2624,7.8385,rain,moderate rain,stations,22.5,23.31,22.5,22.5,1014,96,1014,971,10000,0.18,353,0.51,100,2026-08-01 06:33:26,2026-08-01 05:19:12,2026-08-01 17:50:39,NG,Maitama,2026-08-01 06:33:26.614149,6,2026-08-01,06:33:26,Saturday
gurara,9.322,7.0232,rain,light rain,stations,22.96,23.79,22.96,22.96,1014,95,1014,973,10000,0.87,184,1.57,100,2026-08-01 06:33:26,2026-08-01 05:22:22,2026-08-01 17:53:59,NG,Suleja,2026-08-01 06:33:26.710173,6,2026-08-01,06:33:26,Saturday
bwari,9.2856,7.3787,rain,moderate rain,stations,22.27,23.01,22.27,22.27,1014,94,1014,951,10000,0.67,197,1.09,100,2026-08-01 06:33:26,2026-08-01 05:21:00,2026-08-01 17:52:31,NG,Maitama,2026-08-01 06:33:26.804213,6,2026-08-01,06:33:26,Saturday
gwagwalada,9.0764,6.9854,clouds,overcast clouds,stations,23.99,24.9,23.99,23.99,1014,94,1014,991,10000,0.89,207,1.68,100,2026-08-01 06:33:26,2026-08-01 05:22:51,2026-08-01 17:53:48,NG,Kwali,2026-08-01 06:33:26.901646,6,2026-08-01,06:33:26,Saturday
makurdi,7.7306,8.5361,rain,moderate rain,stations,23.0,23.91,23.0,23.0,1014,98,1014,1002,7843,1.82,238,4.85,100,2026-08-01 06:33:26,2026-08-01 05:18:28,2026-08-01 17:45:48,NG,Walmayo,2026-08-01 06:33:26.997142,6,2026-08-01,06:33:26,Saturday
panda,9.2624,7.8385,rain,moderate rain,stations,25.74,26.56,25.74,25.74,1014,84,1014,970,10000,1.3,219,1.97,100,2026-08-01 10:03:03,2026-08-01 05:19:12,2026-08-01 17:50:39,NG,Maitama,2026-08-01 10:03:03.716513,10,2026-08-01,10:03:03,Saturday
gurara,9.322,7.0232,clouds,overcast clouds,stations,24.36,25.23,24.36,24.36,1014,91,1014,973,10000,1.49,225,2.47,100,2026-08-01 10:03:03,2026-08-01 05:22:22,2026-08-01 17:53:59,NG,Suleja,2026-08-01 10:03:03.828412,10,2026-08-01,10:03:03,Saturday
bwari,9.2856,7.3787,rain,light rain,stations,22.69,23.47,22.69,22.69,1014,94,1014,951,10000,1.18,241,2.26,100,2026-08-01 10:03:03,2026-08-01 05:21:00,2026-08-01 17:52:31,NG,Maitama,2026-08-01 10:03:03.919054,10,2026-08-01,10:03:03,Saturday
gwagwalada,9.0764,6.9854,rain,light rain,stations,25.34,26.25,25.34,25.34,1013,89,1013,990,10000,1.52,241,2.72,100,2026-08-01 10:03:03,2026-08-01 05:22:51,2026-08-01 17:53:48,NG,Kwali,2026-08-01 10:03:04.026350,10,2026-08-01,10:03:03,Saturday
makurdi,7.7306,8.5361,rain,light rain,stations,24.59,25.53,24.59,24.59,1013,93,1013,1002,10000,2.44,202,5.35,100,2026-08-01 10:03:04,2026-08-01 05:18:28,2026-08-01 17:45:48,NG,Walmayo,2026-08-01 10:03:04.121809,10,2026-08-01,10:03:04,Saturday
panda,9.2624,7.8385,rain,light rain,stations,25.9,26.63,25.9,25.9,1011,80,1011,968,10000,1.76,224,1.53,100,2026-08-01 13:37:11,2026-08-01 05:19:12,2026-08-01 17:50:39,NG,Maitama,2026-08-01 13:37:12.234795,13,2026-08-01,13:37:11,Saturday
gurara,9.322,7.0232,rain,light rain,stations,25.19,26.04,25.19,25.19,1011,87,1011,970,10000,0.06,183,0.66,100,2026-08-01 13:37:12,2026-08-01 05:22:22,2026-08-01 17:53:59,NG,Suleja,2026-08-01 13:37:12.810524,13,2026-08-01,13:37:12,Saturday
bwari,9.2856,7.3787,clouds,overcast clouds,stations,23.42,24.14,23.42,23.42,1011,89,1011,949,10000,0.45,207,0.72,100,2026-08-01 13:37:12,2026-08-01 05:21:00,2026-08-01 17:52:31,NG,Maitama,2026-08-01 13:37:13.379502,13,2026-08-01,13:37:12,Saturday
gwagwalada,9.0764,6.9854,rain,moderate rain,stations,25.95,25.95,25.95,25.95,1010,87,1010,987,10000,0.1,108,0.48,100,2026-08-01 13:37:13,2026-08-01 05:22:51,2026-08-01 17:53:48,NG,Kwali,2026-08-01 13:37:13.947679,13,2026-08-01,13:37:13,Saturday
makurdi,7.7306,8.5361,rain,light rain,stations,25.31,26.19,25.31,25.31,1011,88,1011,1000,10000,2.64,270,4.35,100,2026-08-01 13:37:14,2026-08-01 05:18:28,2026-08-01 17:45:48,NG,Walmayo,2026-08-01 13:37:14.385763,13,2026-08-01,13:37:14,Saturday
panda,9.2624,7.8385,rain,light rain,stations,24.65,25.47,24.65,24.65,1011,88,1011,967,10000,1.38,222,1.97,100,2026-08-01 15:04:04,2026-08-01 05:19:12,2026-08-01 17:50:39,NG,Maitama,2026-08-01 15:04:05.062250,15,2026-08-01,15:04:04,Saturday
gurara,9.322,7.0232,rain,moderate rain,stations,25.11,25.97,25.11,25.11,1010,88,1010,970,10000,0.39,185,0.53,99,2026-08-01 15:04:05,2026-08-01 05:22:22,2026-08-01 17:53:59,NG,Suleja,2026-08-01 15:04:05.624593,15,2026-08-01,15:04:05,Saturday
bwari,9.2856,7.3787,rain,light rain,stations,23.69,24.41,23.69,23.69,1011,88,1011,949,10000,0.5,121,0.69,100,2026-08-01 15:04:05,2026-08-01 05:21:00,2026-08-01 17:52:31,NG,Maitama,2026-08-01 15:04:06.188290,15,2026-08-01,15:04:05,Saturday
gwagwalada,9.0764,6.9854,rain,moderate rain,stations,25.65,26.57,25.65,25.65,1010,88,1010,987,10000,0.38,129,0.41,100,2026-08-01 15:04:06,2026-08-01 05:22:51,2026-08-01 17:53:48,NG,Kwali,2026-08-01 15:04:06.756718,15,2026-08-01,15:04:06,Saturday
makurdi,7.7306,8.5361,rain,light rain,stations,25.03,25.91,25.03,25.03,1010,89,1010,999,10000,2.48,280,4.02,100,2026-08-01 15:04:06,2026-08-01 05:18:28,2026-08-01 17:45:48,NG,Walmayo,2026-08-01 15:04:07.321703,15,2026-08-01,15:04:06,Saturday
panda,9.2624,7.8385,clouds,overcast clouds,stations,24.22,25.07,24.22,24.22,1011,91,1011,968,10000,1.09,179,1.56,100,2026-08-01 17:04:26,2026-08-01 05:19:12,2026-08-01 17:50:39,NG,Maitama,2026-08-01 17:04:26.708243,17,2026-08-01,17:04:26,Saturday
gurara,9.322,7.0232,rain,light rain,stations,23.62,24.49,23.62,23.62,1011,94,1011,970,10000,1.04,188,1.12,99,2026-08-01 17:04:26,2026-08-01 05:22:22,2026-08-01 17:53:59,NG,Suleja,2026-08-01 17:04:27.337420,17,2026-08-01,17:04:26,Saturday
bwari,9.2856,7.3787,rain,light rain,stations,22.64,23.39,22.64,22.64,1011,93,1011,949,10000,1.04,147,1.35,100,2026-08-01 17:04:27,2026-08-01 05:21:00,2026-08-01 17:52:31,NG,Maitama,2026-08-01 17:04:27.985696,17,2026-08-01,17:04:27,Saturday
gwagwalada,9.0764,6.9854,rain,light rain,stations,24.48,25.41,24.48,24.48,1010,93,1010,987,10000,1.18,182,1.22,100,2026-08-01 17:04:28,2026-08-01 05:22:51,2026-08-01 17:53:48,NG,Kwali,2026-08-01 17:04:28.639614,17,2026-08-01,17:04:28,Saturday
makurdi,7.7306,8.5361,rain,light rain,stations,24.59,25.48,24.59,24.59,1011,91,1011,1000,10000,1.08,283,2.07,99,2026-08-01 17:04:28,2026-08-01 05:18:28,2026-08-01 17:45:48,NG,Walmayo,2026-08-01 17:04:29.284360,17,2026-08-01,17:04:28,Saturday
panda,9.2624,7.8385,rain,light rain,stations,22.33,23.07,22.33,22.33,1012,94,1012,969,10000,0.57,264,0.72,100,2026-08-01 19:15:23,2026-08-01 05:19:12,2026-08-01 17:50:39,NG,Maitama,2026-08-01 19:15:24.219231,19,2026-08-01,19:15:23,Saturday
gurara,9.322,7.0232,rain,moderate rain,stations,22.54,23.3,22.54,22.54,1012,94,1012,971,10000,1.26,98,1.47,97,2026-08-01 19:15:24,2026-08-01 05:22:22,2026-08-01 17:53:59,NG,Suleja,2026-08-01 19:15:24.773606,19,2026-08-01,19:15:24,Saturday
bwari,9.2856,7.3787,clouds,overcast clouds,stations,21.22,21.83,21.22,21.22,1012,93,1012,949,10000,0.76,98,0.81,98,2026-08-01 19:15:24,2026-08-01 05:21:00,2026-08-01 17:52:31,NG,Maitama,2026-08-01 19:15:25.323203,19,2026-08-01,19:15:24,Saturday
gwagwalada,9.0764,6.9854,rain,light rain,stations,23.68,24.56,23.68,23.68,1012,94,1012,988,10000,1.07,114,1.11,100,2026-08-01 19:15:25,2026-08-01 05:22:51,2026-08-01 17:53:48,NG,Kwali,2026-08-01 19:15:25.874173,19,2026-08-01,19:15:25,Saturday
makurdi,7.7306,8.5361,rain,light rain,stations,23.94,24.82,23.94,23.94,1012,93,1012,1000,10000,0.41,158,0.68,97,2026-08-01 19:15:25,2026-08-01 05:18:28,2026-08-01 17:45:48,NG,Walmayo,2026-08-01 19:15:26.423979,19,2026-08-01,19:15:25,Saturday
panda,9.2624,7.8385,clouds,overcast clouds,stations,21.84,22.56,21.84,21.84,1013,95,1013,969,10000,1.1,182,1.09,100,2026-08-01 20:58:40,2026-08-01 05:19:12,2026-08-01 17:50:39,NG,Maitama,2026-08-01 20:58:40.230386,20,2026-08-01,20:58:40,Saturday
gurara,9.322,7.0232,clouds,overcast clouds,stations,22.44,23.19,22.44,22.44,1012,94,1012,971,10000,1.31,156,1.5,99,2026-08-01 20:58:40,2026-08-01 05:22:22,2026-08-01 17:53:59,NG,Suleja,2026-08-01 20:58:40.360342,20,2026-08-01,20:58:40,Saturday
bwari,9.2856,7.3787,clouds,overcast clouds,stations,21.23,21.86,21.23,21.23,1013,94,1013,950,10000,1.62,161,1.98,99,2026-08-01 20:58:40,2026-08-01 05:21:00,2026-08-01 17:52:31,NG,Maitama,2026-08-01 20:58:40.499604,20,2026-08-01,20:58:40,Saturday
gwagwalada,9.0764,6.9854,clouds,overcast clouds,stations,23.44,24.32,23.44,23.44,1012,95,1012,989,10000,1.22,168,1.37,94,2026-08-01 20:58:40,2026-08-01 05:22:51,2026-08-01 17:53:48,NG,Kwali,2026-08-01 20:58:40.621749,20,2026-08-01,20:58:40,Saturday
makurdi,7.7306,8.5361,rain,light rain,stations,23.55,24.42,23.55,23.55,1013,94,1013,1001,10000,1.99,200,4.55,98,2026-08-01 20:58:40,2026-08-01 05:18:28,2026-08-01 17:45:48,NG,Walmayo,2026-08-01 20:58:40.748588,20,2026-08-01,20:58:40,Saturday
panda,9.2624,7.8385,rain,light rain,stations,21.4,22.13,21.4,21.4,1014,97,1014,969,7594,0.87,127,0.89,100,2026-08-01 22:58:07,2026-08-01 05:19:12,2026-08-01 17:50:39,NG,Maitama,2026-08-01 22:58:07.734630,22,2026-08-01,22:58:07,Saturday
gurara,9.322,7.0232,rain,light rain,stations,22.14,22.94,22.14,22.14,1013,97,1013,972,10000,1.19,179,1.36,98,2026-08-01 22:58:07,2026-08-01 05:22:22,2026-08-01 17:53:59,NG,Suleja,2026-08-01 22:58:07.789238,22,2026-08-01,22:58:07,Saturday
bwari,9.2856,7.3787,rain,light rain,stations,20.75,21.41,20.75,20.75,1013,97,1013,950,10000,1.21,170,1.18,99,2026-08-01 22:58:07,2026-08-01 05:21:00,2026-08-01 17:52:31,NG,Maitama,2026-08-01 22:58:07.840141,22,2026-08-01,22:58:07,Saturday
gwagwalada,9.0764,6.9854,rain,light rain,stations,22.94,23.82,22.94,22.94,1013,97,1013,989,10000,0.94,194,1.03,90,2026-08-01 22:58:07,2026-08-01 05:22:51,2026-08-01 17:53:48,NG,Kwali,2026-08-01 22:58:07.892939,22,2026-08-01,22:58:07,Saturday
makurdi,7.7306,8.5361,rain,light rain,stations,23.21,24.07,23.21,23.21,1013,95,1013,1002,10000,3.62,198,11.35,99,2026-08-01 22:58:07,2026-08-01 05:18:28,2026-08-01 17:45:48,NG,Walmayo,2026-08-01 22:58:07.940644,22,2026-08-01,22:58:07,Saturday
panda,9.2624,7.8385,rain,moderate rain,stations,21.67,22.48,21.67,21.67,1013,99,1013,969,1290,1.01,156,2.36,100,2026-08-02 03:23:48,2026-08-02 05:19:20,2026-08-02 17:50:24,NG,Maitama,2026-08-02 03:23:48.689282,3,2026-08-02,03:23:48,Sunday
gurara,9.322,7.0232,rain,moderate rain,stations,21.46,22.25,21.46,21.46,1012,99,1012,971,10000,2.01,168,6.36,100,2026-08-02 03:23:48,2026-08-02 05:22:31,2026-08-02 17:53:45,NG,Suleja,2026-08-02 03:23:48.737363,3,2026-08-02,03:23:48,Sunday
bwari,9.2856,7.3787,rain,light rain,stations,20.78,21.47,20.78,20.78,1013,98,1013,950,10000,2.54,188,8.41,100,2026-08-02 03:23:48,2026-08-02 05:21:08,2026-08-02 17:52:16,NG,Maitama,2026-08-02 03:23:48.783609,3,2026-08-02,03:23:48,Sunday
gwagwalada,9.0764,6.9854,rain,moderate rain,stations,22.25,23.09,22.25,22.25,1012,98,1012,989,10000,1.39,174,4.58,100,2026-08-02 03:23:48,2026-08-02 05:22:59,2026-08-02 17:53:34,NG,Kwali,2026-08-02 03:23:48.834637,3,2026-08-02,03:23:48,Sunday
makurdi,7.7306,8.5361,rain,light rain,stations,22.57,23.42,22.57,22.57,1012,97,1012,1001,10000,2.6,194,9.49,100,2026-08-02 03:23:48,2026-08-02 05:18:34,2026-08-02 17:45:35,NG,Walmayo,2026-08-02 03:23:48.884882,3,2026-08-02,03:23:48,Sunday
panda,9.2624,7.8385,rain,light rain,stations,22.05,22.9,22.05,22.05,1015,99,1015,971,2118,1.07,152,2.42,100,2026-08-02 06:37:32,2026-08-02 05:19:20,2026-08-02 17:50:24,NG,Maitama,2026-08-02 06:37:32.696141,6,2026-08-02,06:37:32,Sunday
gurara,9.322,7.0232,clouds,overcast clouds,stations,22.31,23.13,22.31,22.31,1014,97,1014,973,10000,1.77,179,3.67,100,2026-08-02 06:37:32,2026-08-02 05:22:31,2026-08-02 17:53:45,NG,Suleja,2026-08-02 06:37:32.795912,6,2026-08-02,06:37:32,Sunday
bwari,9.2856,7.3787,clouds,overcast clouds,stations,21.15,21.85,21.15,21.15,1015,97,1015,952,10000,1.87,186,5.08,100,2026-08-02 06:37:32,2026-08-02 05:21:08,2026-08-02 17:52:16,NG,Maitama,2026-08-02 06:37:32.893703,6,2026-08-02,06:37:32,Sunday
gwagwalada,9.0764,6.9854,clouds,overcast clouds,stations,23.18,24.03,23.18,23.18,1014,95,1014,991,10000,1.37,171,2.76,100,2026-08-02 06:37:32,2026-08-02 05:22:59,2026-08-02 17:53:34,NG,Kwali,2026-08-02 06:37:32.990256,6,2026-08-02,06:37:32,Sunday
makurdi,7.7306,8.5361,rain,moderate rain,stations,23.26,24.15,23.26,23.26,1014,96,1014,1003,6727,2.14,205,6.35,100,2026-08-02 06:37:33,2026-08-02 05:18:34,2026-08-02 17:45:35,NG,Walmayo,2026-08-02 06:37:33.081350,6,2026-08-02,06:37:33,Sunday
panda,9.2624,7.8385,rain,moderate rain,stations,23.97,24.82,23.97,23.97,1015,92,1015,972,10000,1.79,148,2.77,98,2026-08-02 10:00:51,2026-08-02 05:19:20,2026-08-02 17:50:24,NG,Maitama,2026-08-02 10:00:51.642376,10,2026-08-02,10:00:51,Sunday
gurara,9.322,7.0232,rain,moderate rain,stations,24.49,25.34,24.49,24.49,1015,90,1015,974,6973,2.2,182,3.22,100,2026-08-02 10:00:51,2026-08-02 05:22:31,2026-08-02 17:53:45,NG,Suleja,2026-08-02 10:00:51.746529,10,2026-08-02,10:00:51,Sunday
bwari,9.2856,7.3787,rain,moderate rain,stations,23.66,24.43,23.66,23.66,1015,90,1015,952,7029,2.47,192,3.74,100,2026-08-02 10:00:51,2026-08-02 05:21:08,2026-08-02 17:52:16,NG,Maitama,2026-08-02 10:00:51.850218,10,2026-08-02,10:00:51,Sunday
gwagwalada,9.0764,6.9854,rain,moderate rain,stations,25.4,26.29,25.4,25.4,1014,88,1014,991,6147,2.43,186,3.52,100,2026-08-02 10:00:51,2026-08-02 05:22:59,2026-08-02 17:53:34,NG,Kwali,2026-08-02 10:00:51.944803,10,2026-08-02,10:00:51,Sunday
makurdi,7.7306,8.5361,rain,moderate rain,stations,23.56,24.45,23.56,23.56,1015,95,1015,1004,5882,2.47,198,6.95,100,2026-08-02 10:00:52,2026-08-02 05:18:34,2026-08-02 17:45:35,NG,Walmayo,2026-08-02 10:00:52.035777,10,2026-08-02,10:00:52,Sunday
panda,9.2624,7.8385,rain,light rain,stations,24.17,25.04,24.17,24.17,1013,92,1013,969,10000,3.59,158,5.36,97,2026-08-02 13:37:37,2026-08-02 05:19:20,2026-08-02 17:50:24,NG,Maitama,2026-08-02 13:37:37.170138,13,2026-08-02,13:37:37,Sunday
gurara,9.322,7.0232,rain,moderate rain,stations,25.61,26.52,25.61,25.61,1011,88,1011,971,10000,2.82,170,4.23,99,2026-08-02 13:37:37,2026-08-02 05:22:31,2026-08-02 17:53:45,NG,Suleja,2026-08-02 13:37:37.223998,13,2026-08-02,13:37:37,Sunday
bwari,9.2856,7.3787,rain,moderate rain,stations,23.28,24.09,23.28,23.28,1012,93,1012,950,10000,2.67,150,4.85,100,2026-08-02 13:37:37,2026-08-02 05:21:08,2026-08-02 17:52:16,NG,Maitama,2026-08-02 13:37:37.269911,13,2026-08-02,13:37:37,Sunday
gwagwalada,9.0764,6.9854,rain,moderate rain,stations,26.38,26.38,26.38,26.38,1011,87,1011,988,10000,2.78,170,4.42,97,2026-08-02 13:37:37,2026-08-02 05:22:59,2026-08-02 17:53:34,NG,Kwali,2026-08-02 13:37:37.322098,13,2026-08-02,13:37:37,Sunday
makurdi,7.7306,8.5361,rain,light rain,stations,23.29,24.21,23.29,23.29,1012,97,1012,1001,10000,1.61,209,4.36,100,2026-08-02 13:37:37,2026-08-02 05:18:34,2026-08-02 17:45:35,NG,Walmayo,2026-08-02 13:37:37.405399,13,2026-08-02,13:37:37,Sunday
panda,9.2624,7.8385,rain,light rain,stations,23.35,24.2,23.35,23.35,1013,94,1013,969,10000,2.83,152,5.13,98,2026-08-02 15:05:58,2026-08-02 05:19:20,2026-08-02 17:50:24,NG,Maitama,2026-08-02 15:05:59.213402,15,2026-08-02,15:05:58,Sunday
gurara,9.322,7.0232,rain,moderate rain,stations,23.85,24.72,23.85,23.85,1011,93,1011,970,4550,2.71,152,5.32,99,2026-08-02 15:05:59,2026-08-02 05:22:31,2026-08-02 17:53:45,NG,Suleja,2026-08-02 15:05:59.766460,15,2026-08-02,15:05:59,Sunday
bwari,9.2856,7.3787,rain,moderate rain,stations,22.25,23.04,22.25,22.25,1012,96,1012,949,10000,2.69,139,5.6,100,2026-08-02 15:05:59,2026-08-02 05:21:08,2026-08-02 17:52:16,NG,Maitama,2026-08-02 15:06:00.328994,15,2026-08-02,15:05:59,Sunday
gwagwalada,9.0764,6.9854,rain,moderate rain,stations,24.23,25.14,24.23,24.23,1011,93,1011,988,5208,2.75,155,6.02,98,2026-08-02 15:06:00,2026-08-02 05:22:59,2026-08-02 17:53:34,NG,Kwali,2026-08-02 15:06:00.882021,15,2026-08-02,15:06:00,Sunday
makurdi,7.7306,8.5361,rain,light rain,stations,23.61,24.53,23.61,23.61,1012,96,1012,1000,10000,1.99,218,4.63,100,2026-08-02 15:06:00,2026-08-02 05:18:34,2026-08-02 17:45:35,NG,Walmayo,2026-08-02 15:06:01.441229,15,2026-08-02,15:06:00,Sunday
panda,9.2624,7.8385,clouds,overcast clouds,stations,22.31,23.13,22.31,22.31,1013,97,1013,969,10000,1.14,168,2.52,99,2026-08-02 17:05:08,2026-08-02 05:19:20,2026-08-02 17:50:24,NG,Maitama,2026-08-02 17:05:09.204256,17,2026-08-02,17:05:08,Sunday
gurara,9.322,7.0232,rain,moderate rain,stations,22.26,23.1,22.26,22.26,1013,98,1013,972,6943,1.96,148,5.64,100,2026-08-02 17:05:09,2026-08-02 05:22:31,2026-08-02 17:53:45,NG,Suleja,2026-08-02 17:05:09.756895,17,2026-08-02,17:05:09,Sunday
bwari,9.2856,7.3787,rain,moderate rain,stations,21.61,22.39,21.61,21.61,1013,98,1013,950,10000,1.63,170,4.21,100,2026-08-02 17:05:09,2026-08-02 05:21:08,2026-08-02 17:52:16,NG,Maitama,2026-08-02 17:05:10.305127,17,2026-08-02,17:05:09,Sunday
gwagwalada,9.0764,6.9854,rain,moderate rain,stations,23.3,24.17,23.3,23.3,1012,95,1012,989,10000,1.63,145,3.86,99,2026-08-02 17:05:10,2026-08-02 05:22:59,2026-08-02 17:53:34,NG,Kwali,2026-08-02 17:05:10.854963,17,2026-08-02,17:05:10,Sunday
makurdi,7.7306,8.5361,clouds,overcast clouds,stations,23.81,24.78,23.81,23.81,1012,97,1012,1001,10000,1.27,232,4.57,100,2026-08-02 17:05:10,2026-08-02 05:18:34,2026-08-02 17:45:35,NG,Walmayo,2026-08-02 17:05:11.403662,17,2026-08-02,17:05:10,Sunday
panda,9.2624,7.8385,rain,light rain,stations,22.68,23.51,22.68,22.68,1014,96,1014,970,10000,1.33,179,1.47,92,2026-08-02 19:16:56,2026-08-02 05:19:20,2026-08-02 17:50:24,NG,Maitama,2026-08-02 19:16:56.677212,19,2026-08-02,19:16:56,Sunday
gurara,9.322,7.0232,rain,moderate rain,stations,22.88,23.65,22.88,22.88,1014,93,1014,972,9446,2.63,180,6.38,100,2026-08-02 19:16:56,2026-08-02 05:22:31,2026-08-02 17:53:45,NG,Suleja,2026-08-02 19:16:57.229643,19,2026-08-02,19:16:56,Sunday
bwari,9.2856,7.3787,rain,moderate rain,stations,21.57,22.26,21.57,21.57,1014,95,1014,951,10000,2.04,181,4.96,80,2026-08-02 19:16:57,2026-08-02 05:21:08,2026-08-02 17:52:16,NG,Maitama,2026-08-02 19:16:57.780964,19,2026-08-02,19:16:57,Sunday
gwagwalada,9.0764,6.9854,rain,moderate rain,stations,23.48,24.34,23.48,23.48,1013,94,1013,990,4260,2.33,183,7.13,100,2026-08-02 19:16:57,2026-08-02 05:22:59,2026-08-02 17:53:34,NG,Kwali,2026-08-02 19:16:58.339777,19,2026-08-02,19:16:57,Sunday
makurdi,7.7306,8.5361,rain,moderate rain,stations,23.42,24.32,23.42,23.42,1013,96,1013,1002,7259,1.63,241,3.07,100,2026-08-02 19:16:58,2026-08-02 05:18:34,2026-08-02 17:45:35,NG,Walmayo,2026-08-02 19:16:58.571064,19,2026-08-02,19:16:58,Sunday
panda,9.2624,7.8385,rain,light rain,stations,22.07,22.87,22.07,22.07,1016,97,1016,972,10000,1.59,204,5.08,97,2026-08-02 21:00:24,2026-08-02 05:19:20,2026-08-02 17:50:24,NG,Maitama,2026-08-02 21:00:24.201743,21,2026-08-02,21:00:24,Sunday
gurara,9.322,7.0232,rain,moderate rain,stations,22.46,23.24,22.46,22.46,1015,95,1015,974,4122,3.98,210,9.18,100,2026-08-02 21:00:24,2026-08-02 05:22:31,2026-08-02 17:53:45,NG,Suleja,2026-08-02 21:00:24.373647,21,2026-08-02,21:00:24,Sunday
bwari,9.2856,7.3787,rain,moderate rain,stations,21.4,22.1,21.4,21.4,1016,96,1016,953,10000,3.42,206,9.7,93,2026-08-02 21:00:24,2026-08-02 05:21:08,2026-08-02 17:52:16,NG,Maitama,2026-08-02 21:00:24.555042,21,2026-08-02,21:00:24,Sunday
gwagwalada,9.0764,6.9854,rain,moderate rain,stations,23.2,24.03,23.2,23.2,1015,94,1015,992,5779,3.61,214,9.76,100,2026-08-02 21:00:24,2026-08-02 05:22:59,2026-08-02 17:53:34,NG,Kwali,2026-08-02 21:00:24.739417,21,2026-08-02,21:00:24,Sunday
makurdi,7.7306,8.5361,rain,light rain,stations,23.0,23.86,23.0,23.0,1015,96,1015,1004,10000,2.07,250,7.07,100,2026-08-02 21:00:24,2026-08-02 05:18:34,2026-08-02 17:45:35,NG,Walmayo,2026-08-02 21:00:24.904092,21,2026-08-02,21:00:24,Sunday
panda,9.2624,7.8385,clouds,overcast clouds,stations,21.84,22.61,21.84,21.84,1016,97,1016,972,10000,2.24,236,6.48,98,2026-08-02 22:59:07,2026-08-02 05:19:20,2026-08-02 17:50:24,NG,Maitama,2026-08-02 22:59:08.290395,22,2026-08-02,22:59:07,Sunday
gurara,9.322,7.0232,rain,light rain,stations,21.6,22.37,21.6,21.6,1016,98,1016,975,10000,3.17,229,9.58,100,2026-08-02 22:59:08,2026-08-02 05:22:31,2026-08-02 17:53:45,NG,Suleja,2026-08-02 22:59:08.885980,22,2026-08-02,22:59:08,Sunday
bwari,9.2856,7.3787,rain,light rain,stations,20.77,21.46,20.77,20.77,1016,98,1016,953,10000,3.91,237,10.16,96,2026-08-02 22:59:08,2026-08-02 05:21:08,2026-08-02 17:52:16,NG,Maitama,2026-08-02 22:59:09.483081,22,2026-08-02,22:59:08,Sunday
gwagwalada,9.0764,6.9854,rain,light rain,stations,22.56,23.38,22.56,22.56,1016,96,1016,992,10000,2.54,241,9.33,100,2026-08-02 22:59:09,2026-08-02 05:22:59,2026-08-02 17:53:34,NG,Kwali,2026-08-02 22:59:10.081623,22,2026-08-02,22:59:09,Sunday
makurdi,7.7306,8.5361,rain,moderate rain,stations,22.47,23.33,22.47,22.47,1015,98,1015,1004,10000,1.91,243,8.71,100,2026-08-02 22:59:10,2026-08-02 05:18:34,2026-08-02 17:45:35,NG,Walmayo,2026-08-02 22:59:10.289454,22,2026-08-02,22:59:10,Sunday
panda,9.2624,7.8385,clouds,overcast clouds,stations,21.7,22.46,21.7,21.7,1015,97,1015,971,10000,1.69,261,6.29,100,2026-08-03 03:26:10,2026-08-03 05:19:28,2026-08-03 17:50:09,NG,Maitama,2026-08-03 03:26:11.421892,3,2026-08-03,03:26:10,Monday
gurara,9.322,7.0232,rain,moderate rain,stations,21.21,21.97,21.21,21.21,1015,99,1015,974,7303,1.52,250,6.36,100,2026-08-03 03:26:11,2026-08-03 05:22:39,2026-08-03 17:53:29,NG,Suleja,2026-08-03 03:26:11.977717,3,2026-08-03,03:26:11,Monday
bwari,9.2856,7.3787,rain,light rain,stations,20.26,20.93,20.26,20.26,1015,99,1015,952,2598,2.71,258,8.08,100,2026-08-03 03:26:12,2026-08-03 05:21:16,2026-08-03 17:52:01,NG,Maitama,2026-08-03 03:26:12.528598,3,2026-08-03,03:26:12,Monday
gwagwalada,9.0764,6.9854,rain,moderate rain,stations,22.12,22.95,22.12,22.12,1015,98,1015,991,10000,0.98,291,3.14,100,2026-08-03 03:26:12,2026-08-03 05:23:07,2026-08-03 17:53:19,NG,Kwali,2026-08-03 03:26:13.083996,3,2026-08-03,03:26:12,Monday
makurdi,7.7306,8.5361,rain,light rain,stations,22.39,23.24,22.39,22.39,1014,98,1014,1003,10000,1.31,251,3.41,100,2026-08-03 03:26:13,2026-08-03 05:18:40,2026-08-03 17:45:22,NG,Walmayo,2026-08-03 03:26:13.634426,3,2026-08-03,03:26:13,Monday
panda,9.2624,7.8385,rain,light rain,stations,22.05,22.84,22.05,22.05,1018,97,1018,974,10000,1.59,305,6.45,100,2026-08-03 07:32:20,2026-08-03 05:19:28,2026-08-03 17:50:09,NG,Maitama,2026-08-03 07:32:21.269491,7,2026-08-03,07:32:20,Monday
gurara,9.322,7.0232,rain,light rain,stations,21.51,22.25,21.51,21.51,1018,97,1018,976,10000,1.79,315,5.63,100,2026-08-03 07:32:21,2026-08-03 05:22:39,2026-08-03 17:53:29,NG,Suleja,2026-08-03 07:32:21.376850,7,2026-08-03,07:32:21,Monday
bwari,9.2856,7.3787,rain,light rain,stations,20.51,21.18,20.51,20.51,1018,98,1018,954,10000,2.32,293,6.99,100,2026-08-03 07:32:21,2026-08-03 05:21:16,2026-08-03 17:52:01,NG,Maitama,2026-08-03 07:32:21.483276,7,2026-08-03,07:32:21,Monday
gwagwalada,9.0764,6.9854,rain,light rain,stations,22.75,23.56,22.75,22.75,1018,95,1018,994,10000,1.36,332,3.7,100,2026-08-03 07:32:21,2026-08-03 05:23:07,2026-08-03 17:53:19,NG,Kwali,2026-08-03 07:32:21.584858,7,2026-08-03,07:32:21,Monday
makurdi,7.7306,8.5361,rain,light rain,stations,23.16,24.04,23.16,23.16,1017,96,1017,1006,7899,1.81,251,5.31,100,2026-08-03 07:32:21,2026-08-03 05:18:40,2026-08-03 17:45:22,NG,Walmayo,2026-08-03 07:32:21.679995,7,2026-08-03,07:32:21,Monday
panda,9.2624,7.8385,rain,light rain,stations,22.3,23.07,22.3,22.3,1017,95,1017,973,10000,1.47,308,5.01,100,2026-08-03 11:30:07,2026-08-03 05:19:28,2026-08-03 17:50:09,NG,Maitama,2026-08-03 11:30:08.099601,11,2026-08-03,11:30:07,Monday
gurara,9.322,7.0232,clouds,overcast clouds,stations,22.4,23.1,22.4,22.4,1017,92,1017,976,10000,1.91,326,3.54,100,2026-08-03 11:30:08,2026-08-03 05:22:39,2026-08-03 17:53:29,NG,Suleja,2026-08-03 11:30:08.653916,11,2026-08-03,11:30:08,Monday
bwari,9.2856,7.3787,clouds,overcast clouds,stations,20.99,21.65,20.99,20.99,1017,96,1017,954,10000,1.93,318,4.4,100,2026-08-03 11:30:08,2026-08-03 05:21:16,2026-08-03 17:52:01,NG,Maitama,2026-08-03 11:30:09.215002,11,2026-08-03,11:30:08,Monday
gwagwalada,9.0764,6.9854,rain,light rain,stations,23.42,24.25,23.42,23.42,1016,93,1016,993,10000,1.73,349,3.54,100,2026-08-03 11:30:09,2026-08-03 05:23:07,2026-08-03 17:53:19,NG,Kwali,2026-08-03 11:30:09.767343,11,2026-08-03,11:30:09,Monday
makurdi,7.7306,8.5361,rain,moderate rain,stations,22.77,23.64,22.77,22.77,1016,97,1016,1005,6337,1.7,318,3.61,100,2026-08-03 11:30:09,2026-08-03 05:18:40,2026-08-03 17:45:22,NG,Walmayo,2026-08-03 11:30:10.316410,11,2026-08-03,11:30:09,Monday
panda,9.2624,7.8385,clouds,overcast clouds,stations,25.61,26.24,25.61,25.61,1014,77,1014,971,10000,1.56,308,2.04,94,2026-08-03 14:48:33,2026-08-03 05:19:28,2026-08-03 17:50:09,NG,Maitama,2026-08-03 14:48:34.343750,14,2026-08-03,14:48:33,Monday
gurara,9.322,7.0232,clouds,overcast clouds,stations,23.11,23.83,23.11,23.11,1014,90,1014,973,10000,0.46,347,1.55,100,2026-08-03 14:48:34,2026-08-03 05:22:39,2026-08-03 17:53:29,NG,Suleja,2026-08-03 14:48:34.938631,14,2026-08-03,14:48:34,Monday
bwari,9.2856,7.3787,clouds,overcast clouds,stations,22.3,22.88,22.3,22.3,1015,88,1015,952,10000,1.31,305,2.18,100,2026-08-03 14:48:35,2026-08-03 05:21:16,2026-08-03 17:52:01,NG,Maitama,2026-08-03 14:48:35.539414,14,2026-08-03,14:48:35,Monday
gwagwalada,9.0764,6.9854,rain,light rain,stations,23.32,24.16,23.32,23.32,1014,94,1014,991,10000,1.09,58,1.98,100,2026-08-03 14:48:35,2026-08-03 05:23:07,2026-08-03 17:53:19,NG,Kwali,2026-08-03 14:48:36.138953,14,2026-08-03,14:48:35,Monday
makurdi,7.7306,8.5361,clouds,overcast clouds,stations,24.67,25.49,24.67,24.67,1014,88,1014,1003,10000,0.53,310,0.72,100,2026-08-03 14:48:36,2026-08-03 05:18:40,2026-08-03 17:45:22,NG,Walmayo,2026-08-03 14:48:36.737995,14,2026-08-03,14:48:36,Monday
panda,9.2624,7.8385,clouds,overcast clouds,stations,23.18,23.88,23.18,23.18,1015,89,1015,971,10000,1.11,343,1.22,96,2026-08-03 17:55:36,2026-08-03 05:19:28,2026-08-03 17:50:09,NG,Maitama,2026-08-03 17:55:36.058345,17,2026-08-03,17:55:36,Monday
gurara,9.322,7.0232,clouds,overcast clouds,stations,22.29,23.0,22.29,22.29,1015,93,1015,974,10000,0.38,43,0.47,99,2026-08-03 17:55:36,2026-08-03 05:22:39,2026-08-03 17:53:29,NG,Suleja,2026-08-03 17:55:36.156221,17,2026-08-03,17:55:36,Monday
bwari,9.2856,7.3787,clouds,overcast clouds,stations,21.11,21.73,21.11,21.11,1016,94,1016,952,10000,0.82,332,0.89,98,2026-08-03 17:55:36,2026-08-03 05:21:16,2026-08-03 17:52:01,NG,Maitama,2026-08-03 17:55:36.248361,17,2026-08-03,17:55:36,Monday
gwagwalada,9.0764,6.9854,clouds,overcast clouds,stations,22.9,23.7,22.9,22.9,1015,94,1015,991,10000,1.02,63,1.07,99,2026-08-03 17:55:36,2026-08-03 05:23:07,2026-08-03 17:53:19,NG,Kwali,2026-08-03 17:55:36.374314,17,2026-08-03,17:55:36,Monday
makurdi,7.7306,8.5361,clouds,overcast clouds,stations,23.31,24.15,23.31,23.31,1015,94,1015,1003,10000,0.56,287,0.77,100,2026-08-03 17:55:36,2026-08-03 05:18:40,2026-08-03 17:45:22,NG,Walmayo,2026-08-03 17:55:36.466498,17,2026-08-03,17:55:36,Monday
panda,9.2624,7.8385,clouds,overcast clouds,stations,22.61,23.3,22.61,22.61,1016,91,1016,972,10000,1.36,296,1.34,100,2026-08-03 21:08:25,2026-08-03 05:19:28,2026-08-03 17:50:09,NG,Maitama,2026-08-03 21:08:25.886296,21,2026-08-03,21:08:25,Monday
gurara,9.322,7.0232,clouds,broken clouds,stations,21.51,22.17,21.51,21.51,1016,94,1016,975,10000,0.15,308,0.22,74,2026-08-03 21:08:25,2026-08-03 05:22:39,2026-08-03 17:53:29,NG,Suleja,2026-08-03 21:08:26.016011,21,2026-08-03,21:08:25,Monday
bwari,9.2856,7.3787,clouds,overcast clouds,stations,20.49,21.1,20.49,20.49,1016,96,1016,953,10000,0.88,281,0.88,95,2026-08-03 21:08:26,2026-08-03 05:21:16,2026-08-03 17:52:01,NG,Maitama,2026-08-03 21:08:26.149012,21,2026-08-03,21:08:26,Monday
gwagwalada,9.0764,6.9854,clouds,broken clouds,stations,22.48,23.24,22.48,22.48,1016,94,1016,992,10000,0.22,116,0.3,79,2026-08-03 21:08:26,2026-08-03 05:23:07,2026-08-03 17:53:19,NG,Kwali,2026-08-03 21:08:26.280186,21,2026-08-03,21:08:26,Monday
makurdi,7.7306,8.5361,clouds,overcast clouds,stations,22.56,23.38,22.56,22.56,1015,96,1015,1004,10000,1.76,231,2.14,85,2026-08-03 21:08:26,2026-08-03 05:18:40,2026-08-03 17:45:22,NG,Walmayo,2026-08-03 21:08:26.409378,21,2026-08-03,21:08:26,Monday
panda,9.2624,7.8385,clouds,overcast clouds,stations,22.05,22.71,22.05,22.05,1016,92,1016,972,10000,1.13,320,1.13,95,2026-08-03 23:06:13,2026-08-04 05:19:35,2026-08-04 17:49:53,NG,Maitama,2026-08-03 23:06:13.560003,23,2026-08-03,23:06:13,Monday
gurara,9.322,7.0232,clouds,broken clouds,stations,21.26,21.92,21.26,21.26,1016,95,1016,975,10000,1.07,17,1.03,76,2026-08-03 23:06:13,2026-08-04 05:22:46,2026-08-04 17:53:13,NG,Suleja,2026-08-03 23:06:14.111555,23,2026-08-03,23:06:13,Monday
bwari,9.2856,7.3787,clouds,overcast clouds,stations,20.67,21.27,20.67,20.67,1017,95,1017,953,10000,1.16,344,1.51,95,2026-08-03 23:06:14,2026-08-04 05:21:23,2026-08-04 17:51:45,NG,Maitama,2026-08-03 23:06:14.666261,23,2026-08-03,23:06:14,Monday
gwagwalada,9.0764,6.9854,clouds,broken clouds,stations,22.1,22.87,22.1,22.1,1016,96,1016,992,10000,0.91,6,0.94,72,2026-08-03 23:06:14,2026-08-04 05:23:14,2026-08-04 17:53:03,NG,Kwali,2026-08-03 23:06:15.222007,23,2026-08-03,23:06:14,Monday
makurdi,7.7337,8.5371,clouds,overcast clouds,stations,22.69,23.47,22.69,22.69,1016,94,1016,1004,10000,1.36,229,1.5,85,2026-08-03 23:00:05,2026-08-04 05:18:45,2026-08-04 17:45:08,NG,Walmayo,2026-08-03 23:06:15.265629,23,2026-08-03,23:00:05,Monday
panda,9.2624,7.8385,rain,light rain,stations,21.24,21.9,21.24,21.24,1015,95,1015,971,10000,0.96,329,0.9,83,2026-08-04 02:54:39,2026-08-04 05:19:35,2026-08-04 17:49:53,NG,Maitama,2026-08-04 02:54:40.089143,2,2026-08-04,02:54:39,Tuesday
gurara,9.322,7.0232,clouds,broken clouds,stations,21.19,21.79,21.19,21.19,1015,93,1015,973,10000,0.65,8,0.67,83,2026-08-04 02:54:40,2026-08-04 05:22:46,2026-08-04 17:53:13,NG,Suleja,2026-08-04 02:54:40.644488,2,2026-08-04,02:54:40,Tuesday
bwari,9.2856,7.3787,clouds,broken clouds,stations,20.1,20.67,20.1,20.1,1015,96,1015,952,10000,0.91,349,0.95,80,2026-08-04 02:54:40,2026-08-04 05:21:23,2026-08-04 17:51:45,NG,Maitama,2026-08-04 02:54:41.201332,2,2026-08-04,02:54:40,Tuesday
gwagwalada,9.0764,6.9854,rain,light rain,stations,21.81,22.55,21.81,21.81,1014,96,1014,991,10000,0.56,65,0.67,85,2026-08-04 02:54:41,2026-08-04 05:23:14,2026-08-04 17:53:03,NG,Kwali,2026-08-04 02:54:41.752790,2,2026-08-04,02:54:41,Tuesday
makurdi,7.7306,8.5361,clouds,overcast clouds,stations,21.73,22.47,21.73,21.73,1014,96,1014,1003,10000,1.76,225,2.55,91,2026-08-04 02:54:41,2026-08-04 05:18:45,2026-08-04 17:45:08,NG,Walmayo,2026-08-04 02:54:42.311151,2,2026-08-04,02:54:41,Tuesday
panda,9.2624,7.8385,clouds,broken clouds,stations,23.31,23.92,23.31,23.31,1017,85,1017,973,10000,1.16,350,1.8,57,2026-08-04 06:31:02,2026-08-04 05:19:35,2026-08-04 17:49:53,NG,Maitama,2026-08-04 06:31:02.399284,6,2026-08-04,06:31:02,Tuesday
gurara,9.322,7.0232,clouds,overcast clouds,stations,22.92,23.51,22.92,22.92,1016,86,1016,975,10000,0.68,32,1.01,90,2026-08-04 06:31:02,2026-08-04 05:22:46,2026-08-04 17:53:13,NG,Suleja,2026-08-04 06:31:02.538697,6,2026-08-04,06:31:02,Tuesday
bwari,9.2856,7.3787,clouds,broken clouds,stations,22.18,22.73,22.18,22.18,1017,87,1017,954,10000,0.92,4,1.5,67,2026-08-04 06:31:02,2026-08-04 05:21:23,2026-08-04 17:51:45,NG,Maitama,2026-08-04 06:31:02.682213,6,2026-08-04,06:31:02,Tuesday
gwagwalada,9.0764,6.9854,clouds,overcast clouds,stations,23.89,24.58,23.89,23.89,1016,86,1016,993,10000,0.71,33,1.1,99,2026-08-04 06:31:02,2026-08-04 05:23:14,2026-08-04 17:53:03,NG,Kwali,2026-08-04 06:31:02.817503,6,2026-08-04,06:31:02,Tuesday
makurdi,7.7306,8.5361,clouds,overcast clouds,stations,23.76,24.57,23.76,23.76,1016,91,1016,1005,10000,0.96,205,1.46,100,2026-08-04 06:31:02,2026-08-04 05:18:45,2026-08-04 17:45:08,NG,Walmayo,2026-08-04 06:31:02.950296,6,2026-08-04,06:31:02,Tuesday
panda,9.2624,7.8385,clouds,broken clouds,stations,28.7,31.12,28.7,28.7,1015,64,1015,972,10000,1.28,298,2.05,83,2026-08-04 10:43:40,2026-08-04 05:19:35,2026-08-04 17:49:53,NG,Maitama,2026-08-04 10:43:40.509776,10,2026-08-04,10:43:40,Tuesday
gurara,9.322,7.0232,clouds,scattered clouds,stations,28.86,31.57,28.86,28.86,1015,65,1015,975,10000,1.42,310,1.91,46,2026-08-04 10:43:40,2026-08-04 05:22:46,2026-08-04 17:53:13,NG,Suleja,2026-08-04 10:43:40.651956,10,2026-08-04,10:43:40,Tuesday
bwari,9.2856,7.3787,clouds,broken clouds,stations,27.62,29.3,27.62,27.62,1015,64,1015,953,10000,1.84,322,2.3,53,2026-08-04 10:43:40,2026-08-04 05:21:23,2026-08-04 17:51:45,NG,Maitama,2026-08-04 10:43:40.781541,10,2026-08-04,10:43:40,Tuesday
gwagwalada,9.0764,6.9854,clouds,scattered clouds,stations,29.86,33.37,29.86,29.86,1015,64,1015,992,10000,1.41,310,1.91,44,2026-08-04 10:43:40,2026-08-04 05:23:14,2026-08-04 17:53:03,NG,Kwali,2026-08-04 10:43:40.927259,10,2026-08-04,10:43:40,Tuesday
makurdi,7.7306,8.5361,rain,light rain,stations,29.26,33.92,29.26,29.26,1015,73,1015,1004,10000,0.7,254,0.91,93,2026-08-04 10:43:41,2026-08-04 05:18:45,2026-08-04 17:45:08,NG,Walmayo,2026-08-04 10:43:41.065164,10,2026-08-04,10:43:41,Tuesday
panda,9.2624,7.8385,clouds,overcast clouds,stations,29.6,32.46,29.6,29.6,1012,62,1012,969,10000,1.62,354,1.95,100,2026-08-04 14:26:08,2026-08-04 05:19:35,2026-08-04 17:49:53,NG,Maitama,2026-08-04 14:26:08.877533,14,2026-08-04,14:26:08,Tuesday
gurara,9.322,7.0232,clouds,overcast clouds,stations,29.4,32.44,29.4,29.4,1012,64,1012,972,10000,1.9,297,1.91,95,2026-08-04 14:26:09,2026-08-04 05:22:46,2026-08-04 17:53:13,NG,Suleja,2026-08-04 14:26:09.052686,14,2026-08-04,14:26:09,Tuesday
bwari,9.2856,7.3787,clouds,overcast clouds,stations,27.5,29.73,27.5,27.5,1012,70,1012,950,10000,1.51,344,1.89,98,2026-08-04 14:26:09,2026-08-04 05:21:23,2026-08-04 17:51:45,NG,Maitama,2026-08-04 14:26:09.204673,14,2026-08-04,14:26:09,Tuesday
gwagwalada,9.0764,6.9854,clouds,overcast clouds,stations,30.12,34.14,30.12,30.12,1011,65,1011,989,10000,1.73,281,2.03,98,2026-08-04 14:26:09,2026-08-04 05:23:14,2026-08-04 17:53:03,NG,Kwali,2026-08-04 14:26:09.320703,14,2026-08-04,14:26:09,Tuesday
makurdi,7.7306,8.5361,clouds,overcast clouds,stations,30.35,34.41,30.35,30.35,1011,64,1011,1000,10000,1.63,282,1.4,90,2026-08-04 14:26:09,2026-08-04 05:18:45,2026-08-04 17:45:08,NG,Walmayo,2026-08-04 14:26:09.473389,14,2026-08-04,14:26:09,Tuesday
panda,9.2624,7.8385,clouds,overcast clouds,stations,24.59,25.38,24.59,24.59,1012,87,1012,969,10000,0.93,276,0.91,95,2026-08-04 17:52:28,2026-08-04 05:19:35,2026-08-04 17:49:53,NG,Maitama,2026-08-04 17:52:29.091266,17,2026-08-04,17:52:28,Tuesday
gurara,9.322,7.0232,clouds,overcast clouds,stations,24.7,25.5,24.7,24.7,1012,87,1012,971,10000,0.69,266,0.79,95,2026-08-04 17:52:29,2026-08-04 05:22:46,2026-08-04 17:53:13,NG,Suleja,2026-08-04 17:52:29.873702,17,2026-08-04,17:52:29,Tuesday
bwari,9.2856,7.3787,clouds,overcast clouds,stations,23.42,24.14,23.42,23.42,1013,89,1013,950,10000,0.84,275,0.9,99,2026-08-04 17:52:30,2026-08-04 05:21:23,2026-08-04 17:51:45,NG,Maitama,2026-08-04 17:52:31.028121,17,2026-08-04,17:52:30,Tuesday
gwagwalada,9.0764,6.9854,rain,light rain,stations,25.76,26.64,25.76,25.76,1012,86,1012,989,10000,0.72,322,0.85,97,2026-08-04 17:52:31,2026-08-04 05:23:14,2026-08-04 17:53:03,NG,Kwali,2026-08-04 17:52:31.390428,17,2026-08-04,17:52:31,Tuesday
makurdi,7.7306,8.5361,clouds,overcast clouds,stations,26.0,26.0,26.0,26.0,1012,85,1012,1000,10000,1.22,252,1.28,92,2026-08-04 17:52:31,2026-08-04 05:18:45,2026-08-04 17:45:08,NG,Walmayo,2026-08-04 17:52:31.581376,17,2026-08-04,17:52:31,Tuesday
panda,9.2624,7.8385,clouds,few clouds,stations,23.16,23.88,23.16,23.16,1013,90,1013,969,10000,0.88,306,0.92,13,2026-08-04 19:42:12,2026-08-04 05:19:35,2026-08-04 17:49:53,NG,Maitama,2026-08-04 19:42:12.743867,19,2026-08-04,19:42:12,Tuesday
gurara,9.322,7.0232,clouds,overcast clouds,stations,24.11,24.9,24.11,24.11,1013,89,1013,972,10000,0.84,271,0.95,93,2026-08-04 19:42:12,2026-08-04 05:22:46,2026-08-04 17:53:13,NG,Suleja,2026-08-04 19:42:12.797507,19,2026-08-04,19:42:12,Tuesday
bwari,9.2856,7.3787,clouds,scattered clouds,stations,22.28,22.97,22.28,22.28,1013,92,1013,950,10000,0.69,250,0.78,50,2026-08-04 19:42:12,2026-08-04 05:21:23,2026-08-04 17:51:45,NG,Maitama,2026-08-04 19:42:12.853296,19,2026-08-04,19:42:12,Tuesday
gwagwalada,9.0764,6.9854,clouds,broken clouds,stations,25.0,25.8,25.0,25.0,1012,86,1012,989,10000,0.41,278,0.45,81,2026-08-04 19:42:12,2026-08-04 05:23:14,2026-08-04 17:53:03,NG,Kwali,2026-08-04 19:42:12.903599,19,2026-08-04,19:42:12,Tuesday
makurdi,7.7306,8.5361,clouds,scattered clouds,stations,25.07,25.88,25.07,25.07,1012,86,1012,1001,10000,1.63,201,1.66,35,2026-08-04 19:42:12,2026-08-04 05:18:45,2026-08-04 17:45:08,NG,Walmayo,2026-08-04 19:42:12.968024,19,2026-08-04,19:42:12,Tuesday
panda,9.2624,7.8385,clouds,few clouds,stations,22.9,23.62,22.9,22.9,1014,91,1014,970,10000,0.4,355,0.51,12,2026-08-04 21:16:27,2026-08-04 05:19:35,2026-08-04 17:49:53,NG,Maitama,2026-08-04 21:16:31.146722,21,2026-08-04,21:16:27,Tuesday
gurara,9.322,7.0232,clouds,overcast clouds,stations,23.79,24.55,23.79,23.79,1013,89,1013,973,10000,0.25,214,0.34,91,2026-08-04 21:16:31,2026-08-04 05:22:46,2026-08-04 17:53:13,NG,Suleja,2026-08-04 21:16:31.729003,21,2026-08-04,21:16:31,Tuesday
bwari,9.2856,7.3787,clouds,broken clouds,stations,22.13,22.8,22.13,22.13,1014,92,1014,951,10000,0.39,208,0.55,53,2026-08-04 21:16:32,2026-08-04 05:21:23,2026-08-04 17:51:45,NG,Maitama,2026-08-04 21:16:33.571730,21,2026-08-04,21:16:32,Tuesday
gwagwalada,9.0764,6.9854,clouds,broken clouds,stations,24.78,25.59,24.78,24.78,1013,87,1013,990,10000,0.21,166,0.37,79,2026-08-04 21:16:33,2026-08-04 05:23:14,2026-08-04 17:53:03,NG,Kwali,2026-08-04 21:16:34.453345,21,2026-08-04,21:16:33,Tuesday
makurdi,7.7306,8.5361,clouds,few clouds,stations,24.75,25.55,24.75,24.75,1013,87,1013,1002,10000,1.51,204,1.56,24,2026-08-04 21:16:34,2026-08-04 05:18:45,2026-08-04 17:45:08,NG,Walmayo,2026-08-04 21:16:34.597768,21,2026-08-04,21:16:34,Tuesday
panda,9.2624,7.8385,rain,light rain,stations,22.43,23.16,22.43,22.43,1015,93,1015,971,10000,0.36,270,0.4,35,2026-08-04 23:06:05,2026-08-05 05:19:42,2026-08-05 17:49:36,NG,Maitama,2026-08-04 23:06:08.525791,23,2026-08-04,23:06:05,Tuesday
gurara,9.322,7.0232,clouds,overcast clouds,stations,23.53,24.31,23.53,23.53,1014,91,1014,973,10000,0.64,162,0.6,93,2026-08-04 23:06:08,2026-08-05 05:22:53,2026-08-05 17:52:57,NG,Suleja,2026-08-04 23:06:08.695049,23,2026-08-04,23:06:08,Tuesday
bwari,9.2856,7.3787,clouds,broken clouds,stations,22.09,22.78,22.09,22.09,1015,93,1015,952,10000,1.0,165,1.0,84,2026-08-04 23:06:08,2026-08-05 05:21:30,2026-08-05 17:51:28,NG,Maitama,2026-08-04 23:06:09.263381,23,2026-08-04,23:06:08,Tuesday
gwagwalada,9.0764,6.9854,clouds,overcast clouds,stations,24.86,25.67,24.86,24.86,1014,87,1014,990,10000,0.47,169,0.5,96,2026-08-04 23:06:09,2026-08-05 05:23:21,2026-08-05 17:52:47,NG,Kwali,2026-08-04 23:06:13.385030,23,2026-08-04,23:06:09,Tuesday
makurdi,7.7337,8.5371,clouds,few clouds,stations,24.17,24.97,24.17,24.17,1013,89,1013,1002,10000,1.88,229,2.23,16,2026-08-04 23:00:29,2026-08-05 05:18:50,2026-08-05 17:44:53,NG,Walmayo,2026-08-04 23:06:13.443424,23,2026-08-04,23:00:29,Tuesday
panda,9.2624,7.8385,rain,light rain,stations,21.67,22.37,21.67,21.67,1013,95,1013,969,10000,0.26,308,0.41,79,2026-08-05 02:51:06,2026-08-05 05:19:42,2026-08-05 17:49:36,NG,Maitama,2026-08-05 02:51:06.825767,2,2026-08-05,02:51:06,Wednesday
gurara,9.322,7.0232,rain,light rain,stations,22.17,22.92,22.17,22.17,1013,95,1013,972,10000,0.79,44,0.76,75,2026-08-05 02:51:06,2026-08-05 05:22:53,2026-08-05 17:52:57,NG,Suleja,2026-08-05 02:51:07.029831,2,2026-08-05,02:51:06,Wednesday
bwari,9.2856,7.3787,rain,moderate rain,stations,20.85,21.47,20.85,20.85,1013,95,1013,950,5882,0.2,42,0.63,88,2026-08-05 02:51:07,2026-08-05 05:21:30,2026-08-05 17:51:28,NG,Maitama,2026-08-05 02:51:07.184321,2,2026-08-05,02:51:07,Wednesday
gwagwalada,9.0764,6.9854,rain,light rain,stations,23.18,23.98,23.18,23.18,1012,93,1012,989,10000,0.32,66,0.42,60,2026-08-05 02:51:07,2026-08-05 05:23:21,2026-08-05 17:52:47,NG,Kwali,2026-08-05 02:51:07.327708,2,2026-08-05,02:51:07,Wednesday
makurdi,7.7306,8.5361,clouds,broken clouds,stations,22.85,23.75,22.85,22.85,1012,98,1012,1001,10000,2.17,200,6.2,80,2026-08-05 02:51:07,2026-08-05 05:18:50,2026-08-05 17:44:53,NG,Walmayo,2026-08-05 02:51:07.486247,2,2026-08-05,02:51:07,Wednesday
panda,9.2624,7.8385,clouds,broken clouds,stations,23.9,24.75,23.9,23.9,1015,92,1015,971,10000,0.41,24,0.61,58,2026-08-05 06:32:02,2026-08-05 05:19:42,2026-08-05 17:49:36,NG,Maitama,2026-08-05 06:32:02.901410,6,2026-08-05,06:32:02,Wednesday
gurara,9.322,7.0232,clouds,overcast clouds,stations,24.11,24.98,24.11,24.11,1014,92,1014,973,10000,0.49,182,0.71,85,2026-08-05 06:32:03,2026-08-05 05:22:53,2026-08-05 17:52:57,NG,Suleja,2026-08-05 06:32:03.019053,6,2026-08-05,06:32:03,Wednesday
bwari,9.2856,7.3787,clouds,scattered clouds,stations,22.87,23.61,22.87,22.87,1014,92,1014,952,10000,0.19,211,0.41,50,2026-08-05 06:32:03,2026-08-05 05:21:30,2026-08-05 17:51:28,NG,Maitama,2026-08-05 06:32:03.135282,6,2026-08-05,06:32:03,Wednesday
gwagwalada,9.0764,6.9854,clouds,overcast clouds,stations,24.63,25.52,24.63,24.63,1014,91,1014,991,10000,0.96,203,1.41,96,2026-08-05 06:32:03,2026-08-05 05:23:21,2026-08-05 17:52:47,NG,Kwali,2026-08-05 06:32:03.255447,6,2026-08-05,06:32:03,Wednesday
makurdi,7.7306,8.5361,clouds,broken clouds,stations,24.3,25.21,24.3,24.3,1014,93,1014,1003,10000,2.95,208,6.51,71,2026-08-05 06:32:03,2026-08-05 05:18:50,2026-08-05 17:44:53,NG,Walmayo,2026-08-05 06:32:03.372678,6,2026-08-05,06:32:03,Wednesday
panda,9.2624,7.8385,rain,light rain,stations,28.83,32.72,28.83,28.83,1014,72,1014,971,10000,2.66,164,3.43,73,2026-08-05 10:40:57,2026-08-05 05:19:42,2026-08-05 17:49:36,NG,Maitama,2026-08-05 10:40:57.081738,10,2026-08-05,10:40:57,Wednesday
gurara,9.322,7.0232,rain,light rain,stations,28.34,32.28,28.34,28.34,1014,76,1014,973,10000,2.39,183,2.79,87,2026-08-05 10:40:57,2026-08-05 05:22:53,2026-08-05 17:52:57,NG,Suleja,2026-08-05 10:40:57.256763,10,2026-08-05,10:40:57,Wednesday
bwari,9.2856,7.3787,rain,light rain,stations,27.52,30.21,27.52,27.52,1014,74,1014,952,10000,2.52,163,3.42,78,2026-08-05 10:40:57,2026-08-05 05:21:30,2026-08-05 17:51:28,NG,Maitama,2026-08-05 10:40:57.351367,10,2026-08-05,10:40:57,Wednesday
gwagwalada,9.0764,6.9854,rain,light rain,stations,29.9,34.56,29.9,29.9,1013,69,1013,991,10000,2.09,179,2.48,90,2026-08-05 10:40:57,2026-08-05 05:23:21,2026-08-05 17:52:47,NG,Kwali,2026-08-05 10:40:57.450904,10,2026-08-05,10:40:57,Wednesday
makurdi,7.7306,8.5361,clouds,overcast clouds,stations,29.61,33.89,29.61,29.61,1014,69,1014,1003,10000,3.0,215,3.25,90,2026-08-05 10:40:57,2026-08-05 05:18:50,2026-08-05 17:44:53,NG,Walmayo,2026-08-05 10:40:57.547284,10,2026-08-05,10:40:57,Wednesday
panda,9.2624,7.8385,clouds,overcast clouds,stations,29.54,33.52,29.54,29.54,1011,68,1011,968,10000,2.63,147,2.56,97,2026-08-05 14:19:20,2026-08-05 05:19:42,2026-08-05 17:49:36,NG,Maitama,2026-08-05 14:19:20.219160,14,2026-08-05,14:19:20,Wednesday
gurara,9.322,7.0232,clouds,overcast clouds,stations,30.29,33.61,30.29,30.29,1011,61,1011,971,10000,1.61,170,2.15,100,2026-08-05 14:19:20,2026-08-05 05:22:53,2026-08-05 17:52:57,NG,Suleja,2026-08-05 14:19:20.271894,14,2026-08-05,14:19:20,Wednesday
bwari,9.2856,7.3787,rain,light rain,stations,28.85,31.55,28.85,28.85,1011,65,1011,950,10000,1.83,162,2.43,98,2026-08-05 14:19:20,2026-08-05 05:21:30,2026-08-05 17:51:28,NG,Maitama,2026-08-05 14:19:20.353850,14,2026-08-05,14:19:20,Wednesday
gwagwalada,9.0764,6.9854,clouds,overcast clouds,stations,31.13,35.65,31.13,31.13,1010,62,1010,988,10000,2.44,176,2.18,100,2026-08-05 14:19:20,2026-08-05 05:23:21,2026-08-05 17:52:47,NG,Kwali,2026-08-05 14:19:20.428501,14,2026-08-05,14:19:20,Wednesday
makurdi,7.7306,8.5361,clouds,overcast clouds,stations,29.4,34.04,29.4,29.4,1011,72,1011,1000,10000,2.73,189,2.65,100,2026-08-05 14:19:20,2026-08-05 05:18:50,2026-08-05 17:44:53,NG,Walmayo,2026-08-05 14:19:20.480691,14,2026-08-05,14:19:20,Wednesday
panda,9.2624,7.8385,rain,light rain,stations,24.87,25.81,24.87,24.87,1012,92,1012,968,10000,1.37,170,1.68,99,2026-08-05 17:44:47,2026-08-05 05:19:42,2026-08-05 17:49:36,NG,Maitama,2026-08-05 17:44:47.189775,17,2026-08-05,17:44:47,Wednesday
gurara,9.322,7.0232,rain,light rain,stations,24.73,25.63,24.73,24.73,1012,91,1012,971,10000,1.33,184,1.53,100,2026-08-05 17:44:47,2026-08-05 05:22:53,2026-08-05 17:52:57,NG,Suleja,2026-08-05 17:44:47.274219,17,2026-08-05,17:44:47,Wednesday
bwari,9.2856,7.3787,rain,moderate rain,stations,23.38,24.2,23.38,23.38,1012,93,1012,950,10000,1.51,180,2.04,98,2026-08-05 17:44:47,2026-08-05 05:21:30,2026-08-05 17:51:28,NG,Maitama,2026-08-05 17:44:47.361072,17,2026-08-05,17:44:47,Wednesday
gwagwalada,9.0764,6.9854,clouds,overcast clouds,stations,25.78,26.76,25.78,25.78,1011,90,1011,988,10000,1.47,188,1.52,100,2026-08-05 17:44:47,2026-08-05 05:23:21,2026-08-05 17:52:47,NG,Kwali,2026-08-05 17:44:47.469450,17,2026-08-05,17:44:47,Wednesday
makurdi,7.7306,8.5361,clouds,overcast clouds,stations,25.84,26.78,25.84,25.84,1011,88,1011,1000,10000,2.04,196,2.8,87,2026-08-05 17:44:47,2026-08-05 05:18:50,2026-08-05 17:44:53,NG,Walmayo,2026-08-05 17:44:47.562226,17,2026-08-05,17:44:47,Wednesday
panda,9.2624,7.8385,rain,moderate rain,stations,23.45,24.36,23.45,23.45,1013,96,1013,970,10000,0.87,166,1.02,100,2026-08-05 19:41:30,2026-08-05 05:19:42,2026-08-05 17:49:36,NG,Maitama,2026-08-05 19:41:30.727381,19,2026-08-05,19:41:30,Wednesday
gurara,9.322,7.0232,clouds,overcast clouds,stations,24.14,25.01,24.14,24.14,1013,92,1013,972,10000,1.41,133,1.53,99,2026-08-05 19:41:30,2026-08-05 05:22:53,2026-08-05 17:52:57,NG,Suleja,2026-08-05 19:41:30.807838,19,2026-08-05,19:41:30,Wednesday
bwari,9.2856,7.3787,rain,light rain,stations,22.5,23.26,22.5,22.5,1014,94,1014,951,10000,1.18,135,1.21,95,2026-08-05 19:41:30,2026-08-05 05:21:30,2026-08-05 17:51:28,NG,Maitama,2026-08-05 19:41:30.877431,19,2026-08-05,19:41:30,Wednesday
gwagwalada,9.0764,6.9854,clouds,overcast clouds,stations,25.18,26.13,25.18,25.18,1012,91,1012,989,10000,1.07,132,1.12,99,2026-08-05 19:41:30,2026-08-05 05:23:21,2026-08-05 17:52:47,NG,Kwali,2026-08-05 19:41:30.953770,19,2026-08-05,19:41:30,Wednesday
makurdi,7.7306,8.5361,clouds,overcast clouds,stations,24.52,25.51,24.52,24.52,1013,95,1013,1001,10000,2.42,189,7.3,100,2026-08-05 19:41:31,2026-08-05 05:18:50,2026-08-05 17:44:53,NG,Walmayo,2026-08-05 19:41:31.022355,19,2026-08-05,19:41:31,Wednesday
panda,9.2624,7.8385,clouds,overcast clouds,stations,23.64,24.54,23.64,23.64,1014,95,1014,970,10000,1.5,179,2.12,100,2026-08-05 21:15:47,2026-08-05 05:19:42,2026-08-05 17:49:36,NG,Maitama,2026-08-05 21:15:47.202773,21,2026-08-05,21:15:47,Wednesday
gurara,9.322,7.0232,clouds,overcast clouds,stations,24.19,25.07,24.19,24.19,1014,92,1014,973,10000,1.54,165,2.41,99,2026-08-05 21:15:47,2026-08-05 05:22:53,2026-08-05 17:52:57,NG,Suleja,2026-08-05 21:15:47.325289,21,2026-08-05,21:15:47,Wednesday
bwari,9.2856,7.3787,clouds,overcast clouds,stations,22.44,23.19,22.44,22.44,1014,94,1014,951,10000,1.54,181,1.65,97,2026-08-05 21:15:47,2026-08-05 05:21:30,2026-08-05 17:51:28,NG,Maitama,2026-08-05 21:15:47.451797,21,2026-08-05,21:15:47,Wednesday
gwagwalada,9.0764,6.9854,clouds,overcast clouds,stations,25.13,26.07,25.13,25.13,1013,91,1013,990,10000,1.12,158,1.17,100,2026-08-05 21:15:47,2026-08-05 05:23:21,2026-08-05 17:52:47,NG,Kwali,2026-08-05 21:15:47.576561,21,2026-08-05,21:15:47,Wednesday
makurdi,7.7306,8.5361,clouds,overcast clouds,stations,24.31,25.28,24.31,24.31,1014,95,1014,1002,10000,3.03,202,9.46,99,2026-08-05 21:15:47,2026-08-05 05:18:50,2026-08-05 17:44:53,NG,Walmayo,2026-08-05 21:15:47.698423,21,2026-08-05,21:15:47,Wednesday
panda,9.2624,7.8385,rain,light rain,stations,23.08,23.98,23.08,23.08,1015,97,1015,971,10000,1.0,149,1.2,100,2026-08-05 23:04:25,2026-08-06 05:19:48,2026-08-06 17:49:19,NG,Maitama,2026-08-05 23:04:25.665411,23,2026-08-05,23:04:25,Wednesday
gurara,9.322,7.0232,clouds,overcast clouds,stations,23.62,24.54,23.62,23.62,1014,96,1014,973,10000,1.83,158,4.05,97,2026-08-05 23:04:25,2026-08-06 05:23:00,2026-08-06 17:52:39,NG,Suleja,2026-08-05 23:04:25.787362,23,2026-08-05,23:04:25,Wednesday
bwari,9.2856,7.3787,clouds,overcast clouds,stations,22.08,22.85,22.08,22.08,1014,96,1014,951,10000,1.76,155,2.66,97,2026-08-05 23:04:25,2026-08-06 05:21:37,2026-08-06 17:51:11,NG,Maitama,2026-08-05 23:04:25.917656,23,2026-08-05,23:04:25,Wednesday
gwagwalada,9.0764,6.9854,clouds,overcast clouds,stations,24.53,25.49,24.53,24.53,1013,94,1013,990,10000,1.7,153,3.4,99,2026-08-05 23:04:26,2026-08-06 05:23:27,2026-08-06 17:52:30,NG,Kwali,2026-08-05 23:04:26.048331,23,2026-08-05,23:04:26,Wednesday
makurdi,7.7306,8.5361,clouds,overcast clouds,stations,23.66,24.59,23.66,23.66,1014,96,1014,1003,10000,2.79,199,9.94,100,2026-08-05 23:04:26,2026-08-06 05:18:55,2026-08-06 17:44:38,NG,Walmayo,2026-08-05 23:04:26.172841,23,2026-08-05,23:04:26,Wednesday
panda,9.2624,7.8385,clouds,broken clouds,stations,22.63,23.56,22.63,22.63,1013,100,1013,969,901,1.15,139,3.23,81,2026-08-06 02:54:22,2026-08-06 05:19:48,2026-08-06 17:49:19,NG,Maitama,2026-08-06 02:54:22.775655,2,2026-08-06,02:54:22,Thursday
gurara,9.322,7.0232,clouds,overcast clouds,stations,23.06,23.93,23.06,23.06,1013,96,1013,972,10000,2.12,174,6.16,90,2026-08-06 02:54:22,2026-08-06 05:23:00,2026-08-06 17:52:39,NG,Suleja,2026-08-06 02:54:22.943091,2,2026-08-06,02:54:22,Thursday
bwari,9.2856,7.3787,clouds,overcast clouds,stations,21.61,22.41,21.61,21.61,1013,99,1013,950,10000,1.74,156,4.24,88,2026-08-06 02:54:23,2026-08-06 05:21:37,2026-08-06 17:51:11,NG,Maitama,2026-08-06 02:54:23.103886,2,2026-08-06,02:54:23,Thursday
gwagwalada,9.0764,6.9854,clouds,overcast clouds,stations,23.86,24.73,23.86,23.86,1012,93,1012,989,10000,1.6,167,5.3,94,2026-08-06 02:54:23,2026-08-06 05:23:27,2026-08-06 17:52:30,NG,Kwali,2026-08-06 02:54:23.259907,2,2026-08-06,02:54:23,Thursday
makurdi,7.7306,8.5361,clouds,overcast clouds,stations,23.62,24.54,23.62,23.62,1013,96,1013,1001,10000,2.29,203,8.13,98,2026-08-06 02:54:23,2026-08-06 05:18:55,2026-08-06 17:44:38,NG,Walmayo,2026-08-06 02:54:23.454161,2,2026-08-06,02:54:23,Thursday
panda,9.2624,7.8385,clouds,overcast clouds,stations,23.47,24.35,23.47,23.47,1015,95,1015,971,10000,1.78,170,3.44,97,2026-08-06 06:35:04,2026-08-06 05:19:48,2026-08-06 17:49:19,NG,Maitama,2026-08-06 06:35:04.318280,6,2026-08-06,06:35:04,Thursday
gurara,9.322,7.0232,clouds,overcast clouds,stations,23.71,24.51,23.71,23.71,1015,91,1015,974,10000,2.71,172,4.91,98,2026-08-06 06:35:04,2026-08-06 05:23:00,2026-08-06 17:52:39,NG,Suleja,2026-08-06 06:35:04.412825,6,2026-08-06,06:35:04,Thursday
bwari,9.2856,7.3787,clouds,overcast clouds,stations,22.51,23.27,22.51,22.51,1015,94,1015,952,10000,2.12,174,4.0,87,2026-08-06 06:35:04,2026-08-06 05:21:37,2026-08-06 17:51:11,NG,Maitama,2026-08-06 06:35:04.511050,6,2026-08-06,06:35:04,Thursday
gwagwalada,9.0764,6.9854,clouds,overcast clouds,stations,24.53,25.36,24.53,24.53,1015,89,1015,991,10000,2.37,174,4.36,86,2026-08-06 06:35:04,2026-08-06 05:23:27,2026-08-06 17:52:30,NG,Kwali,2026-08-06 06:35:04.596894,6,2026-08-06,06:35:04,Thursday
makurdi,7.7306,8.5361,clouds,overcast clouds,stations,24.66,25.56,24.66,24.66,1015,91,1015,1004,10000,2.97,213,7.03,100,2026-08-06 06:35:04,2026-08-06 05:18:55,2026-08-06 17:44:38,NG,Walmayo,2026-08-06 06:35:04.685917,6,2026-08-06,06:35:04,Thursday
panda,9.2624,7.8385,rain,light rain,stations,28.09,31.26,28.09,28.09,1015,73,1015,971,10000,2.23,161,2.88,87,2026-08-06 10:43:21,2026-08-06 05:19:48,2026-08-06 17:49:19,NG,Maitama,2026-08-06 10:43:21.819670,10,2026-08-06,10:43:21,Thursday
gurara,9.322,7.0232,rain,light rain,stations,28.14,31.08,28.14,28.14,1014,71,1014,974,10000,2.64,187,3.08,84,2026-08-06 10:43:21,2026-08-06 05:23:00,2026-08-06 17:52:39,NG,Suleja,2026-08-06 10:43:21.938781,10,2026-08-06,10:43:21,Thursday
bwari,9.2856,7.3787,rain,light rain,stations,26.9,28.93,26.9,26.9,1015,73,1015,953,10000,2.2,175,2.94,83,2026-08-06 10:43:22,2026-08-06 05:21:37,2026-08-06 17:51:11,NG,Maitama,2026-08-06 10:43:22.094524,10,2026-08-06,10:43:22,Thursday
gwagwalada,9.0764,6.9854,rain,light rain,stations,28.69,32.4,28.69,28.69,1014,72,1014,991,6438,2.51,185,2.88,82,2026-08-06 10:43:22,2026-08-06 05:23:27,2026-08-06 17:52:30,NG,Kwali,2026-08-06 10:43:22.250420,10,2026-08-06,10:43:22,Thursday
makurdi,7.7306,8.5361,rain,moderate rain,stations,27.78,31.42,27.78,27.78,1014,79,1014,1003,10000,2.19,207,3.3,99,2026-08-06 10:43:22,2026-08-06 05:18:55,2026-08-06 17:44:38,NG,Walmayo,2026-08-06 10:43:22.381527,10,2026-08-06,10:43:22,Thursday
panda,9.2624,7.8385,rain,light rain,stations,27.46,30.67,27.46,27.46,1012,79,1012,969,10000,2.07,157,2.22,48,2026-08-06 14:22:44,2026-08-06 05:19:48,2026-08-06 17:49:19,NG,Maitama,2026-08-06 14:22:44.855975,14,2026-08-06,14:22:44,Thursday
gurara,9.322,7.0232,rain,light rain,stations,27.89,30.98,27.89,27.89,1012,74,1012,971,10000,2.39,185,2.37,60,2026-08-06 14:22:44,2026-08-06 05:23:00,2026-08-06 17:52:39,NG,Suleja,2026-08-06 14:22:44.948402,14,2026-08-06,14:22:44,Thursday
bwari,9.2856,7.3787,rain,moderate rain,stations,26.26,26.26,26.26,26.26,1012,80,1012,950,10000,1.83,184,2.09,68,2026-08-06 14:22:45,2026-08-06 05:21:37,2026-08-06 17:51:11,NG,Maitama,2026-08-06 14:22:45.040162,14,2026-08-06,14:22:45,Thursday
gwagwalada,9.0764,6.9854,rain,light rain,stations,28.64,32.64,28.64,28.64,1012,74,1012,989,10000,1.98,188,2.14,52,2026-08-06 14:22:45,2026-08-06 05:23:27,2026-08-06 17:52:30,NG,Kwali,2026-08-06 14:22:45.134635,14,2026-08-06,14:22:45,Thursday
makurdi,7.7306,8.5361,rain,light rain,stations,29.09,33.31,29.09,29.09,1011,72,1011,1000,10000,2.25,202,3.16,98,2026-08-06 14:22:45,2026-08-06 05:18:55,2026-08-06 17:44:38,NG,Walmayo,2026-08-06 14:22:45.226784,14,2026-08-06,14:22:45,Thursday
panda,9.2624,7.8385,rain,light rain,stations,22.31,23.1,22.31,22.31,1014,96,1014,970,10000,0.58,151,0.67,41,2026-08-07 00:05:51,2026-08-07 05:19:54,2026-08-07 17:49:01,NG,Maitama,2026-08-07 00:05:51.114534,0,2026-08-07,00:05:51,Friday
gurara,9.322,7.0232,rain,light rain,stations,22.53,23.27,22.53,22.53,1014,93,1014,973,10000,1.24,176,1.27,55,2026-08-07 00:05:51,2026-08-07 05:23:06,2026-08-07 17:52:21,NG,Suleja,2026-08-07 00:05:51.180554,0,2026-08-07,00:05:51,Friday
bwari,9.2856,7.3787,rain,light rain,stations,21.33,22.0,21.33,21.33,1014,95,1014,951,10000,0.92,172,0.99,47,2026-08-07 00:05:51,2026-08-07 05:21:43,2026-08-07 17:50:53,NG,Maitama,2026-08-07 00:05:51.248410,0,2026-08-07,00:05:51,Friday
gwagwalada,9.0764,6.9854,rain,moderate rain,stations,23.05,23.89,23.05,23.05,1014,95,1014,990,7567,1.04,152,1.11,40,2026-08-07 00:05:51,2026-08-07 05:23:33,2026-08-07 17:52:12,NG,Kwali,2026-08-07 00:05:51.315288,0,2026-08-07,00:05:51,Friday
makurdi,7.7306,8.5361,rain,moderate rain,stations,22.97,23.88,22.97,22.97,1014,98,1014,1003,10000,2.14,204,6.38,72,2026-08-07 00:05:51,2026-08-07 05:18:59,2026-08-07 17:44:21,NG,Walmayo,2026-08-07 00:05:51.383238,0,2026-08-07,00:05:51,Friday
panda,9.2624,7.8385,rain,light rain,stations,21.57,22.34,21.57,21.57,1014,98,1014,970,10000,0.25,172,0.45,62,2026-08-07 04:28:38,2026-08-07 05:19:54,2026-08-07 17:49:01,NG,Maitama,2026-08-07 04:28:38.925786,4,2026-08-07,04:28:38,Friday
gurara,9.322,7.0232,rain,light rain,stations,21.64,22.44,21.64,21.64,1014,99,1014,973,10000,1.31,173,3.64,87,2026-08-07 04:28:39,2026-08-07 05:23:06,2026-08-07 17:52:21,NG,Suleja,2026-08-07 04:28:39.054179,4,2026-08-07,04:28:39,Friday
bwari,9.2856,7.3787,rain,light rain,stations,20.75,21.47,20.75,20.75,1015,99,1015,951,9551,1.36,212,4.53,80,2026-08-07 04:24:40,2026-08-07 05:21:43,2026-08-07 17:50:53,NG,Maitama,2026-08-07 04:28:39.171691,4,2026-08-07,04:24:40,Friday
gwagwalada,9.0764,6.9854,rain,light rain,stations,22.36,23.21,22.36,22.36,1014,98,1014,990,10000,1.09,191,1.87,85,2026-08-07 04:28:39,2026-08-07 05:23:33,2026-08-07 17:52:12,NG,Kwali,2026-08-07 04:28:39.296054,4,2026-08-07,04:28:39,Friday
makurdi,7.7306,8.5361,clouds,broken clouds,stations,22.47,23.33,22.47,22.47,1014,98,1014,1002,10000,2.21,207,7.38,59,2026-08-07 04:28:39,2026-08-07 05:18:59,2026-08-07 17:44:21,NG,Walmayo,2026-08-07 04:28:39.416466,4,2026-08-07,04:28:39,Friday
panda,9.2624,7.8385,clouds,scattered clouds,stations,23.55,24.39,23.55,23.55,1016,93,1016,972,10000,0.78,261,1.63,42,2026-08-07 07:22:21,2026-08-07 05:19:54,2026-08-07 17:49:01,NG,Maitama,2026-08-07 07:22:21.324228,7,2026-08-07,07:22:21,Friday
gurara,9.322,7.0232,clouds,overcast clouds,stations,22.95,23.81,22.95,22.95,1016,96,1016,975,10000,1.65,251,3.68,97,2026-08-07 07:22:21,2026-08-07 05:23:06,2026-08-07 17:52:21,NG,Suleja,2026-08-07 07:22:21.380965,7,2026-08-07,07:22:21,Friday
bwari,9.2856,7.3787,clouds,overcast clouds,stations,21.91,22.69,21.91,21.91,1016,97,1016,953,5855,1.85,247,3.79,91,2026-08-07 07:22:21,2026-08-07 05:21:43,2026-08-07 17:50:53,NG,Maitama,2026-08-07 07:22:21.433088,7,2026-08-07,07:22:21,Friday
gwagwalada,9.0764,6.9854,clouds,broken clouds,stations,23.88,24.78,23.88,23.88,1016,94,1016,992,10000,1.58,262,3.27,79,2026-08-07 07:22:21,2026-08-07 05:23:33,2026-08-07 17:52:12,NG,Kwali,2026-08-07 07:22:21.483796,7,2026-08-07,07:22:21,Friday
makurdi,7.7306,8.5361,clouds,broken clouds,stations,24.3,25.19,24.3,24.3,1015,92,1015,1004,10000,2.7,248,5.42,75,2026-08-07 07:22:21,2026-08-07 05:18:59,2026-08-07 17:44:21,NG,Walmayo,2026-08-07 07:22:21.541593,7,2026-08-07,07:22:21,Friday
panda,9.2624,7.8385,rain,light rain,stations,26.32,26.32,26.32,26.32,1016,81,1016,973,10000,1.69,252,2.1,52,2026-08-07 09:03:58,2026-08-07 05:19:54,2026-08-07 17:49:01,NG,Maitama,2026-08-07 09:03:58.705189,9,2026-08-07,09:03:58,Friday
gurara,9.322,7.0232,rain,light rain,stations,24.67,25.49,24.67,24.67,1016,88,1016,975,10000,1.89,253,2.75,97,2026-08-07 09:03:58,2026-08-07 05:23:06,2026-08-07 17:52:21,NG,Suleja,2026-08-07 09:03:58.768615,9,2026-08-07,09:03:58,Friday
bwari,9.2856,7.3787,clouds,overcast clouds,stations,23.74,24.49,23.74,23.74,1017,89,1017,954,10000,2.26,255,2.82,94,2026-08-07 09:03:58,2026-08-07 05:21:43,2026-08-07 17:50:53,NG,Maitama,2026-08-07 09:03:58.834685,9,2026-08-07,09:03:58,Friday
gwagwalada,9.0764,6.9854,rain,light rain,stations,25.94,26.78,25.94,25.94,1016,84,1016,993,10000,1.91,255,2.69,81,2026-08-07 09:03:58,2026-08-07 05:23:33,2026-08-07 17:52:12,NG,Kwali,2026-08-07 09:03:58.898408,9,2026-08-07,09:03:58,Friday
makurdi,7.7306,8.5361,clouds,broken clouds,stations,27.17,30.02,27.17,27.17,1015,79,1015,1004,10000,2.98,262,4.08,83,2026-08-07 09:03:58,2026-08-07 05:18:59,2026-08-07 17:44:21,NG,Walmayo,2026-08-07 09:03:58.980786,9,2026-08-07,09:03:58,Friday
panda,9.2624,7.8385,rain,light rain,stations,28.15,31.54,28.15,28.15,1014,74,1014,971,10000,1.66,242,1.58,65,2026-08-07 10:56:44,2026-08-07 05:19:54,2026-08-07 17:49:01,NG,Maitama,2026-08-07 10:56:44.153817,10,2026-08-07,10:56:44,Friday
gurara,9.322,7.0232,rain,light rain,stations,27.05,29.57,27.05,27.05,1014,77,1014,974,10000,2.28,255,2.49,98,2026-08-07 10:56:44,2026-08-07 05:23:06,2026-08-07 17:52:21,NG,Suleja,2026-08-07 10:56:44.292257,10,2026-08-07,10:56:44,Friday
bwari,9.2856,7.3787,clouds,overcast clouds,stations,25.94,26.63,25.94,25.94,1015,78,1015,952,10000,2.28,255,2.12,96,2026-08-07 10:56:44,2026-08-07 05:21:43,2026-08-07 17:50:53,NG,Maitama,2026-08-07 10:56:44.432396,10,2026-08-07,10:56:44,Friday
gwagwalada,9.0764,6.9854,rain,light rain,stations,28.51,32.18,28.51,28.51,1014,73,1014,991,10000,2.22,258,2.41,83,2026-08-07 10:56:44,2026-08-07 05:23:33,2026-08-07 17:52:12,NG,Kwali,2026-08-07 10:56:44.535040,10,2026-08-07,10:56:44,Friday
makurdi,7.7306,8.5361,rain,light rain,stations,29.08,33.09,29.08,29.08,1014,71,1014,1002,10000,2.99,257,3.71,80,2026-08-07 10:56:44,2026-08-07 05:18:59,2026-08-07 17:44:21,NG,Walmayo,2026-08-07 10:56:44.669096,10,2026-08-07,10:56:44,Friday
panda,9.2624,7.8385,rain,light rain,stations,29.84,34.19,29.84,29.84,1012,68,1012,969,10000,1.33,269,1.31,99,2026-08-07 13:13:30,2026-08-07 05:19:54,2026-08-07 17:49:01,NG,Maitama,2026-08-07 13:13:30.815075,13,2026-08-07,13:13:30,Friday
gurara,9.322,7.0232,rain,light rain,stations,27.74,31.05,27.74,27.74,1012,77,1012,972,10000,2.32,270,2.73,100,2026-08-07 13:13:30,2026-08-07 05:23:06,2026-08-07 17:52:21,NG,Suleja,2026-08-07 13:13:30.997317,13,2026-08-07,13:13:30,Friday
bwari,9.2856,7.3787,rain,moderate rain,stations,26.42,26.42,26.42,26.42,1012,80,1012,950,10000,2.12,280,1.94,100,2026-08-07 13:13:31,2026-08-07 05:21:43,2026-08-07 17:50:53,NG,Maitama,2026-08-07 13:13:31.161014,13,2026-08-07,13:13:31,Friday
gwagwalada,9.0764,6.9854,rain,light rain,stations,28.82,33.25,28.82,28.82,1012,75,1012,989,10000,2.57,272,2.97,100,2026-08-07 13:13:31,2026-08-07 05:23:33,2026-08-07 17:52:12,NG,Kwali,2026-08-07 13:13:31.313465,13,2026-08-07,13:13:31,Friday
makurdi,7.7306,8.5361,rain,light rain,stations,29.72,34.14,29.72,29.72,1011,69,1011,1000,10000,2.29,266,2.93,90,2026-08-07 13:13:31,2026-08-07 05:18:59,2026-08-07 17:44:21,NG,Walmayo,2026-08-07 13:13:31.485024,13,2026-08-07,13:13:31,Friday
panda,9.2624,7.8385,rain,moderate rain,stations,28.19,32.25,28.19,28.19,1011,78,1011,968,10000,1.11,256,1.13,100,2026-08-07 14:56:35,2026-08-07 05:19:54,2026-08-07 17:49:01,NG,Maitama,2026-08-07 14:56:35.846876,14,2026-08-07,14:56:35,Friday
gurara,9.322,7.0232,rain,light rain,stations,27.43,30.72,27.43,27.43,1011,80,1011,971,10000,1.77,266,2.09,100,2026-08-07 14:56:35,2026-08-07 05:23:06,2026-08-07 17:52:21,NG,Suleja,2026-08-07 14:56:36.002476,14,2026-08-07,14:56:35,Friday
bwari,9.2856,7.3787,rain,moderate rain,stations,26.1,26.1,26.1,26.1,1011,83,1011,949,10000,1.84,284,1.99,100,2026-08-07 14:56:36,2026-08-07 05:21:43,2026-08-07 17:50:53,NG,Maitama,2026-08-07 14:56:36.154118,14,2026-08-07,14:56:36,Friday
gwagwalada,9.0764,6.9854,rain,light rain,stations,28.67,33.08,28.67,28.67,1011,76,1011,988,10000,1.84,268,2.24,100,2026-08-07 14:56:36,2026-08-07 05:23:33,2026-08-07 17:52:12,NG,Kwali,2026-08-07 14:56:36.293655,14,2026-08-07,14:56:36,Friday
makurdi,7.7306,8.5361,rain,light rain,stations,29.6,34.53,29.6,29.6,1010,72,1010,999,10000,1.81,239,2.21,96,2026-08-07 14:56:36,2026-08-07 05:18:59,2026-08-07 17:44:21,NG,Walmayo,2026-08-07 14:56:36.433009,14,2026-08-07,14:56:36,Friday
panda,9.2624,7.8385,rain,moderate rain,stations,26.11,26.11,26.11,26.11,1011,88,1011,968,10000,0.48,285,0.8,100,2026-08-07 16:57:10,2026-08-07 05:19:54,2026-08-07 17:49:01,NG,Maitama,2026-08-07 16:57:10.901473,16,2026-08-07,16:57:10,Friday
gurara,9.322,7.0232,rain,moderate rain,stations,26.08,26.08,26.08,26.08,1011,89,1011,971,8579,1.15,273,1.88,100,2026-08-07 16:57:10,2026-08-07 05:23:06,2026-08-07 17:52:21,NG,Suleja,2026-08-07 16:57:10.993018,16,2026-08-07,16:57:10,Friday
bwari,9.2856,7.3787,rain,moderate rain,stations,24.18,25.03,24.18,24.18,1012,91,1012,949,10000,1.01,289,1.52,100,2026-08-07 16:57:11,2026-08-07 05:21:43,2026-08-07 17:50:53,NG,Maitama,2026-08-07 16:57:11.083665,16,2026-08-07,16:57:11,Friday
gwagwalada,9.0764,6.9854,rain,moderate rain,stations,27.58,31.88,27.58,27.58,1011,86,1011,988,10000,1.08,287,1.73,99,2026-08-07 16:57:11,2026-08-07 05:23:33,2026-08-07 17:52:12,NG,Kwali,2026-08-07 16:57:11.178432,16,2026-08-07,16:57:11,Friday
makurdi,7.7306,8.5361,clouds,overcast clouds,stations,26.36,26.36,26.36,26.36,1011,89,1011,999,10000,2.42,193,4.56,97,2026-08-07 16:57:11,2026-08-07 05:18:59,2026-08-07 17:44:21,NG,Walmayo,2026-08-07 16:57:11.267909,16,2026-08-07,16:57:11,Friday
panda,9.2624,7.8385,rain,light rain,stations,23.89,24.79,23.89,23.89,1012,94,1012,968,10000,1.49,194,1.79,76,2026-08-07 19:02:58,2026-08-07 05:19:54,2026-08-07 17:49:01,NG,Maitama,2026-08-07 19:02:58.991041,19,2026-08-07,19:02:58,Friday
gurara,9.322,7.0232,rain,light rain,stations,24.44,25.26,24.44,24.44,1011,89,1011,971,10000,1.31,259,1.44,100,2026-08-07 19:02:59,2026-08-07 05:23:06,2026-08-07 17:52:21,NG,Suleja,2026-08-07 19:02:59.138857,19,2026-08-07,19:02:59,Friday
bwari,9.2856,7.3787,rain,light rain,stations,23.13,23.87,23.13,23.13,1012,91,1012,949,10000,1.37,204,1.47,99,2026-08-07 19:02:59,2026-08-07 05:21:43,2026-08-07 17:50:53,NG,Maitama,2026-08-07 19:02:59.281861,19,2026-08-07,19:02:59,Friday
gwagwalada,9.0764,6.9854,rain,moderate rain,stations,25.4,26.29,25.4,25.4,1011,88,1011,988,10000,1.48,232,1.61,99,2026-08-07 19:02:59,2026-08-07 05:23:33,2026-08-07 17:52:12,NG,Kwali,2026-08-07 19:02:59.425735,19,2026-08-07,19:02:59,Friday
makurdi,7.7306,8.5361,clouds,few clouds,stations,24.99,26.03,24.99,24.99,1012,95,1012,1000,10000,2.17,193,5.1,20,2026-08-07 19:02:59,2026-08-07 05:18:59,2026-08-07 17:44:21,NG,Walmayo,2026-08-07 19:02:59.589140,19,2026-08-07,19:02:59,Friday
panda,9.2624,7.8385,rain,moderate rain,stations,23.0,23.86,23.0,23.0,1014,96,1014,970,10000,0.58,151,0.89,85,2026-08-07 20:46:11,2026-08-07 05:19:54,2026-08-07 17:49:01,NG,Maitama,2026-08-07 20:46:11.622543,20,2026-08-07,20:46:11,Friday
gurara,9.322,7.0232,rain,light rain,stations,23.54,24.38,23.54,23.54,1013,93,1013,972,10000,0.61,260,0.94,95,2026-08-07 20:46:11,2026-08-07 05:23:06,2026-08-07 17:52:21,NG,Suleja,2026-08-07 20:46:11.763764,20,2026-08-07,20:46:11,Friday
bwari,9.2856,7.3787,rain,moderate rain,stations,22.07,22.79,22.07,22.07,1014,94,1014,951,10000,0.4,253,0.72,92,2026-08-07 20:46:11,2026-08-07 05:21:43,2026-08-07 17:50:53,NG,Maitama,2026-08-07 20:46:11.891944,20,2026-08-07,20:46:11,Friday
gwagwalada,9.0764,6.9854,rain,light rain,stations,24.35,25.24,24.35,24.35,1013,92,1013,990,10000,0.97,267,1.1,99,2026-08-07 20:46:12,2026-08-07 05:23:33,2026-08-07 17:52:12,NG,Kwali,2026-08-07 20:46:12.023112,20,2026-08-07,20:46:12,Friday
makurdi,7.7306,8.5361,rain,light rain,stations,24.18,25.19,24.18,24.18,1013,97,1013,1002,10000,2.3,186,7.48,34,2026-08-07 20:46:12,2026-08-07 05:18:59,2026-08-07 17:44:21,NG,Walmayo,2026-08-07 20:46:12.153943,20,2026-08-07,20:46:12,Friday
panda,9.2624,7.8385,rain,light rain,stations,22.67,23.5,22.67,22.67,1014,96,1014,970,10000,0.73,133,0.83,90,2026-08-07 22:40:51,2026-08-07 05:19:54,2026-08-07 17:49:01,NG,Maitama,2026-08-07 22:40:51.875738,22,2026-08-07,22:40:51,Friday
gurara,9.322,7.0232,rain,light rain,stations,22.94,23.77,22.94,22.94,1013,95,1013,972,10000,1.09,225,1.48,97,2026-08-07 22:40:51,2026-08-07 05:23:06,2026-08-07 17:52:21,NG,Suleja,2026-08-07 22:40:52.000533,22,2026-08-07,22:40:51,Friday
bwari,9.2856,7.3787,clouds,overcast clouds,stations,21.77,22.48,21.77,21.77,1014,95,1014,951,10000,1.02,198,1.11,94,2026-08-07 22:40:52,2026-08-07 05:21:43,2026-08-07 17:50:53,NG,Maitama,2026-08-07 22:40:52.127040,22,2026-08-07,22:40:52,Friday
gwagwalada,9.0764,6.9854,rain,light rain,stations,23.81,24.7,23.81,23.81,1013,94,1013,990,10000,1.03,228,1.13,94,2026-08-07 22:40:52,2026-08-07 05:23:33,2026-08-07 17:52:12,NG,Kwali,2026-08-07 22:40:52.260776,22,2026-08-07,22:40:52,Friday
makurdi,7.7306,8.5361,rain,moderate rain,stations,23.63,24.5,23.63,23.63,1014,94,1014,1002,10000,3.06,204,9.68,55,2026-08-07 22:40:52,2026-08-07 05:18:59,2026-08-07 17:44:21,NG,Walmayo,2026-08-07 22:40:52.382237,22,2026-08-07,22:40:52,Friday
panda,9.2624,7.8385,rain,moderate rain,stations,21.95,22.76,21.95,21.95,1013,98,1013,969,10000,0.31,196,0.44,100,2026-08-08 01:55:19,2026-08-08 05:20:00,2026-08-08 17:48:42,NG,Maitama,2026-08-08 01:55:19.533519,1,2026-08-08,01:55:19,Saturday
gurara,9.322,7.0232,rain,moderate rain,stations,21.83,22.63,21.83,21.83,1013,98,1013,972,10000,0.89,197,1.3,100,2026-08-08 01:55:19,2026-08-08 05:23:11,2026-08-08 17:52:02,NG,Suleja,2026-08-08 01:55:19.599482,1,2026-08-08,01:55:19,Saturday
bwari,9.2856,7.3787,rain,moderate rain,stations,20.97,21.66,20.97,20.97,1013,97,1013,950,10000,1.19,205,1.93,100,2026-08-08 01:55:19,2026-08-08 05:21:49,2026-08-08 17:50:34,NG,Maitama,2026-08-08 01:55:19.662056,1,2026-08-08,01:55:19,Saturday
gwagwalada,9.0764,6.9854,rain,light rain,stations,22.79,23.66,22.79,22.79,1013,97,1013,989,10000,1.03,244,2.07,100,2026-08-08 01:55:19,2026-08-08 05:23:38,2026-08-08 17:51:53,NG,Kwali,2026-08-08 01:55:19.728994,1,2026-08-08,01:55:19,Saturday
makurdi,7.7306,8.5361,clouds,overcast clouds,stations,22.88,23.76,22.88,22.88,1012,97,1012,1001,10000,2.71,218,9.23,98,2026-08-08 01:55:19,2026-08-08 05:19:03,2026-08-08 17:44:04,NG,Walmayo,2026-08-08 01:55:19.793988,1,2026-08-08,01:55:19,Saturday
panda,9.2624,7.8385,rain,moderate rain,stations,21.76,22.58,21.76,21.76,1013,99,1013,970,7076,0.87,170,1.53,100,2026-08-08 03:37:31,2026-08-08 05:20:00,2026-08-08 17:48:42,NG,Maitama,2026-08-08 03:37:31.638245,3,2026-08-08,03:37:31,Saturday
gurara,9.322,7.0232,rain,moderate rain,stations,21.4,22.18,21.4,21.4,1013,99,1013,972,4230,0.9,178,1.28,100,2026-08-08 03:37:31,2026-08-08 05:23:11,2026-08-08 17:52:02,NG,Suleja,2026-08-08 03:37:31.728107,3,2026-08-08,03:37:31,Saturday
bwari,9.2856,7.3787,rain,moderate rain,stations,20.59,21.29,20.59,20.59,1014,99,1014,950,9421,1.19,215,4.17,100,2026-08-08 03:37:31,2026-08-08 05:21:49,2026-08-08 17:50:34,NG,Maitama,2026-08-08 03:37:31.824936,3,2026-08-08,03:37:31,Saturday
gwagwalada,9.0764,6.9854,rain,moderate rain,stations,22.41,23.27,22.41,22.41,1013,98,1013,990,10000,1.07,199,1.82,100,2026-08-08 03:37:31,2026-08-08 05:23:38,2026-08-08 17:51:53,NG,Kwali,2026-08-08 03:37:31.918012,3,2026-08-08,03:37:31,Saturday
makurdi,7.7322,8.5391,clouds,overcast clouds,stations,22.43,23.29,22.43,22.43,1013,98,1013,1002,10000,1.98,215,7.51,98,2026-08-08 03:35:20,2026-08-08 05:19:02,2026-08-08 17:44:04,NG,Walmayo,2026-08-08 03:37:32.001096,3,2026-08-08,03:35:20,Saturday
panda,9.2624,7.8385,rain,moderate rain,stations,21.76,22.58,21.76,21.76,1014,99,1014,970,1841,0.95,197,1.89,100,2026-08-08 05:01:27,2026-08-08 05:20:00,2026-08-08 17:48:42,NG,Maitama,2026-08-08 05:01:27.978609,5,2026-08-08,05:01:27,Saturday
gurara,9.322,7.0232,rain,moderate rain,stations,21.43,22.21,21.43,21.43,1014,99,1014,972,3327,0.75,230,1.72,100,2026-08-08 05:01:28,2026-08-08 05:23:11,2026-08-08 17:52:02,NG,Suleja,2026-08-08 05:01:28.032693,5,2026-08-08,05:01:28,Saturday
bwari,9.2856,7.3787,rain,moderate rain,stations,20.69,21.4,20.69,20.69,1014,99,1014,951,2725,1.23,220,4.03,100,2026-08-08 05:01:28,2026-08-08 05:21:49,2026-08-08 17:50:34,NG,Maitama,2026-08-08 05:01:28.104421,5,2026-08-08,05:01:28,Saturday
gwagwalada,9.0764,6.9854,rain,light rain,stations,22.41,23.29,22.41,22.41,1013,99,1013,990,10000,0.92,227,1.45,100,2026-08-08 05:01:28,2026-08-08 05:23:38,2026-08-08 17:51:53,NG,Kwali,2026-08-08 05:01:28.160170,5,2026-08-08,05:01:28,Saturday
makurdi,7.7306,8.5361,clouds,overcast clouds,stations,22.4,23.25,22.4,22.4,1014,98,1014,1002,10000,2.05,222,7.6,99,2026-08-08 05:01:28,2026-08-08 05:19:03,2026-08-08 17:44:04,NG,Walmayo,2026-08-08 05:01:28.218279,5,2026-08-08,05:01:28,Saturday
panda,9.2624,7.8385,clouds,overcast clouds,stations,23.1,23.97,23.1,23.1,1015,96,1015,971,10000,0.65,159,1.13,100,2026-08-08 07:00:11,2026-08-08 05:20:00,2026-08-08 17:48:42,NG,Maitama,2026-08-08 07:00:11.356113,7,2026-08-08,07:00:11,Saturday
gurara,9.322,7.0232,clouds,overcast clouds,stations,22.65,23.5,22.65,22.65,1015,97,1015,973,10000,1.8,231,3.78,100,2026-08-08 07:00:11,2026-08-08 05:23:11,2026-08-08 17:52:02,NG,Suleja,2026-08-08 07:00:11.406479,7,2026-08-08,07:00:11,Saturday
bwari,9.2856,7.3787,clouds,overcast clouds,stations,21.87,22.62,21.87,21.87,1015,96,1015,952,10000,1.81,206,3.16,100,2026-08-08 07:00:11,2026-08-08 05:21:49,2026-08-08 17:50:34,NG,Maitama,2026-08-08 07:00:11.453166,7,2026-08-08,07:00:11,Saturday
gwagwalada,9.0764,6.9854,clouds,overcast clouds,stations,23.31,24.23,23.31,23.31,1014,97,1014,991,10000,1.5,225,3.21,100,2026-08-08 07:00:11,2026-08-08 05:23:38,2026-08-08 17:51:53,NG,Kwali,2026-08-08 07:00:11.514343,7,2026-08-08,07:00:11,Saturday
makurdi,7.7306,8.5361,clouds,overcast clouds,stations,24.0,24.88,24.0,24.0,1014,93,1014,1003,10000,2.62,226,5.8,99,2026-08-08 07:00:11,2026-08-08 05:19:03,2026-08-08 17:44:04,NG,Walmayo,2026-08-08 07:00:11.594331,7,2026-08-08,07:00:11,Saturday
panda,9.2624,7.8385,rain,light rain,stations,24.7,25.6,24.7,24.7,1016,91,1016,972,9599,1.39,222,2.1,100,2026-08-08 08:47:47,2026-08-08 05:20:00,2026-08-08 17:48:42,NG,Maitama,2026-08-08 08:47:48.045776,8,2026-08-08,08:47:47,Saturday
gurara,9.322,7.0232,rain,light rain,stations,22.58,23.43,22.58,22.58,1016,97,1016,974,10000,1.67,233,5.42,100,2026-08-08 08:47:48,2026-08-08 05:23:11,2026-08-08 17:52:02,NG,Suleja,2026-08-08 08:47:48.098732,8,2026-08-08,08:47:48,Saturday
bwari,9.2856,7.3787,rain,light rain,stations,22.09,22.89,22.09,22.09,1016,97,1016,953,10000,2.21,241,4.33,100,2026-08-08 08:47:48,2026-08-08 05:21:49,2026-08-08 17:50:34,NG,Maitama,2026-08-08 08:47:48.151401,8,2026-08-08,08:47:48,Saturday
gwagwalada,9.0764,6.9854,rain,light rain,stations,23.5,24.41,23.5,23.5,1015,96,1015,992,10000,1.56,242,4.44,100,2026-08-08 08:47:48,2026-08-08 05:23:38,2026-08-08 17:51:53,NG,Kwali,2026-08-08 08:47:48.208182,8,2026-08-08,08:47:48,Saturday
makurdi,7.7306,8.5361,clouds,overcast clouds,stations,26.05,26.05,26.05,26.05,1015,84,1015,1004,10000,3.5,246,5.29,100,2026-08-08 08:47:48,2026-08-08 05:19:03,2026-08-08 17:44:04,NG,Walmayo,2026-08-08 08:47:48.296916,8,2026-08-08,08:47:48,Saturday
panda,9.2624,7.8385,rain,moderate rain,stations,25.73,26.63,25.73,25.73,1014,87,1014,971,10000,1.83,252,2.4,98,2026-08-08 10:37:35,2026-08-08 05:20:00,2026-08-08 17:48:42,NG,Maitama,2026-08-08 10:37:35.576188,10,2026-08-08,10:37:35,Saturday
gurara,9.322,7.0232,rain,light rain,stations,23.14,23.99,23.14,23.14,1014,95,1014,973,10000,1.69,235,3.6,100,2026-08-08 10:37:35,2026-08-08 05:23:11,2026-08-08 17:52:02,NG,Suleja,2026-08-08 10:37:35.629856,10,2026-08-08,10:37:35,Saturday
bwari,9.2856,7.3787,rain,light rain,stations,22.26,23.05,22.26,22.26,1015,96,1015,952,10000,1.9,254,3.74,100,2026-08-08 10:37:35,2026-08-08 05:21:49,2026-08-08 17:50:34,NG,Maitama,2026-08-08 10:37:35.695001,10,2026-08-08,10:37:35,Saturday
gwagwalada,9.0764,6.9854,rain,light rain,stations,23.99,24.9,23.99,23.99,1014,94,1014,991,10000,1.42,247,3.26,100,2026-08-08 10:37:35,2026-08-08 05:23:38,2026-08-08 17:51:53,NG,Kwali,2026-08-08 10:37:35.747154,10,2026-08-08,10:37:35,Saturday
makurdi,7.7306,8.5361,rain,moderate rain,stations,27.18,30.46,27.18,27.18,1014,83,1014,1003,7463,2.79,247,3.81,100,2026-08-08 10:37:35,2026-08-08 05:19:03,2026-08-08 17:44:04,NG,Walmayo,2026-08-08 10:37:35.803070,10,2026-08-08,10:37:35,Saturday
panda,9.2624,7.8385,rain,moderate rain,stations,26.75,29.52,26.75,26.75,1013,84,1013,969,10000,1.66,237,2.01,100,2026-08-08 12:56:24,2026-08-08 05:20:00,2026-08-08 17:48:42,NG,Maitama,2026-08-08 12:56:24.456657,12,2026-08-08,12:56:24,Saturday
gurara,9.322,7.0232,rain,moderate rain,stations,25.72,26.62,25.72,25.72,1013,87,1013,972,10000,2.54,246,3.37,100,2026-08-08 12:56:24,2026-08-08 05:23:11,2026-08-08 17:52:02,NG,Suleja,2026-08-08 12:56:24.587534,12,2026-08-08,12:56:24,Saturday
bwari,9.2856,7.3787,rain,light rain,stations,24.13,24.95,24.13,24.13,1013,90,1013,951,10000,2.06,256,3.16,100,2026-08-08 12:56:24,2026-08-08 05:21:49,2026-08-08 17:50:34,NG,Maitama,2026-08-08 12:56:24.726696,12,2026-08-08,12:56:24,Saturday
gwagwalada,9.0764,6.9854,rain,moderate rain,stations,26.73,29.47,26.73,26.73,1012,84,1012,989,10000,2.62,259,3.66,100,2026-08-08 12:56:24,2026-08-08 05:23:38,2026-08-08 17:51:53,NG,Kwali,2026-08-08 12:56:24.856139,12,2026-08-08,12:56:24,Saturday
makurdi,7.7306,8.5361,rain,light rain,stations,28.32,32.74,28.32,28.32,1012,79,1012,1001,10000,2.25,246,3.11,100,2026-08-08 12:56:24,2026-08-08 05:19:03,2026-08-08 17:44:04,NG,Walmayo,2026-08-08 12:56:24.981231,12,2026-08-08,12:56:24,Saturday
panda,9.2624,7.8385,rain,light rain,stations,27.18,30.14,27.18,27.18,1011,80,1011,968,10000,1.75,270,2.06,99,2026-08-08 14:35:17,2026-08-08 05:20:00,2026-08-08 17:48:42,NG,Maitama,2026-08-08 14:35:17.882211,14,2026-08-08,14:35:17,Saturday
gurara,9.322,7.0232,rain,light rain,stations,25.6,26.49,25.6,25.6,1012,87,1012,971,10000,2.91,251,3.87,100,2026-08-08 14:35:17,2026-08-08 05:23:11,2026-08-08 17:52:02,NG,Suleja,2026-08-08 14:35:17.973838,14,2026-08-08,14:35:17,Saturday
bwari,9.2856,7.3787,rain,light rain,stations,25.14,25.93,25.14,25.14,1012,85,1012,950,10000,2.52,256,2.99,99,2026-08-08 14:35:18,2026-08-08 05:21:49,2026-08-08 17:50:34,NG,Maitama,2026-08-08 14:35:18.068971,14,2026-08-08,14:35:18,Saturday
gwagwalada,9.0764,6.9854,rain,light rain,stations,26.51,26.51,26.51,26.51,1011,85,1011,988,10000,3.21,263,4.57,99,2026-08-08 14:35:18,2026-08-08 05:23:38,2026-08-08 17:51:53,NG,Kwali,2026-08-08 14:35:18.157618,14,2026-08-08,14:35:18,Saturday
makurdi,7.7306,8.5361,rain,light rain,stations,28.36,32.67,28.36,28.36,1011,78,1011,1000,10000,2.47,231,2.98,91,2026-08-08 14:35:18,2026-08-08 05:19:03,2026-08-08 17:44:04,NG,Walmayo,2026-08-08 14:35:18.245115,14,2026-08-08,14:35:18,Saturday
panda,9.2624,7.8385,clouds,overcast clouds,stations,26.04,26.04,26.04,26.04,1012,86,1012,968,10000,1.62,265,2.54,96,2026-08-08 16:38:14,2026-08-08 05:20:00,2026-08-08 17:48:42,NG,Maitama,2026-08-08 16:38:14.288443,16,2026-08-08,16:38:14,Saturday
gurara,9.322,7.0232,clouds,overcast clouds,stations,25.06,25.95,25.06,25.06,1012,89,1012,971,10000,1.79,255,3.41,98,2026-08-08 16:38:14,2026-08-08 05:23:11,2026-08-08 17:52:02,NG,Suleja,2026-08-08 16:38:14.342092,16,2026-08-08,16:38:14,Saturday
bwari,9.2856,7.3787,clouds,overcast clouds,stations,23.84,24.68,23.84,23.84,1012,92,1012,950,10000,2.29,251,3.9,97,2026-08-08 16:38:14,2026-08-08 05:21:49,2026-08-08 17:50:34,NG,Maitama,2026-08-08 16:38:14.401071,16,2026-08-08,16:38:14,Saturday
gwagwalada,9.0764,6.9854,clouds,overcast clouds,stations,26.06,26.06,26.06,26.06,1011,87,1011,988,10000,1.84,246,3.75,97,2026-08-08 16:38:14,2026-08-08 05:23:38,2026-08-08 17:51:53,NG,Kwali,2026-08-08 16:38:14.463671,16,2026-08-08,16:38:14,Saturday
makurdi,7.7306,8.5361,rain,light rain,stations,26.62,26.62,26.62,26.62,1011,88,1011,1000,10000,2.07,233,3.99,93,2026-08-08 16:38:14,2026-08-08 05:19:03,2026-08-08 17:44:04,NG,Walmayo,2026-08-08 16:38:14.511840,16,2026-08-08,16:38:14,Saturday
panda,9.2624,7.8385,clouds,overcast clouds,stations,24.12,25.02,24.12,24.12,1013,93,1013,969,10000,1.56,261,2.42,100,2026-08-08 18:42:54,2026-08-08 05:20:00,2026-08-08 17:48:42,NG,Maitama,2026-08-08 18:42:54.868705,18,2026-08-08,18:42:54,Saturday
gurara,9.322,7.0232,clouds,scattered clouds,stations,22.77,23.53,22.77,22.77,1013,93,1013,972,10000,0.82,264,0.91,50,2026-08-08 18:42:54,2026-08-08 05:23:11,2026-08-08 17:52:02,NG,Suleja,2026-08-08 18:42:54.959939,18,2026-08-08,18:42:54,Saturday
bwari,9.2856,7.3787,clouds,broken clouds,stations,22.13,22.93,22.13,22.13,1013,97,1013,951,10000,1.28,247,2.4,73,2026-08-08 18:42:55,2026-08-08 05:21:49,2026-08-08 17:50:34,NG,Maitama,2026-08-08 18:42:55.046701,18,2026-08-08,18:42:55,Saturday
gwagwalada,9.0764,6.9854,clouds,broken clouds,stations,23.8,24.66,23.8,23.8,1013,93,1013,989,10000,1.0,232,1.19,53,2026-08-08 18:42:55,2026-08-08 05:23:38,2026-08-08 17:51:53,NG,Kwali,2026-08-08 18:42:55.147023,18,2026-08-08,18:42:55,Saturday
makurdi,7.7306,8.5361,rain,light rain,stations,24.58,25.57,24.58,24.58,1012,95,1012,1001,10000,1.91,213,3.47,99,2026-08-08 18:42:55,2026-08-08 05:19:03,2026-08-08 17:44:04,NG,Walmayo,2026-08-08 18:42:55.240761,18,2026-08-08,18:42:55,Saturday
panda,9.2624,7.8385,clouds,broken clouds,stations,22.7,23.56,22.7,22.7,1015,97,1015,971,10000,0.98,275,1.05,60,2026-08-08 20:35:06,2026-08-08 05:20:00,2026-08-08 17:48:42,NG,Maitama,2026-08-08 20:35:06.754887,20,2026-08-08,20:35:06,Saturday
gurara,9.322,7.0232,clouds,overcast clouds,stations,22.03,22.72,22.03,22.03,1014,93,1014,973,10000,0.46,145,0.51,85,2026-08-08 20:35:06,2026-08-08 05:23:11,2026-08-08 17:52:02,NG,Suleja,2026-08-08 20:35:06.850906,20,2026-08-08,20:35:06,Saturday
bwari,9.2856,7.3787,clouds,broken clouds,stations,21.1,21.8,21.1,21.1,1015,97,1015,952,10000,0.83,246,0.9,77,2026-08-08 20:35:06,2026-08-08 05:21:49,2026-08-08 17:50:34,NG,Maitama,2026-08-08 20:35:06.993800,20,2026-08-08,20:35:06,Saturday
gwagwalada,9.0764,6.9854,clouds,overcast clouds,stations,23.34,24.16,23.34,23.34,1014,93,1014,991,10000,0.94,195,1.14,92,2026-08-08 20:35:07,2026-08-08 05:23:38,2026-08-08 17:51:53,NG,Kwali,2026-08-08 20:35:07.087694,20,2026-08-08,20:35:07,Saturday
makurdi,7.7306,8.5361,clouds,overcast clouds,stations,24.1,25.07,24.1,24.1,1014,96,1014,1003,10000,2.02,206,5.04,95,2026-08-08 20:35:07,2026-08-08 05:19:03,2026-08-08 17:44:04,NG,Walmayo,2026-08-08 20:35:07.191576,20,2026-08-08,20:35:07,Saturday
panda,9.2624,7.8385,clouds,broken clouds,stations,22.3,23.12,22.3,22.3,1015,97,1015,971,10000,0.31,290,0.53,75,2026-08-08 22:33:36,2026-08-08 05:20:00,2026-08-08 17:48:42,NG,Maitama,2026-08-08 22:33:36.645080,22,2026-08-08,22:33:36,Saturday
gurara,9.322,7.0232,clouds,broken clouds,stations,21.56,22.28,21.56,21.56,1014,96,1014,973,10000,0.47,164,0.56,80,2026-08-08 22:33:36,2026-08-08 05:23:11,2026-08-08 17:52:02,NG,Suleja,2026-08-08 22:33:36.743891,22,2026-08-08,22:33:36,Saturday
bwari,9.2856,7.3787,clouds,broken clouds,stations,20.61,21.29,20.61,20.61,1015,98,1015,952,10000,0.24,152,0.62,82,2026-08-08 22:33:36,2026-08-08 05:21:49,2026-08-08 17:50:34,NG,Maitama,2026-08-08 22:33:36.830417,22,2026-08-08,22:33:36,Saturday
gwagwalada,9.0764,6.9854,clouds,overcast clouds,stations,22.84,23.66,22.84,22.84,1014,95,1014,991,10000,0.76,222,0.85,90,2026-08-08 22:33:36,2026-08-08 05:23:38,2026-08-08 17:51:53,NG,Kwali,2026-08-08 22:33:36.917102,22,2026-08-08,22:33:36,Saturday
makurdi,7.7306,8.5361,rain,moderate rain,stations,23.83,24.72,23.83,23.83,1014,94,1014,1003,10000,2.75,193,8.16,97,2026-08-08 22:33:36,2026-08-08 05:19:03,2026-08-08 17:44:04,NG,Walmayo,2026-08-08 22:33:37.003226,22,2026-08-08,22:33:36,Saturday
panda,9.2624,7.8385,rain,moderate rain,stations,21.73,22.52,21.73,21.73,1013,98,1013,969,5403,0.12,94,0.68,100,2026-08-09 02:02:52,2026-08-09 05:20:05,2026-08-09 17:48:22,NG,Maitama,2026-08-09 02:02:52.975892,2,2026-08-09,02:02:52,Sunday
gurara,9.322,7.0232,rain,light rain,stations,21.72,22.43,21.72,21.72,1013,95,1013,972,10000,0.33,42,0.45,100,2026-08-09 02:02:53,2026-08-09 05:23:17,2026-08-09 17:51:42,NG,Suleja,2026-08-09 02:02:53.032248,2,2026-08-09,02:02:53,Sunday
bwari,9.2856,7.3787,rain,light rain,stations,20.54,21.21,20.54,20.54,1013,98,1013,950,10000,0.21,4,0.6,100,2026-08-09 02:02:53,2026-08-09 05:21:54,2026-08-09 17:50:14,NG,Maitama,2026-08-09 02:02:53.084512,2,2026-08-09,02:02:53,Sunday
gwagwalada,9.0764,6.9854,rain,light rain,stations,23.19,24.02,23.19,23.19,1012,94,1012,989,10000,0.47,267,0.68,100,2026-08-09 02:02:53,2026-08-09 05:23:43,2026-08-09 17:51:34,NG,Kwali,2026-08-09 02:02:53.136946,2,2026-08-09,02:02:53,Sunday
makurdi,7.7306,8.5361,rain,light rain,stations,23.02,23.91,23.02,23.02,1013,97,1013,1002,10000,1.76,198,6.39,100,2026-08-09 02:02:53,2026-08-09 05:19:06,2026-08-09 17:43:47,NG,Walmayo,2026-08-09 02:02:53.188411,2,2026-08-09,02:02:53,Sunday
panda,9.2624,7.8385,rain,moderate rain,stations,21.86,22.69,21.86,21.86,1015,99,1015,971,1309,0.87,124,1.45,100,2026-08-09 05:10:00,2026-08-09 05:20:05,2026-08-09 17:48:22,NG,Maitama,2026-08-09 05:10:00.611369,5,2026-08-09,05:10:00,Sunday
gurara,9.322,7.0232,rain,moderate rain,stations,21.37,22.15,21.37,21.37,1014,99,1014,973,4633,1.37,128,1.81,100,2026-08-09 05:10:00,2026-08-09 05:23:17,2026-08-09 17:51:42,NG,Suleja,2026-08-09 05:10:00.740500,5,2026-08-09,05:10:00,Sunday
bwari,9.2856,7.3787,rain,moderate rain,stations,20.74,21.45,20.74,20.74,1015,99,1015,951,10000,1.12,163,2.0,100,2026-08-09 05:10:00,2026-08-09 05:21:54,2026-08-09 17:50:14,NG,Maitama,2026-08-09 05:10:00.871518,5,2026-08-09,05:10:00,Sunday
gwagwalada,9.0764,6.9854,rain,moderate rain,stations,22.69,23.57,22.69,22.69,1014,98,1014,990,5815,0.92,169,1.89,100,2026-08-09 05:10:00,2026-08-09 05:23:43,2026-08-09 17:51:34,NG,Kwali,2026-08-09 05:10:00.996251,5,2026-08-09,05:10:00,Sunday
makurdi,7.7306,8.5361,rain,light rain,stations,22.71,23.6,22.71,22.71,1014,98,1014,1002,10000,1.7,224,5.96,100,2026-08-09 05:10:01,2026-08-09 05:19:06,2026-08-09 17:43:47,NG,Walmayo,2026-08-09 05:10:01.123760,5,2026-08-09,05:10:01,Sunday
panda,9.2624,7.8385,clouds,overcast clouds,stations,23.22,24.1,23.22,23.22,1015,96,1015,971,10000,0.82,331,1.37,100,2026-08-09 07:02:33,2026-08-09 05:20:05,2026-08-09 17:48:22,NG,Maitama,2026-08-09 07:02:33.591353,7,2026-08-09,07:02:33,Sunday
gurara,9.322,7.0232,rain,light rain,stations,22.32,23.19,22.32,22.32,1015,99,1015,974,344,1.39,235,4.78,100,2026-08-09 07:02:33,2026-08-09 05:23:17,2026-08-09 17:51:42,NG,Suleja,2026-08-09 07:02:33.698210,7,2026-08-09,07:02:33,Sunday
bwari,9.2856,7.3787,clouds,overcast clouds,stations,21.66,22.44,21.66,21.66,1015,98,1015,952,10000,1.58,263,3.78,100,2026-08-09 07:02:33,2026-08-09 05:21:54,2026-08-09 17:50:14,NG,Maitama,2026-08-09 07:02:33.808048,7,2026-08-09,07:02:33,Sunday
gwagwalada,9.0764,6.9854,rain,light rain,stations,22.96,23.9,22.96,22.96,1015,99,1015,992,10000,1.73,252,4.58,100,2026-08-09 07:02:33,2026-08-09 05:23:43,2026-08-09 17:51:34,NG,Kwali,2026-08-09 07:02:33.948964,7,2026-08-09,07:02:33,Sunday
makurdi,7.7306,8.5361,clouds,overcast clouds,stations,23.38,24.25,23.38,23.38,1015,95,1015,1004,10000,1.81,207,5.5,100,2026-08-09 07:02:34,2026-08-09 05:19:06,2026-08-09 17:43:47,NG,Walmayo,2026-08-09 07:02:34.060117,7,2026-08-09,07:02:34,Sunday
panda,9.2624,7.8385,clouds,overcast clouds,stations,26.65,26.65,26.65,26.65,1016,82,1016,972,10000,1.15,198,1.5,99,2026-08-09 08:49:06,2026-08-09 05:20:05,2026-08-09 17:48:22,NG,Maitama,2026-08-09 08:49:06.248632,8,2026-08-09,08:49:06,Sunday
gurara,9.322,7.0232,clouds,overcast clouds,stations,24.1,24.97,24.1,24.1,1016,92,1016,975,10000,1.89,242,2.86,100,2026-08-09 08:49:06,2026-08-09 05:23:17,2026-08-09 17:51:42,NG,Suleja,2026-08-09 08:49:06.366614,8,2026-08-09,08:49:06,Sunday
bwari,9.2856,7.3787,clouds,overcast clouds,stations,23.96,24.74,23.96,23.96,1016,89,1016,953,10000,1.75,240,2.24,99,2026-08-09 08:49:06,2026-08-09 05:21:54,2026-08-09 17:50:14,NG,Maitama,2026-08-09 08:49:06.483192,8,2026-08-09,08:49:06,Sunday
gwagwalada,9.0764,6.9854,clouds,overcast clouds,stations,24.31,25.22,24.31,24.31,1016,93,1016,992,10000,1.69,236,2.62,100,2026-08-09 08:49:06,2026-08-09 05:23:43,2026-08-09 17:51:34,NG,Kwali,2026-08-09 08:49:06.602460,8,2026-08-09,08:49:06,Sunday
makurdi,7.7306,8.5361,clouds,overcast clouds,stations,25.51,26.39,25.51,25.51,1016,87,1016,1004,10000,2.8,233,4.28,100,2026-08-09 08:49:06,2026-08-09 05:19:06,2026-08-09 17:43:47,NG,Walmayo,2026-08-09 08:49:06.714385,8,2026-08-09,08:49:06,Sunday
panda,9.2624,7.8385,rain,light rain,stations,27.63,30.81,27.63,27.63,1015,77,1015,971,10000,2.39,196,2.0,93,2026-08-09 10:38:54,2026-08-09 05:20:05,2026-08-09 17:48:22,NG,Maitama,2026-08-09 10:38:54.476737,10,2026-08-09,10:38:54,Sunday
gurara,9.322,7.0232,rain,light rain,stations,25.89,26.7,25.89,25.89,1015,83,1015,974,10000,2.81,217,2.92,99,2026-08-09 10:38:54,2026-08-09 05:23:17,2026-08-09 17:51:42,NG,Suleja,2026-08-09 10:38:54.625081,10,2026-08-09,10:38:54,Sunday
bwari,9.2856,7.3787,rain,light rain,stations,25.46,26.2,25.46,25.46,1015,82,1015,953,10000,2.71,230,2.48,100,2026-08-09 10:38:54,2026-08-09 05:21:54,2026-08-09 17:50:14,NG,Maitama,2026-08-09 10:38:54.771721,10,2026-08-09,10:38:54,Sunday
gwagwalada,9.0764,6.9854,clouds,overcast clouds,stations,25.94,26.76,25.94,25.94,1015,83,1015,992,10000,2.24,222,2.45,100,2026-08-09 10:38:54,2026-08-09 05:23:43,2026-08-09 17:51:34,NG,Kwali,2026-08-09 10:38:54.924113,10,2026-08-09,10:38:54,Sunday
makurdi,7.7306,8.5361,rain,light rain,stations,28.55,32.26,28.55,28.55,1014,73,1014,1003,10000,2.26,235,2.77,95,2026-08-09 10:38:55,2026-08-09 05:19:06,2026-08-09 17:43:47,NG,Walmayo,2026-08-09 10:38:55.068784,10,2026-08-09,10:38:55,Sunday
panda,9.2624,7.8385,rain,light rain,stations,28.17,31.89,28.17,28.17,1013,76,1013,970,10000,2.18,182,1.89,100,2026-08-09 12:59:11,2026-08-09 05:20:05,2026-08-09 17:48:22,NG,Maitama,2026-08-09 12:59:11.577967,12,2026-08-09,12:59:11,Sunday
gurara,9.322,7.0232,rain,light rain,stations,27.85,31.16,27.85,27.85,1013,76,1013,972,10000,2.53,218,2.45,90,2026-08-09 12:59:11,2026-08-09 05:23:17,2026-08-09 17:51:42,NG,Suleja,2026-08-09 12:59:11.691739,12,2026-08-09,12:59:11,Sunday
bwari,9.2856,7.3787,rain,light rain,stations,26.56,26.56,26.56,26.56,1013,79,1013,951,10000,1.99,201,2.07,98,2026-08-09 12:59:11,2026-08-09 05:21:54,2026-08-09 17:50:14,NG,Maitama,2026-08-09 12:59:11.777453,12,2026-08-09,12:59:11,Sunday
gwagwalada,9.0764,6.9854,rain,light rain,stations,29.62,33.49,29.62,29.62,1012,67,1012,989,10000,2.2,216,2.15,97,2026-08-09 12:59:11,2026-08-09 05:23:43,2026-08-09 17:51:34,NG,Kwali,2026-08-09 12:59:11.862328,12,2026-08-09,12:59:11,Sunday
makurdi,7.7306,8.5361,clouds,overcast clouds,stations,29.59,33.63,29.59,29.59,1012,68,1012,1001,10000,1.91,218,1.97,93,2026-08-09 12:59:11,2026-08-09 05:19:06,2026-08-09 17:43:47,NG,Walmayo,2026-08-09 12:59:11.956776,12,2026-08-09,12:59:11,Sunday
panda,9.2624,7.8385,rain,light rain,stations,27.36,30.67,27.36,27.36,1011,81,1011,968,10000,2.28,204,2.52,100,2026-08-09 14:38:45,2026-08-09 05:20:05,2026-08-09 17:48:22,NG,Maitama,2026-08-09 14:38:45.194368,14,2026-08-09,14:38:45,Sunday
gurara,9.322,7.0232,rain,light rain,stations,27.8,31.19,27.8,27.8,1011,77,1011,971,10000,1.89,218,2.36,87,2026-08-09 14:38:45,2026-08-09 05:23:17,2026-08-09 17:51:42,NG,Suleja,2026-08-09 14:38:45.343681,14,2026-08-09,14:38:45,Sunday
bwari,9.2856,7.3787,rain,light rain,stations,25.89,26.73,25.89,25.89,1012,84,1012,950,10000,1.99,208,2.45,97,2026-08-09 14:38:45,2026-08-09 05:21:54,2026-08-09 17:50:14,NG,Maitama,2026-08-09 14:38:45.454686,14,2026-08-09,14:38:45,Sunday
gwagwalada,9.0764,6.9854,rain,light rain,stations,29.1,33.14,29.1,29.1,1011,71,1011,988,10000,1.94,204,2.25,92,2026-08-09 14:38:45,2026-08-09 05:23:43,2026-08-09 17:51:34,NG,Kwali,2026-08-09 14:38:45.593745,14,2026-08-09,14:38:45,Sunday
makurdi,7.7306,8.5361,clouds,overcast clouds,stations,29.64,33.96,29.64,29.64,1010,69,1010,999,10000,2.16,219,2.06,94,2026-08-09 14:38:45,2026-08-09 05:19:06,2026-08-09 17:43:47,NG,Walmayo,2026-08-09 14:38:45.728233,14,2026-08-09,14:38:45,Sunday
panda,9.2624,7.8385,rain,light rain,stations,25.79,26.8,25.79,25.79,1012,91,1012,968,10000,1.39,242,2.66,100,2026-08-09 16:40:10,2026-08-09 05:20:05,2026-08-09 17:48:22,NG,Maitama,2026-08-09 16:40:11.006713,16,2026-08-09,16:40:10,Sunday
gurara,9.322,7.0232,rain,light rain,stations,26.44,26.44,26.44,26.44,1011,86,1011,971,10000,1.57,224,3.0,85,2026-08-09 16:40:11,2026-08-09 05:23:17,2026-08-09 17:51:42,NG,Suleja,2026-08-09 16:40:11.061193,16,2026-08-09,16:40:11,Sunday
bwari,9.2856,7.3787,rain,light rain,stations,24.51,25.39,24.51,24.51,1012,91,1012,950,10000,1.57,221,3.15,97,2026-08-09 16:40:11,2026-08-09 05:21:54,2026-08-09 17:50:14,NG,Maitama,2026-08-09 16:40:11.106723,16,2026-08-09,16:40:11,Sunday
gwagwalada,9.0764,6.9854,clouds,overcast clouds,stations,27.77,31.82,27.77,27.77,1011,82,1011,988,10000,1.65,229,2.86,88,2026-08-09 16:40:11,2026-08-09 05:23:43,2026-08-09 17:51:34,NG,Kwali,2026-08-09 16:40:11.160399,16,2026-08-09,16:40:11,Sunday
makurdi,7.7306,8.5361,clouds,broken clouds,stations,27.58,31.47,27.58,27.58,1011,83,1011,1000,10000,1.95,207,3.56,81,2026-08-09 16:40:11,2026-08-09 05:19:06,2026-08-09 17:43:47,NG,Walmayo,2026-08-09 16:40:11.206012,16,2026-08-09,16:40:11,Sunday
panda,9.2624,7.8385,rain,light rain,stations,23.97,24.88,23.97,23.97,1013,94,1013,970,10000,0.88,252,0.91,47,2026-08-09 18:48:08,2026-08-09 05:20:05,2026-08-09 17:48:22,NG,Maitama,2026-08-09 18:48:08.735637,18,2026-08-09,18:48:08,Sunday
gurara,9.322,7.0232,rain,light rain,stations,24.01,24.89,24.01,24.01,1013,93,1013,972,10000,0.93,258,1.02,48,2026-08-09 18:48:08,2026-08-09 05:23:17,2026-08-09 17:51:42,NG,Suleja,2026-08-09 18:48:08.830931,18,2026-08-09,18:48:08,Sunday
bwari,9.2856,7.3787,rain,light rain,stations,22.86,23.68,22.86,22.86,1013,95,1013,951,10000,1.1,246,1.13,92,2026-08-09 18:48:08,2026-08-09 05:21:54,2026-08-09 17:50:14,NG,Maitama,2026-08-09 18:48:08.927662,18,2026-08-09,18:48:08,Sunday
gwagwalada,9.0764,6.9854,clouds,broken clouds,stations,25.15,26.07,25.15,25.15,1012,90,1012,989,10000,0.88,267,0.94,56,2026-08-09 18:48:09,2026-08-09 05:23:43,2026-08-09 17:51:34,NG,Kwali,2026-08-09 18:48:09.024928,18,2026-08-09,18:48:09,Sunday
makurdi,7.7306,8.5361,clouds,overcast clouds,stations,25.55,26.43,25.55,25.55,1012,87,1012,1001,10000,1.83,194,1.97,94,2026-08-09 18:48:09,2026-08-09 05:19:06,2026-08-09 17:43:47,NG,Walmayo,2026-08-09 18:48:09.118849,18,2026-08-09,18:48:09,Sunday
panda,9.2624,7.8385,clouds,broken clouds,stations,23.53,24.42,23.53,23.53,1014,95,1014,971,10000,1.21,246,1.29,64,2026-08-09 20:37:30,2026-08-09 05:20:05,2026-08-09 17:48:22,NG,Maitama,2026-08-09 20:37:30.825382,20,2026-08-09,20:37:30,Sunday
gurara,9.322,7.0232,clouds,broken clouds,stations,23.36,24.23,23.36,23.36,1014,95,1014,973,10000,1.05,239,1.26,54,2026-08-09 20:37:30,2026-08-09 05:23:17,2026-08-09 17:51:42,NG,Suleja,2026-08-09 20:37:30.879351,20,2026-08-09,20:37:30,Sunday
bwari,9.2856,7.3787,clouds,broken clouds,stations,22.34,23.14,22.34,22.34,1015,96,1015,952,10000,1.41,234,1.85,66,2026-08-09 20:37:30,2026-08-09 05:21:54,2026-08-09 17:50:14,NG,Maitama,2026-08-09 20:37:30.934292,20,2026-08-09,20:37:30,Sunday
gwagwalada,9.0764,6.9854,clouds,broken clouds,stations,24.61,25.53,24.61,24.61,1014,92,1014,991,10000,0.79,256,0.82,61,2026-08-09 20:37:30,2026-08-09 05:23:43,2026-08-09 17:51:34,NG,Kwali,2026-08-09 20:37:30.988594,20,2026-08-09,20:37:30,Sunday
makurdi,7.7306,8.5361,clouds,overcast clouds,stations,24.99,25.87,24.99,24.99,1014,89,1014,1002,10000,1.83,208,2.26,92,2026-08-09 20:37:31,2026-08-09 05:19:06,2026-08-09 17:43:47,NG,Walmayo,2026-08-09 20:37:31.054242,20,2026-08-09,20:37:31,Sunday
panda,9.2624,7.8385,rain,moderate rain,stations,22.8,23.67,22.8,22.8,1014,97,1014,970,3294,0.46,272,0.55,78,2026-08-09 22:35:24,2026-08-09 05:20:05,2026-08-09 17:48:22,NG,Maitama,2026-08-09 22:35:24.458465,22,2026-08-09,22:35:24,Sunday
gurara,9.322,7.0232,clouds,broken clouds,stations,23.04,23.91,23.04,23.04,1014,96,1014,973,10000,0.67,254,0.79,72,2026-08-09 22:35:24,2026-08-09 05:23:17,2026-08-09 17:51:42,NG,Suleja,2026-08-09 22:35:24.648538,22,2026-08-09,22:35:24,Sunday
bwari,9.2856,7.3787,clouds,broken clouds,stations,22.01,22.83,22.01,22.01,1014,98,1014,951,10000,1.37,255,2.16,80,2026-08-09 22:35:24,2026-08-09 05:21:54,2026-08-09 17:50:14,NG,Maitama,2026-08-09 22:35:24.795260,22,2026-08-09,22:35:24,Sunday
gwagwalada,9.0764,6.9854,clouds,broken clouds,stations,24.15,25.08,24.15,24.15,1014,94,1014,990,10000,0.96,239,1.03,77,2026-08-09 22:35:24,2026-08-09 05:23:43,2026-08-09 17:51:34,NG,Kwali,2026-08-09 22:35:24.906834,22,2026-08-09,22:35:24,Sunday
makurdi,7.7306,8.5361,rain,light rain,stations,24.15,25.05,24.15,24.15,1013,93,1013,1002,10000,2.14,212,5.89,94,2026-08-09 22:35:25,2026-08-09 05:19:06,2026-08-09 17:43:47,NG,Walmayo,2026-08-09 22:35:25.050302,22,2026-08-09,22:35:25,Sunday
panda,9.2624,7.8385,rain,light rain,stations,23.59,24.41,23.59,23.59,1013,92,1013,969,10000,0.8,240,0.82,100,2026-08-10 02:07:16,2026-08-10 05:20:10,2026-08-10 17:48:02,NG,Maitama,2026-08-10 02:07:16.731452,2,2026-08-10,02:07:16,Monday
gurara,9.322,7.0232,rain,moderate rain,stations,22.92,23.75,22.92,22.92,1012,95,1012,971,5428,0.96,338,1.23,100,2026-08-10 02:07:16,2026-08-10 05:23:21,2026-08-10 17:51:21,NG,Suleja,2026-08-10 02:07:16.889435,2,2026-08-10,02:07:16,Monday
bwari,9.2856,7.3787,rain,moderate rain,stations,22.54,23.23,22.54,22.54,1013,91,1013,950,5945,0.47,11,0.71,100,2026-08-10 02:07:17,2026-08-10 05:21:59,2026-08-10 17:49:54,NG,Maitama,2026-08-10 02:07:17.037263,2,2026-08-10,02:07:17,Monday
gwagwalada,9.0764,6.9854,rain,moderate rain,stations,23.4,24.33,23.4,23.4,1012,97,1012,989,5289,0.64,224,1.88,100,2026-08-10 02:07:17,2026-08-10 05:23:48,2026-08-10 17:51:13,NG,Kwali,2026-08-10 02:07:17.184792,2,2026-08-10,02:07:17,Monday
makurdi,7.7306,8.5361,rain,moderate rain,stations,23.2,24.16,23.2,23.2,1013,99,1013,1001,4227,2.22,147,5.31,100,2026-08-10 02:07:17,2026-08-10 05:19:08,2026-08-10 17:43:28,NG,Walmayo,2026-08-10 02:07:17.332832,2,2026-08-10,02:07:17,Monday
panda,9.2624,7.8385,clouds,overcast clouds,stations,22.69,23.5,22.69,22.69,1014,95,1014,970,10000,0.76,230,0.96,100,2026-08-10 05:36:48,2026-08-10 05:20:10,2026-08-10 17:48:02,NG,Maitama,2026-08-10 05:36:48.042397,5,2026-08-10,05:36:48,Monday
gurara,9.322,7.0232,clouds,overcast clouds,stations,22.3,23.17,22.3,22.3,1014,99,1014,973,10000,1.82,220,5.28,100,2026-08-10 05:36:48,2026-08-10 05:23:21,2026-08-10 17:51:21,NG,Suleja,2026-08-10 05:36:48.096891,5,2026-08-10,05:36:48,Monday
bwari,9.2856,7.3787,clouds,overcast clouds,stations,21.43,22.19,21.43,21.43,1014,98,1014,951,10000,1.49,250,4.57,100,2026-08-10 05:36:48,2026-08-10 05:21:59,2026-08-10 17:49:54,NG,Maitama,2026-08-10 05:36:48.150715,5,2026-08-10,05:36:48,Monday
gwagwalada,9.0764,6.9854,rain,light rain,stations,22.89,23.82,22.89,22.89,1014,99,1014,990,7473,2.58,226,5.71,100,2026-08-10 05:36:48,2026-08-10 05:23:48,2026-08-10 17:51:13,NG,Kwali,2026-08-10 05:36:48.204852,5,2026-08-10,05:36:48,Monday
makurdi,7.7306,8.5361,clouds,overcast clouds,stations,23.08,24.0,23.08,23.08,1013,98,1013,1001,10000,2.99,261,7.89,100,2026-08-10 05:36:48,2026-08-10 05:19:08,2026-08-10 17:43:28,NG,Walmayo,2026-08-10 05:36:48.254090,5,2026-08-10,05:36:48,Monday
panda,9.2624,7.8385,clouds,overcast clouds,stations,23.88,24.78,23.88,23.88,1015,94,1015,971,10000,0.82,221,2.06,100,2026-08-10 07:48:53,2026-08-10 05:20:10,2026-08-10 17:48:02,NG,Maitama,2026-08-10 07:48:53.993711,7,2026-08-10,07:48:53,Monday
gurara,9.322,7.0232,clouds,overcast clouds,stations,23.2,24.08,23.2,23.2,1015,96,1015,974,10000,2.16,223,3.9,100,2026-08-10 07:48:54,2026-08-10 05:23:21,2026-08-10 17:51:21,NG,Suleja,2026-08-10 07:48:54.146795,7,2026-08-10,07:48:54,Monday
bwari,9.2856,7.3787,clouds,overcast clouds,stations,22.33,23.15,22.33,22.33,1015,97,1015,952,10000,2.48,227,4.33,100,2026-08-10 07:48:54,2026-08-10 05:21:59,2026-08-10 17:49:54,NG,Maitama,2026-08-10 07:48:54.304543,7,2026-08-10,07:48:54,Monday
gwagwalada,9.0764,6.9854,clouds,overcast clouds,stations,23.73,24.69,23.73,23.73,1015,97,1015,991,10000,2.34,225,4.8,100,2026-08-10 07:48:54,2026-08-10 05:23:48,2026-08-10 17:51:13,NG,Kwali,2026-08-10 07:48:54.420086,7,2026-08-10,07:48:54,Monday
makurdi,7.7306,8.5361,clouds,overcast clouds,stations,24.41,25.31,24.41,24.41,1015,92,1015,1003,10000,2.22,233,3.98,100,2026-08-10 07:48:54,2026-08-10 05:19:08,2026-08-10 17:43:28,NG,Walmayo,2026-08-10 07:48:54.557629,7,2026-08-10,07:48:54,Monday
panda,9.2624,7.8385,clouds,overcast clouds,stations,25.35,26.24,25.35,25.35,1015,88,1015,972,10000,1.28,201,1.67,100,2026-08-10 09:27:08,2026-08-10 05:20:10,2026-08-10 17:48:02,NG,Maitama,2026-08-10 09:27:08.239082,9,2026-08-10,09:27:08,Monday
gurara,9.322,7.0232,rain,light rain,stations,23.63,24.53,23.63,23.63,1015,95,1015,974,10000,2.46,233,3.99,100,2026-08-10 09:27:08,2026-08-10 05:23:21,2026-08-10 17:51:21,NG,Suleja,2026-08-10 09:27:08.338741,9,2026-08-10,09:27:08,Monday
bwari,9.2856,7.3787,clouds,overcast clouds,stations,22.69,23.5,22.69,22.69,1016,95,1016,953,10000,1.98,225,3.15,100,2026-08-10 09:27:08,2026-08-10 05:21:59,2026-08-10 17:49:54,NG,Maitama,2026-08-10 09:27:08.437535,9,2026-08-10,09:27:08,Monday
gwagwalada,9.0764,6.9854,rain,light rain,stations,23.83,24.78,23.83,23.83,1015,96,1015,991,10000,2.86,232,5.5,100,2026-08-10 09:27:08,2026-08-10 05:23:48,2026-08-10 17:51:13,NG,Kwali,2026-08-10 09:27:08.530723,9,2026-08-10,09:27:08,Monday
makurdi,7.7306,8.5361,clouds,overcast clouds,stations,25.34,26.2,25.34,25.34,1014,87,1014,1003,10000,1.98,259,2.96,100,2026-08-10 09:27:08,2026-08-10 05:19:08,2026-08-10 17:43:28,NG,Walmayo,2026-08-10 09:27:08.621577,9,2026-08-10,09:27:08,Monday
panda,9.2624,7.8385,rain,light rain,stations,26.74,29.25,26.74,26.74,1014,81,1014,971,10000,1.21,246,1.35,100,2026-08-10 11:11:56,2026-08-10 05:20:10,2026-08-10 17:48:02,NG,Maitama,2026-08-10 11:11:56.086184,11,2026-08-10,11:11:56,Monday
gurara,9.322,7.0232,clouds,overcast clouds,stations,25.57,26.4,25.57,25.57,1014,85,1014,973,10000,2.21,256,2.51,100,2026-08-10 11:11:56,2026-08-10 05:23:21,2026-08-10 17:51:21,NG,Suleja,2026-08-10 11:11:56.186515,11,2026-08-10,11:11:56,Monday
bwari,9.2856,7.3787,clouds,overcast clouds,stations,23.88,24.65,23.88,23.88,1015,89,1015,952,10000,1.9,264,2.26,100,2026-08-10 11:11:56,2026-08-10 05:21:59,2026-08-10 17:49:54,NG,Maitama,2026-08-10 11:11:56.285312,11,2026-08-10,11:11:56,Monday
gwagwalada,9.0764,6.9854,clouds,overcast clouds,stations,26.64,26.64,26.64,26.64,1014,82,1014,991,10000,2.51,275,2.93,99,2026-08-10 11:11:56,2026-08-10 05:23:48,2026-08-10 17:51:13,NG,Kwali,2026-08-10 11:11:56.383025,11,2026-08-10,11:11:56,Monday
makurdi,7.7306,8.5361,clouds,overcast clouds,stations,28.18,31.6,28.18,28.18,1014,74,1014,1003,10000,1.9,272,1.88,100,2026-08-10 11:11:56,2026-08-10 05:19:08,2026-08-10 17:43:28,NG,Walmayo,2026-08-10 11:11:56.494723,11,2026-08-10,11:11:56,Monday
panda,9.2624,7.8385,clouds,overcast clouds,stations,26.56,26.56,26.56,26.56,1012,85,1012,969,10000,1.31,159,1.47,100,2026-08-10 13:17:55,2026-08-10 05:20:10,2026-08-10 17:48:02,NG,Maitama,2026-08-10 13:17:55.371411,13,2026-08-10,13:17:55,Monday
gurara,9.322,7.0232,clouds,overcast clouds,stations,27.92,31.18,27.92,27.92,1012,75,1012,972,10000,2.06,250,1.56,100,2026-08-10 13:17:55,2026-08-10 05:23:21,2026-08-10 17:51:21,NG,Suleja,2026-08-10 13:17:55.535838,13,2026-08-10,13:17:55,Monday
bwari,9.2856,7.3787,clouds,overcast clouds,stations,26.55,26.55,26.55,26.55,1012,80,1012,950,10000,2.14,240,1.9,100,2026-08-10 13:17:55,2026-08-10 05:21:59,2026-08-10 17:49:54,NG,Maitama,2026-08-10 13:17:55.692742,13,2026-08-10,13:17:55,Monday
gwagwalada,9.0764,6.9854,clouds,overcast clouds,stations,28.42,32.31,28.42,28.42,1012,75,1012,989,10000,1.67,251,1.8,100,2026-08-10 13:17:55,2026-08-10 05:23:48,2026-08-10 17:51:13,NG,Kwali,2026-08-10 13:17:55.856576,13,2026-08-10,13:17:55,Monday
makurdi,7.7306,8.5361,rain,light rain,stations,28.0,31.95,28.0,28.0,1012,79,1012,1001,10000,3.23,231,4.13,100,2026-08-10 13:17:56,2026-08-10 05:19:08,2026-08-10 17:43:28,NG,Walmayo,2026-08-10 13:17:56.058911,13,2026-08-10,13:17:56,Monday
panda,9.2624,7.8385,rain,light rain,stations,28.18,32.07,28.18,28.18,1011,77,1011,968,10000,1.87,205,1.71,100,2026-08-10 15:03:04,2026-08-10 05:20:10,2026-08-10 17:48:02,NG,Maitama,2026-08-10 15:03:04.845514,15,2026-08-10,15:03:04,Monday
gurara,9.322,7.0232,rain,light rain,stations,26.43,26.43,26.43,26.43,1011,86,1011,971,10000,2.27,233,3.54,100,2026-08-10 15:03:04,2026-08-10 05:23:21,2026-08-10 17:51:21,NG,Suleja,2026-08-10 15:03:04.949397,15,2026-08-10,15:03:04,Monday
bwari,9.2856,7.3787,rain,light rain,stations,25.69,26.53,25.69,25.69,1011,85,1011,949,10000,3.17,246,3.71,100,2026-08-10 15:03:05,2026-08-10 05:21:59,2026-08-10 17:49:54,NG,Maitama,2026-08-10 15:03:05.067185,15,2026-08-10,15:03:05,Monday
gwagwalada,9.0764,6.9854,rain,light rain,stations,26.69,29.62,26.69,26.69,1011,87,1011,988,10000,2.35,240,4.18,100,2026-08-10 15:03:05,2026-08-10 05:23:48,2026-08-10 17:51:13,NG,Kwali,2026-08-10 15:03:05.158033,15,2026-08-10,15:03:05,Monday
makurdi,7.7306,8.5361,clouds,overcast clouds,stations,28.36,32.5,28.36,28.36,1011,77,1011,1000,10000,2.73,229,4.0,100,2026-08-10 15:03:05,2026-08-10 05:19:08,2026-08-10 17:43:28,NG,Walmayo,2026-08-10 15:03:05.261437,15,2026-08-10,15:03:05,Monday
panda,9.2624,7.8385,rain,light rain,stations,25.33,26.32,25.33,25.33,1011,92,1011,968,10000,1.67,231,2.9,98,2026-08-10 16:57:14,2026-08-10 05:20:10,2026-08-10 17:48:02,NG,Maitama,2026-08-10 16:57:14.823621,16,2026-08-10,16:57:14,Monday
gurara,9.322,7.0232,rain,moderate rain,stations,25.17,26.14,25.17,25.17,1011,92,1011,971,10000,2.1,226,3.69,89,2026-08-10 16:57:14,2026-08-10 05:23:21,2026-08-10 17:51:21,NG,Suleja,2026-08-10 16:57:14.893050,16,2026-08-10,16:57:14,Monday
bwari,9.2856,7.3787,rain,moderate rain,stations,23.79,24.68,23.79,23.79,1012,94,1012,949,10000,2.25,227,3.92,91,2026-08-10 16:57:14,2026-08-10 05:21:59,2026-08-10 17:49:54,NG,Maitama,2026-08-10 16:57:14.951158,16,2026-08-10,16:57:14,Monday
gwagwalada,9.0764,6.9854,rain,light rain,stations,25.68,26.71,25.68,25.68,1011,92,1011,988,10000,2.02,234,4.3,91,2026-08-10 16:57:14,2026-08-10 05:23:48,2026-08-10 17:51:13,NG,Kwali,2026-08-10 16:57:14.999304,16,2026-08-10,16:57:14,Monday
makurdi,7.7306,8.5361,rain,light rain,stations,26.8,29.81,26.8,26.8,1011,86,1011,1000,10000,2.22,215,4.58,92,2026-08-10 16:57:15,2026-08-10 05:19:08,2026-08-10 17:43:28,NG,Walmayo,2026-08-10 16:57:15.045235,16,2026-08-10,16:57:15,Monday
panda,9.2624,7.8385,rain,moderate rain,stations,23.61,24.53,23.61,23.61,1013,96,1013,969,10000,1.48,201,4.06,99,2026-08-10 19:02:45,2026-08-10 05:20:10,2026-08-10 17:48:02,NG,Maitama,2026-08-10 19:02:45.699063,19,2026-08-10,19:02:45,Monday
gurara,9.322,7.0232,rain,moderate rain,stations,23.5,24.39,23.5,23.5,1012,95,1012,971,10000,2.45,227,5.66,100,2026-08-10 19:02:45,2026-08-10 05:23:21,2026-08-10 17:51:21,NG,Suleja,2026-08-10 19:02:45.783548,19,2026-08-10,19:02:45,Monday
bwari,9.2856,7.3787,rain,moderate rain,stations,22.52,23.36,22.52,22.52,1013,97,1013,950,10000,2.64,233,6.97,100,2026-08-10 19:02:45,2026-08-10 05:21:59,2026-08-10 17:49:54,NG,Maitama,2026-08-10 19:02:45.874413,19,2026-08-10,19:02:45,Monday
gwagwalada,9.0764,6.9854,rain,light rain,stations,24.37,25.32,24.37,24.37,1012,94,1012,989,10000,2.03,226,5.04,100,2026-08-10 19:02:45,2026-08-10 05:23:48,2026-08-10 17:51:13,NG,Kwali,2026-08-10 19:02:45.968171,19,2026-08-10,19:02:45,Monday
makurdi,7.7306,8.5361,clouds,broken clouds,stations,24.78,25.69,24.78,24.78,1012,91,1012,1001,10000,2.46,204,6.52,64,2026-08-10 19:02:46,2026-08-10 05:19:08,2026-08-10 17:43:28,NG,Walmayo,2026-08-10 19:02:46.062303,19,2026-08-10,19:02:46,Monday
panda,9.2624,7.8385,rain,moderate rain,stations,23.21,24.12,23.21,23.21,1015,97,1015,971,10000,1.15,244,1.99,99,2026-08-10 20:34:21,2026-08-10 05:20:10,2026-08-10 17:48:02,NG,Maitama,2026-08-10 20:34:21.224883,20,2026-08-10,20:34:21,Monday
gurara,9.322,7.0232,clouds,overcast clouds,stations,23.4,24.3,23.4,23.4,1015,96,1015,974,10000,0.8,191,1.33,100,2026-08-10 20:34:21,2026-08-10 05:23:21,2026-08-10 17:51:21,NG,Suleja,2026-08-10 20:34:21.293379,20,2026-08-10,20:34:21,Monday
bwari,9.2856,7.3787,rain,light rain,stations,22.09,22.91,22.09,22.09,1015,98,1015,952,10000,1.27,209,3.39,100,2026-08-10 20:34:21,2026-08-10 05:21:59,2026-08-10 17:49:54,NG,Maitama,2026-08-10 20:34:21.349565,20,2026-08-10,20:34:21,Monday
gwagwalada,9.0764,6.9854,clouds,overcast clouds,stations,24.01,24.97,24.01,24.01,1014,96,1014,991,10000,0.9,193,0.99,99,2026-08-10 20:34:21,2026-08-10 05:23:48,2026-08-10 17:51:13,NG,Kwali,2026-08-10 20:34:21.402068,20,2026-08-10,20:34:21,Monday
makurdi,7.7306,8.5361,rain,light rain,stations,23.71,24.62,23.71,23.71,1015,95,1015,1003,10000,1.49,196,3.78,46,2026-08-10 20:34:21,2026-08-10 05:19:08,2026-08-10 17:43:28,NG,Walmayo,2026-08-10 20:34:21.447269,20,2026-08-10,20:34:21,Monday
panda,9.2624,7.8385,rain,moderate rain,stations,23.21,24.12,23.21,23.21,1015,97,1015,971,10000,1.15,244,1.99,99,2026-08-10 20:48:38,2026-08-10 05:20:10,2026-08-10 17:48:02,NG,Maitama,2026-08-10 20:48:38.037352,20,2026-08-10,20:48:38,Monday
gurara,9.322,7.0232,clouds,overcast clouds,stations,23.4,24.3,23.4,23.4,1015,96,1015,974,10000,0.8,191,1.33,100,2026-08-10 20:48:38,2026-08-10 05:23:21,2026-08-10 17:51:21,NG,Suleja,2026-08-10 20:48:38.114523,20,2026-08-10,20:48:38,Monday
bwari,9.2856,7.3787,rain,light rain,stations,22.09,22.91,22.09,22.09,1015,98,1015,952,10000,1.27,209,3.39,100,2026-08-10 20:48:38,2026-08-10 05:21:59,2026-08-10 17:49:54,NG,Maitama,2026-08-10 20:48:38.178151,20,2026-08-10,20:48:38,Monday
gwagwalada,9.0764,6.9854,clouds,overcast clouds,stations,24.01,24.97,24.01,24.01,1014,96,1014,991,10000,0.9,193,0.99,99,2026-08-10 20:48:38,2026-08-10 05:23:48,2026-08-10 17:51:13,NG,Kwali,2026-08-10 20:48:38.243755,20,2026-08-10,20:48:38,Monday
makurdi,7.7306,8.5361,rain,light rain,stations,23.71,24.62,23.71,23.71,1015,95,1015,1003,10000,1.49,196,3.78,46,2026-08-10 20:48:38,2026-08-10 05:19:08,2026-08-10 17:43:28,NG,Walmayo,2026-08-10 20:48:38.312152,20,2026-08-10,20:48:38,Monday
panda,9.2624,7.8385,rain,moderate rain,stations,22.73,23.59,22.73,22.73,1014,97,1014,971,3852,1.09,227,2.57,100,2026-08-10 22:41:54,2026-08-10 05:20:10,2026-08-10 17:48:02,NG,Maitama,2026-08-10 22:41:54.592825,22,2026-08-10,22:41:54,Monday
gurara,9.322,7.0232,rain,light rain,stations,23.03,23.95,23.03,23.03,1014,98,1014,973,10000,1.16,208,2.48,100,2026-08-10 22:41:54,2026-08-10 05:23:21,2026-08-10 17:51:21,NG,Suleja,2026-08-10 22:41:54.690951,22,2026-08-10,22:41:54,Monday
bwari,9.2856,7.3787,rain,moderate rain,stations,21.82,22.62,21.82,21.82,1015,98,1015,952,3419,1.14,218,4.22,100,2026-08-10 22:41:54,2026-08-10 05:21:59,2026-08-10 17:49:54,NG,Maitama,2026-08-10 22:41:54.784408,22,2026-08-10,22:41:54,Monday
gwagwalada,9.0764,6.9854,rain,light rain,stations,23.68,24.64,23.68,23.68,1014,97,1014,991,10000,1.15,200,1.26,100,2026-08-10 22:41:54,2026-08-10 05:23:48,2026-08-10 17:51:13,NG,Kwali,2026-08-10 22:41:54.883880,22,2026-08-10,22:41:54,Monday
makurdi,7.7306,8.5361,clouds,broken clouds,stations,23.47,24.38,23.47,23.47,1014,96,1014,1003,10000,2.34,223,7.96,56,2026-08-10 22:41:54,2026-08-10 05:19:08,2026-08-10 17:43:28,NG,Walmayo,2026-08-10 22:41:54.976007,22,2026-08-10,22:41:54,Monday
panda,9.2624,7.8385,rain,moderate rain,stations,22.2,23.03,22.2,22.2,1013,98,1013,969,10000,0.3,201,0.58,98,2026-08-11 02:02:13,2026-08-11 05:20:14,2026-08-11 17:47:41,NG,Maitama,2026-08-11 02:02:13.097824,2,2026-08-11,02:02:13,Tuesday
gurara,9.322,7.0232,rain,moderate rain,stations,22.43,23.29,22.43,22.43,1013,98,1013,972,6531,1.15,265,3.39,100,2026-08-11 02:02:13,2026-08-11 05:23:26,2026-08-11 17:51:00,NG,Suleja,2026-08-11 02:02:13.258563,2,2026-08-11,02:02:13,Tuesday
bwari,9.2856,7.3787,rain,moderate rain,stations,21.53,22.3,21.53,21.53,1013,98,1013,950,9980,0.94,207,2.58,100,2026-08-11 02:02:13,2026-08-11 05:22:03,2026-08-11 17:49:32,NG,Maitama,2026-08-11 02:02:13.417546,2,2026-08-11,02:02:13,Tuesday
gwagwalada,9.0764,6.9854,rain,moderate rain,stations,23.0,23.89,23.0,23.0,1013,97,1013,989,7908,1.19,233,2.74,98,2026-08-11 02:02:13,2026-08-11 05:23:52,2026-08-11 17:50:53,NG,Kwali,2026-08-11 02:02:13.589317,2,2026-08-11,02:02:13,Tuesday
makurdi,7.7306,8.5361,clouds,broken clouds,stations,22.97,23.86,22.97,22.97,1013,97,1013,1001,10000,2.38,217,7.5,67,2026-08-11 02:02:13,2026-08-11 05:19:11,2026-08-11 17:43:09,NG,Walmayo,2026-08-11 02:02:13.759721,2,2026-08-11,02:02:13,Tuesday
panda,9.2624,7.8385,rain,moderate rain,stations,22.03,22.85,22.03,22.03,1014,98,1014,970,10000,0.59,287,0.95,99,2026-08-11 05:13:09,2026-08-11 05:20:14,2026-08-11 17:47:41,NG,Maitama,2026-08-11 05:13:09.918950,5,2026-08-11,05:13:09,Tuesday
gurara,9.322,7.0232,rain,light rain,stations,22.1,22.95,22.1,22.1,1014,99,1014,973,10000,0.93,237,2.8,100,2026-08-11 05:13:09,2026-08-11 05:23:26,2026-08-11 17:51:00,NG,Suleja,2026-08-11 05:13:09.969753,5,2026-08-11,05:13:09,Tuesday
bwari,9.2856,7.3787,rain,light rain,stations,21.12,21.87,21.12,21.12,1014,99,1014,951,10000,1.5,247,4.61,100,2026-08-11 05:13:10,2026-08-11 05:22:03,2026-08-11 17:49:32,NG,Maitama,2026-08-11 05:13:10.038282,5,2026-08-11,05:13:10,Tuesday
gwagwalada,9.0764,6.9854,rain,light rain,stations,22.89,23.79,22.89,22.89,1013,98,1013,990,10000,0.87,253,2.85,99,2026-08-11 05:13:10,2026-08-11 05:23:52,2026-08-11 17:50:53,NG,Kwali,2026-08-11 05:13:10.110457,5,2026-08-11,05:13:10,Tuesday
makurdi,7.7306,8.5361,clouds,overcast clouds,stations,22.43,23.29,22.43,22.43,1013,98,1013,1002,10000,1.95,214,5.52,86,2026-08-11 05:13:10,2026-08-11 05:19:11,2026-08-11 17:43:09,NG,Walmayo,2026-08-11 05:13:10.174358,5,2026-08-11,05:13:10,Tuesday
panda,9.2624,7.8385,clouds,overcast clouds,stations,23.39,24.24,23.39,23.39,1015,94,1015,971,10000,0.92,228,1.41,100,2026-08-11 07:14:44,2026-08-11 05:20:14,2026-08-11 17:47:41,NG,Maitama,2026-08-11 07:14:44.891407,7,2026-08-11,07:14:44,Tuesday
gurara,9.322,7.0232,clouds,overcast clouds,stations,23.15,24.0,23.15,23.15,1015,95,1015,974,10000,1.09,206,1.81,100,2026-08-11 07:14:44,2026-08-11 05:23:26,2026-08-11 17:51:00,NG,Suleja,2026-08-11 07:14:45.022871,7,2026-08-11,07:14:44,Tuesday
bwari,9.2856,7.3787,clouds,overcast clouds,stations,22.35,23.15,22.35,22.35,1015,96,1015,952,10000,1.34,229,2.14,100,2026-08-11 07:14:45,2026-08-11 05:22:03,2026-08-11 17:49:32,NG,Maitama,2026-08-11 07:14:45.174470,7,2026-08-11,07:14:45,Tuesday
gwagwalada,9.0764,6.9854,clouds,overcast clouds,stations,23.86,24.76,23.86,23.86,1015,94,1015,992,10000,1.28,201,2.17,100,2026-08-11 07:14:45,2026-08-11 05:23:52,2026-08-11 17:50:53,NG,Kwali,2026-08-11 07:14:45.341603,7,2026-08-11,07:14:45,Tuesday
makurdi,7.7306,8.5361,clouds,overcast clouds,stations,24.08,24.95,24.08,24.08,1015,92,1015,1004,10000,2.04,223,3.6,100,2026-08-11 07:14:45,2026-08-11 05:19:11,2026-08-11 17:43:09,NG,Walmayo,2026-08-11 07:14:45.471223,7,2026-08-11,07:14:45,Tuesday
panda,9.2624,7.8385,clouds,overcast clouds,stations,25.81,26.69,25.81,25.81,1015,86,1015,972,10000,2.64,203,3.32,100,2026-08-11 09:02:58,2026-08-11 05:20:14,2026-08-11 17:47:41,NG,Maitama,2026-08-11 09:02:58.511625,9,2026-08-11,09:02:58,Tuesday
gurara,9.322,7.0232,clouds,overcast clouds,stations,24.94,25.79,24.94,24.94,1015,88,1015,974,10000,3.33,218,4.39,100,2026-08-11 09:02:58,2026-08-11 05:23:26,2026-08-11 17:51:00,NG,Suleja,2026-08-11 09:02:58.669307,9,2026-08-11,09:02:58,Tuesday
bwari,9.2856,7.3787,clouds,overcast clouds,stations,24.03,24.84,24.03,24.03,1015,90,1015,953,10000,3.67,223,4.8,100,2026-08-11 09:02:58,2026-08-11 05:22:03,2026-08-11 17:49:32,NG,Maitama,2026-08-11 09:02:58.823975,9,2026-08-11,09:02:58,Tuesday
gwagwalada,9.0764,6.9854,clouds,overcast clouds,stations,26.03,26.03,26.03,26.03,1015,84,1015,992,10000,2.41,221,3.19,100,2026-08-11 09:02:58,2026-08-11 05:23:52,2026-08-11 17:50:53,NG,Kwali,2026-08-11 09:02:58.945421,9,2026-08-11,09:02:58,Tuesday
makurdi,7.7306,8.5361,clouds,overcast clouds,stations,26.77,29.4,26.77,26.77,1015,82,1015,1004,10000,2.92,228,3.82,100,2026-08-11 09:02:59,2026-08-11 05:19:11,2026-08-11 17:43:09,NG,Walmayo,2026-08-11 09:02:59.073594,9,2026-08-11,09:02:59,Tuesday
panda,9.2624,7.8385,clouds,overcast clouds,stations,27.12,29.91,27.12,27.12,1014,79,1014,971,10000,2.02,205,2.2,100,2026-08-11 10:53:29,2026-08-11 05:20:14,2026-08-11 17:47:41,NG,Maitama,2026-08-11 10:53:29.536626,10,2026-08-11,10:53:29,Tuesday
gurara,9.322,7.0232,clouds,overcast clouds,stations,26.89,29.24,26.89,26.89,1014,77,1014,974,10000,1.89,232,2.06,100,2026-08-11 10:53:29,2026-08-11 05:23:26,2026-08-11 17:51:00,NG,Suleja,2026-08-11 10:53:29.695741,10,2026-08-11,10:53:29,Tuesday
bwari,9.2856,7.3787,clouds,overcast clouds,stations,25.67,26.38,25.67,25.67,1014,80,1014,952,10000,2.25,228,2.28,100,2026-08-11 10:53:29,2026-08-11 05:22:03,2026-08-11 17:49:32,NG,Maitama,2026-08-11 10:53:29.824266,10,2026-08-11,10:53:29,Tuesday
gwagwalada,9.0764,6.9854,clouds,overcast clouds,stations,28.35,31.82,28.35,28.35,1014,73,1014,991,10000,1.89,216,2.27,100,2026-08-11 10:53:29,2026-08-11 05:23:52,2026-08-11 17:50:53,NG,Kwali,2026-08-11 10:53:29.960394,10,2026-08-11,10:53:29,Tuesday
makurdi,7.7306,8.5361,clouds,overcast clouds,stations,28.98,32.87,28.98,28.98,1013,71,1013,1002,10000,3.21,222,3.88,100,2026-08-11 10:53:30,2026-08-11 05:19:11,2026-08-11 17:43:09,NG,Walmayo,2026-08-11 10:53:30.087193,10,2026-08-11,10:53:30,Tuesday
panda,9.2624,7.8385,rain,light rain,stations,28.47,32.25,28.47,28.47,1012,74,1012,969,10000,1.41,240,1.48,90,2026-08-11 13:15:07,2026-08-11 05:20:14,2026-08-11 17:47:41,NG,Maitama,2026-08-11 13:15:07.047003,13,2026-08-11,13:15:07,Tuesday
gurara,9.322,7.0232,rain,light rain,stations,27.64,30.7,27.64,27.64,1012,76,1012,972,10000,1.97,261,1.99,92,2026-08-11 13:15:07,2026-08-11 05:23:26,2026-08-11 17:51:00,NG,Suleja,2026-08-11 13:15:07.179163,13,2026-08-11,13:15:07,Tuesday
bwari,9.2856,7.3787,rain,light rain,stations,27.03,29.43,27.03,27.03,1012,76,1012,950,10000,2.07,251,1.83,82,2026-08-11 13:15:07,2026-08-11 05:22:03,2026-08-11 17:49:32,NG,Maitama,2026-08-11 13:15:07.306296,13,2026-08-11,13:15:07,Tuesday
gwagwalada,9.0764,6.9854,clouds,overcast clouds,stations,28.39,32.24,28.39,28.39,1012,75,1012,989,10000,1.67,274,1.96,97,2026-08-11 13:15:07,2026-08-11 05:23:52,2026-08-11 17:50:53,NG,Kwali,2026-08-11 13:15:07.465801,13,2026-08-11,13:15:07,Tuesday
makurdi,7.7313,8.5384,clouds,overcast clouds,stations,29.59,33.63,29.59,29.59,1011,68,1011,1000,10000,2.58,233,3.05,100,2026-08-11 13:08:24,2026-08-11 05:19:10,2026-08-11 17:43:09,NG,Walmayo,2026-08-11 13:15:07.586588,13,2026-08-11,13:08:24,Tuesday
panda,9.2624,7.8385,rain,light rain,stations,28.05,32.07,28.05,28.05,1011,79,1011,968,10000,0.52,261,1.04,92,2026-08-11 15:01:47,2026-08-11 05:20:14,2026-08-11 17:47:41,NG,Maitama,2026-08-11 15:01:47.033044,15,2026-08-11,15:01:47,Tuesday
gurara,9.322,7.0232,clouds,broken clouds,stations,28.34,31.8,28.34,28.34,1010,73,1010,970,10000,1.78,265,1.81,82,2026-08-11 15:01:47,2026-08-11 05:23:26,2026-08-11 17:51:00,NG,Suleja,2026-08-11 15:01:47.124627,15,2026-08-11,15:01:47,Tuesday
bwari,9.2856,7.3787,rain,light rain,stations,26.91,29.37,26.91,26.91,1011,78,1011,949,10000,1.79,270,1.84,86,2026-08-11 15:01:47,2026-08-11 05:22:03,2026-08-11 17:49:32,NG,Maitama,2026-08-11 15:01:47.226058,15,2026-08-11,15:01:47,Tuesday
gwagwalada,9.0764,6.9854,clouds,overcast clouds,stations,28.94,33.16,28.94,28.94,1010,73,1010,987,10000,1.38,266,1.78,89,2026-08-11 15:01:47,2026-08-11 05:23:52,2026-08-11 17:50:53,NG,Kwali,2026-08-11 15:01:47.310439,15,2026-08-11,15:01:47,Tuesday
makurdi,7.7306,8.5361,clouds,overcast clouds,stations,28.3,32.86,28.3,28.3,1010,80,1010,999,10000,0.87,242,1.91,100,2026-08-11 15:01:47,2026-08-11 05:19:11,2026-08-11 17:43:09,NG,Walmayo,2026-08-11 15:01:47.402687,15,2026-08-11,15:01:47,Tuesday
panda,9.2624,7.8385,rain,light rain,stations,26.12,26.12,26.12,26.12,1011,89,1011,968,10000,0.86,276,0.91,95,2026-08-11 17:00:53,2026-08-11 05:20:14,2026-08-11 17:47:41,NG,Maitama,2026-08-11 17:00:53.897800,17,2026-08-11,17:00:53,Tuesday
gurara,9.322,7.0232,rain,light rain,stations,26.51,26.51,26.51,26.51,1011,86,1011,971,10000,1.28,281,1.42,84,2026-08-11 17:00:53,2026-08-11 05:23:26,2026-08-11 17:51:00,NG,Suleja,2026-08-11 17:00:53.992483,17,2026-08-11,17:00:53,Tuesday
bwari,9.2856,7.3787,rain,light rain,stations,24.81,25.72,24.81,24.81,1012,91,1012,949,10000,1.53,280,2.03,91,2026-08-11 17:00:54,2026-08-11 05:22:03,2026-08-11 17:49:32,NG,Maitama,2026-08-11 17:00:54.087708,17,2026-08-11,17:00:54,Tuesday
gwagwalada,9.0764,6.9854,rain,light rain,stations,27.64,31.62,27.64,27.64,1011,83,1011,988,10000,0.87,276,0.98,88,2026-08-11 17:00:54,2026-08-11 05:23:52,2026-08-11 17:50:53,NG,Kwali,2026-08-11 17:00:54.181993,17,2026-08-11,17:00:54,Tuesday
makurdi,7.7306,8.5361,rain,light rain,stations,26.72,29.61,26.72,26.72,1011,86,1011,1000,10000,1.78,200,3.01,100,2026-08-11 17:00:54,2026-08-11 05:19:11,2026-08-11 17:43:09,NG,Walmayo,2026-08-11 17:00:54.276153,17,2026-08-11,17:00:54,Tuesday
panda,9.2624,7.8385,rain,light rain,stations,24.11,25.0,24.11,24.11,1013,93,1013,969,10000,1.05,263,1.13,100,2026-08-11 19:07:10,2026-08-11 05:20:14,2026-08-11 17:47:41,NG,Maitama,2026-08-11 19:07:10.764490,19,2026-08-11,19:07:10,Tuesday
gurara,9.322,7.0232,clouds,overcast clouds,stations,24.13,25.0,24.13,24.13,1012,92,1012,972,10000,1.05,262,1.26,100,2026-08-11 19:07:10,2026-08-11 05:23:26,2026-08-11 17:51:00,NG,Suleja,2026-08-11 19:07:10.859938,19,2026-08-11,19:07:10,Tuesday
bwari,9.2856,7.3787,rain,light rain,stations,22.8,23.62,22.8,22.8,1013,95,1013,950,10000,1.15,246,1.26,99,2026-08-11 19:07:10,2026-08-11 05:22:03,2026-08-11 17:49:32,NG,Maitama,2026-08-11 19:07:10.952806,19,2026-08-11,19:07:10,Tuesday
gwagwalada,9.0764,6.9854,clouds,overcast clouds,stations,25.16,26.08,25.16,25.16,1012,90,1012,989,10000,0.96,228,1.17,100,2026-08-11 19:07:11,2026-08-11 05:23:52,2026-08-11 17:50:53,NG,Kwali,2026-08-11 19:07:11.051916,19,2026-08-11,19:07:11,Tuesday
makurdi,7.7306,8.5361,clouds,overcast clouds,stations,24.64,25.54,24.64,24.64,1012,91,1012,1001,10000,2.04,225,3.63,100,2026-08-11 19:07:11,2026-08-11 05:19:11,2026-08-11 17:43:09,NG,Walmayo,2026-08-11 19:07:11.144902,19,2026-08-11,19:07:11,Tuesday
panda,9.2624,7.8385,rain,light rain,stations,23.39,24.29,23.39,23.39,1014,96,1014,970,10000,1.35,210,1.47,100,2026-08-11 20:51:00,2026-08-11 05:20:14,2026-08-11 17:47:41,NG,Maitama,2026-08-11 20:51:00.942532,20,2026-08-11,20:51:00,Tuesday
gurara,9.322,7.0232,clouds,overcast clouds,stations,23.55,24.42,23.55,23.55,1013,94,1013,972,10000,0.9,180,1.02,97,2026-08-11 20:51:00,2026-08-11 05:23:26,2026-08-11 17:51:00,NG,Suleja,2026-08-11 20:51:00.996652,20,2026-08-11,20:51:00,Tuesday
bwari,9.2856,7.3787,rain,light rain,stations,22.37,23.17,22.37,22.37,1014,96,1014,951,10000,1.32,210,1.96,100,2026-08-11 20:51:01,2026-08-11 05:22:03,2026-08-11 17:49:32,NG,Maitama,2026-08-11 20:51:01.058233,20,2026-08-11,20:51:01,Tuesday
gwagwalada,9.0764,6.9854,clouds,overcast clouds,stations,24.51,25.42,24.51,24.51,1013,92,1013,990,10000,0.94,186,1.02,99,2026-08-11 20:51:01,2026-08-11 05:23:52,2026-08-11 17:50:53,NG,Kwali,2026-08-11 20:51:01.109128,20,2026-08-11,20:51:01,Tuesday
makurdi,7.7306,8.5361,clouds,overcast clouds,stations,24.06,24.98,24.06,24.06,1013,94,1013,1002,10000,2.32,203,6.86,100,2026-08-11 20:51:01,2026-08-11 05:19:11,2026-08-11 17:43:09,NG,Walmayo,2026-08-11 20:51:01.175100,20,2026-08-11,20:51:01,Tuesday
panda,9.2624,7.8385,rain,light rain,stations,22.94,23.82,22.94,22.94,1014,97,1014,970,10000,1.05,168,1.15,100,2026-08-11 22:49:16,2026-08-11 05:20:14,2026-08-11 17:47:41,NG,Maitama,2026-08-11 22:49:16.057087,22,2026-08-11,22:49:16,Tuesday
gurara,9.322,7.0232,rain,light rain,stations,23.27,24.13,23.27,23.27,1014,95,1014,973,10000,1.45,170,1.78,98,2026-08-11 22:49:16,2026-08-11 05:23:26,2026-08-11 17:51:00,NG,Suleja,2026-08-11 22:49:16.150386,22,2026-08-11,22:49:16,Tuesday
bwari,9.2856,7.3787,rain,light rain,stations,22.05,22.84,22.05,22.05,1014,97,1014,951,10000,1.48,184,2.08,100,2026-08-11 22:49:16,2026-08-11 05:22:03,2026-08-11 17:49:32,NG,Maitama,2026-08-11 22:49:16.245598,22,2026-08-11,22:49:16,Tuesday
gwagwalada,9.0764,6.9854,clouds,overcast clouds,stations,24.17,25.1,24.17,24.17,1013,94,1013,990,10000,1.23,171,1.2,100,2026-08-11 22:49:16,2026-08-11 05:23:52,2026-08-11 17:50:53,NG,Kwali,2026-08-11 22:49:16.353644,22,2026-08-11,22:49:16,Tuesday
makurdi,7.7306,8.5361,clouds,overcast clouds,stations,23.95,24.88,23.95,23.95,1014,95,1014,1002,10000,2.89,197,9.29,100,2026-08-11 22:49:16,2026-08-11 05:19:11,2026-08-11 17:43:09,NG,Walmayo,2026-08-11 22:49:16.446536,22,2026-08-11,22:49:16,Tuesday
panda,9.2624,7.8385,clouds,overcast clouds,stations,22.77,23.66,22.77,22.77,1013,98,1013,969,10000,0.92,150,0.96,100,2026-08-12 02:19:18,2026-08-12 05:20:18,2026-08-12 17:47:19,NG,Maitama,2026-08-12 02:19:18.486075,2,2026-08-12,02:19:18,Wednesday
gurara,9.322,7.0232,clouds,overcast clouds,stations,23.09,23.99,23.09,23.09,1012,97,1012,971,10000,1.17,173,1.62,100,2026-08-12 02:19:18,2026-08-12 05:23:30,2026-08-12 17:50:38,NG,Suleja,2026-08-12 02:19:18.535849,2,2026-08-12,02:19:18,Wednesday
bwari,9.2856,7.3787,clouds,overcast clouds,stations,22.13,22.91,22.13,22.13,1013,96,1013,950,10000,1.19,171,1.3,100,2026-08-12 02:19:18,2026-08-12 05:22:07,2026-08-12 17:49:11,NG,Maitama,2026-08-12 02:19:18.589439,2,2026-08-12,02:19:18,Wednesday
gwagwalada,9.0764,6.9854,clouds,overcast clouds,stations,23.94,24.87,23.94,23.94,1012,95,1012,989,10000,0.83,169,0.92,100,2026-08-12 02:19:18,2026-08-12 05:23:55,2026-08-12 17:50:31,NG,Kwali,2026-08-12 02:19:18.640145,2,2026-08-12,02:19:18,Wednesday
makurdi,7.7306,8.5361,rain,moderate rain,stations,22.87,23.77,22.87,22.87,1013,98,1013,1001,10000,1.77,195,7.06,100,2026-08-12 02:19:18,2026-08-12 05:19:12,2026-08-12 17:42:50,NG,Walmayo,2026-08-12 02:19:18.690453,2,2026-08-12,02:19:18,Wednesday
panda,9.2624,7.8385,clouds,overcast clouds,stations,22.56,23.46,22.56,22.56,1014,99,1014,971,10000,0.8,162,1.42,100,2026-08-12 05:40:10,2026-08-12 05:20:18,2026-08-12 17:47:19,NG,Maitama,2026-08-12 05:40:10.795664,5,2026-08-12,05:40:10,Wednesday
gurara,9.322,7.0232,clouds,overcast clouds,stations,22.93,23.81,22.93,22.93,1014,97,1014,973,10000,1.03,196,1.35,100,2026-08-12 05:40:10,2026-08-12 05:23:30,2026-08-12 17:50:38,NG,Suleja,2026-08-12 05:40:10.848511,5,2026-08-12,05:40:10,Wednesday
bwari,9.2856,7.3787,clouds,overcast clouds,stations,21.89,22.67,21.89,21.89,1014,97,1014,951,10000,1.12,197,1.39,100,2026-08-12 05:40:10,2026-08-12 05:22:07,2026-08-12 17:49:11,NG,Maitama,2026-08-12 05:40:10.908088,5,2026-08-12,05:40:10,Wednesday
gwagwalada,9.0764,6.9854,clouds,overcast clouds,stations,23.62,24.54,23.62,23.62,1014,96,1014,990,10000,1.19,190,1.79,100,2026-08-12 05:40:10,2026-08-12 05:23:55,2026-08-12 17:50:31,NG,Kwali,2026-08-12 05:40:10.961656,5,2026-08-12,05:40:10,Wednesday
makurdi,7.7306,8.5361,clouds,overcast clouds,stations,23.28,24.22,23.28,23.28,1014,98,1014,1003,10000,1.98,211,6.73,100,2026-08-12 05:40:11,2026-08-12 05:19:12,2026-08-12 17:42:50,NG,Walmayo,2026-08-12 05:40:11.016970,5,2026-08-12,05:40:11,Wednesday
panda,9.2624,7.8385,rain,light rain,stations,24.21,25.11,24.21,24.21,1016,93,1016,972,10000,1.63,171,2.53,100,2026-08-12 07:38:52,2026-08-12 05:20:18,2026-08-12 17:47:19,NG,Maitama,2026-08-12 07:38:52.375786,7,2026-08-12,07:38:52,Wednesday
gurara,9.322,7.0232,rain,light rain,stations,24.69,25.54,24.69,24.69,1016,89,1016,975,10000,2.06,193,3.08,92,2026-08-12 07:38:52,2026-08-12 05:23:30,2026-08-12 17:50:38,NG,Suleja,2026-08-12 07:38:52.474275,7,2026-08-12,07:38:52,Wednesday
bwari,9.2856,7.3787,rain,light rain,stations,23.75,24.56,23.75,23.75,1016,91,1016,953,10000,1.9,196,2.66,99,2026-08-12 07:38:52,2026-08-12 05:22:07,2026-08-12 17:49:11,NG,Maitama,2026-08-12 07:38:52.566944,7,2026-08-12,07:38:52,Wednesday
gwagwalada,9.0764,6.9854,clouds,overcast clouds,stations,25.36,26.25,25.36,25.36,1016,88,1016,992,10000,1.95,188,2.88,97,2026-08-12 07:38:52,2026-08-12 05:23:55,2026-08-12 17:50:31,NG,Kwali,2026-08-12 07:38:52.661280,7,2026-08-12,07:38:52,Wednesday
makurdi,7.7306,8.5361,clouds,overcast clouds,stations,25.38,26.32,25.38,25.38,1016,90,1016,1005,10000,2.99,216,5.04,100,2026-08-12 07:38:52,2026-08-12 05:19:12,2026-08-12 17:42:50,NG,Walmayo,2026-08-12 07:38:52.763303,7,2026-08-12,07:38:52,Wednesday
panda,9.2624,7.8385,rain,light rain,stations,25.38,26.3,25.38,25.38,1016,89,1016,973,10000,2.07,179,2.84,97,2026-08-12 09:15:35,2026-08-12 05:20:18,2026-08-12 17:47:19,NG,Maitama,2026-08-12 09:15:35.223216,9,2026-08-12,09:15:35,Wednesday
gurara,9.322,7.0232,rain,light rain,stations,25.74,26.59,25.74,25.74,1016,85,1016,975,10000,2.64,190,3.4,90,2026-08-12 09:15:35,2026-08-12 05:23:30,2026-08-12 17:50:38,NG,Suleja,2026-08-12 09:15:35.359129,9,2026-08-12,09:15:35,Wednesday
bwari,9.2856,7.3787,rain,light rain,stations,24.69,25.46,24.69,24.69,1016,86,1016,953,10000,2.25,199,2.77,96,2026-08-12 09:15:35,2026-08-12 05:22:07,2026-08-12 17:49:11,NG,Maitama,2026-08-12 09:15:35.480322,9,2026-08-12,09:15:35,Wednesday
gwagwalada,9.0764,6.9854,rain,light rain,stations,26.34,26.34,26.34,26.34,1016,84,1016,992,10000,2.68,189,3.39,97,2026-08-12 09:15:35,2026-08-12 05:23:55,2026-08-12 17:50:31,NG,Kwali,2026-08-12 09:15:35.589726,9,2026-08-12,09:15:35,Wednesday
makurdi,7.7306,8.5361,rain,light rain,stations,26.26,26.26,26.26,26.26,1016,86,1016,1004,10000,2.95,219,4.43,99,2026-08-12 09:15:35,2026-08-12 05:19:12,2026-08-12 17:42:50,NG,Walmayo,2026-08-12 09:15:35.719674,9,2026-08-12,09:15:35,Wednesday
panda,9.2624,7.8385,clouds,overcast clouds,stations,27.77,30.99,27.77,27.77,1014,76,1014,971,10000,2.51,189,2.48,95,2026-08-12 11:02:16,2026-08-12 05:20:18,2026-08-12 17:47:19,NG,Maitama,2026-08-12 11:02:16.078064,11,2026-08-12,11:02:16,Wednesday
gurara,9.322,7.0232,clouds,overcast clouds,stations,28.0,31.21,28.0,28.0,1014,74,1014,974,10000,3.19,197,3.39,85,2026-08-12 11:02:16,2026-08-12 05:23:30,2026-08-12 17:50:38,NG,Suleja,2026-08-12 11:02:16.133238,11,2026-08-12,11:02:16,Wednesday
bwari,9.2856,7.3787,clouds,overcast clouds,stations,26.64,26.64,26.64,26.64,1015,77,1015,952,10000,2.61,201,2.77,90,2026-08-12 11:02:16,2026-08-12 05:22:07,2026-08-12 17:49:11,NG,Maitama,2026-08-12 11:02:16.184634,11,2026-08-12,11:02:16,Wednesday
gwagwalada,9.0764,6.9854,clouds,overcast clouds,stations,28.71,32.45,28.71,28.71,1014,72,1014,991,10000,3.15,199,3.39,95,2026-08-12 11:02:16,2026-08-12 05:23:55,2026-08-12 17:50:31,NG,Kwali,2026-08-12 11:02:16.238753,11,2026-08-12,11:02:16,Wednesday
makurdi,7.7306,8.5361,rain,moderate rain,stations,28.0,32.1,28.0,28.0,1014,80,1014,1003,10000,2.49,220,3.51,85,2026-08-12 11:02:16,2026-08-12 05:19:12,2026-08-12 17:42:50,NG,Walmayo,2026-08-12 11:02:16.292958,11,2026-08-12,11:02:16,Wednesday
panda,9.2624,7.8385,rain,light rain,stations,28.88,33.02,28.88,28.88,1013,73,1013,970,10000,2.27,172,1.94,91,2026-08-12 13:18:55,2026-08-12 05:20:18,2026-08-12 17:47:19,NG,Maitama,2026-08-12 13:18:55.045780,13,2026-08-12,13:18:55,Wednesday
gurara,9.322,7.0232,rain,light rain,stations,28.83,32.54,28.83,28.83,1012,71,1012,972,10000,2.53,190,2.48,94,2026-08-12 13:18:55,2026-08-12 05:23:30,2026-08-12 17:50:38,NG,Suleja,2026-08-12 13:18:55.134312,13,2026-08-12,13:18:55,Wednesday
bwari,9.2856,7.3787,rain,light rain,stations,26.75,29.12,26.75,26.75,1013,79,1013,951,10000,2.36,208,2.22,96,2026-08-12 13:18:55,2026-08-12 05:22:07,2026-08-12 17:49:11,NG,Maitama,2026-08-12 13:18:55.220041,13,2026-08-12,13:18:55,Wednesday
gwagwalada,9.0764,6.9854,rain,light rain,stations,29.32,33.85,29.32,29.32,1012,72,1012,989,10000,2.61,194,2.71,97,2026-08-12 13:18:55,2026-08-12 05:23:55,2026-08-12 17:50:31,NG,Kwali,2026-08-12 13:18:55.305201,13,2026-08-12,13:18:55,Wednesday
makurdi,7.7306,8.5361,rain,light rain,stations,28.83,33.67,28.83,28.83,1012,77,1012,1001,10000,2.3,213,2.91,89,2026-08-12 13:18:55,2026-08-12 05:19:12,2026-08-12 17:42:50,NG,Walmayo,2026-08-12 13:18:55.400003,13,2026-08-12,13:18:55,Wednesday
panda,9.2624,7.8385,rain,light rain,stations,27.17,30.33,27.17,27.17,1012,82,1012,969,10000,2.83,181,2.74,95,2026-08-12 15:01:00,2026-08-12 05:20:18,2026-08-12 17:47:19,NG,Maitama,2026-08-12 15:01:00.609936,15,2026-08-12,15:01:00,Wednesday
gurara,9.322,7.0232,rain,light rain,stations,27.34,30.74,27.34,27.34,1011,82,1011,971,10000,2.54,200,3.11,97,2026-08-12 15:01:00,2026-08-12 05:23:30,2026-08-12 17:50:38,NG,Suleja,2026-08-12 15:01:00.824246,15,2026-08-12,15:01:00,Wednesday
bwari,9.2856,7.3787,rain,light rain,stations,25.87,26.73,25.87,25.87,1012,85,1012,950,10000,2.45,195,2.75,98,2026-08-12 15:01:00,2026-08-12 05:22:07,2026-08-12 17:49:11,NG,Maitama,2026-08-12 15:01:00.994011,15,2026-08-12,15:01:00,Wednesday
gwagwalada,9.0764,6.9854,rain,light rain,stations,28.73,33.41,28.73,28.73,1011,77,1011,988,10000,2.24,197,2.8,98,2026-08-12 15:01:01,2026-08-12 05:23:55,2026-08-12 17:50:31,NG,Kwali,2026-08-12 15:01:01.204142,15,2026-08-12,15:01:01,Wednesday
makurdi,7.7306,8.5361,clouds,overcast clouds,stations,29.33,33.88,29.33,29.33,1011,72,1011,1000,10000,2.79,222,3.47,95,2026-08-12 15:01:01,2026-08-12 05:19:12,2026-08-12 17:42:50,NG,Walmayo,2026-08-12 15:01:01.367895,15,2026-08-12,15:01:01,Wednesday
panda,9.2624,7.8385,rain,light rain,stations,25.83,26.82,25.83,25.83,1012,90,1012,969,10000,1.78,209,3.23,97,2026-08-12 17:00:04,2026-08-12 05:20:18,2026-08-12 17:47:19,NG,Maitama,2026-08-12 17:00:04.553452,17,2026-08-12,17:00:04,Wednesday
gurara,9.322,7.0232,rain,light rain,stations,25.26,26.22,25.26,25.26,1012,91,1012,971,10000,1.48,204,2.34,98,2026-08-12 17:00:04,2026-08-12 05:23:30,2026-08-12 17:50:38,NG,Suleja,2026-08-12 17:00:04.647892,17,2026-08-12,17:00:04,Wednesday
bwari,9.2856,7.3787,rain,light rain,stations,24.32,25.24,24.32,24.32,1012,93,1012,950,10000,1.54,219,2.93,99,2026-08-12 17:00:04,2026-08-12 05:22:07,2026-08-12 17:49:11,NG,Maitama,2026-08-12 17:00:04.704625,17,2026-08-12,17:00:04,Wednesday
gwagwalada,9.0764,6.9854,rain,light rain,stations,26.63,26.63,26.63,26.63,1012,88,1012,988,10000,1.42,220,1.59,99,2026-08-12 17:00:04,2026-08-12 05:23:55,2026-08-12 17:50:31,NG,Kwali,2026-08-12 17:00:04.756942,17,2026-08-12,17:00:04,Wednesday
makurdi,7.7306,8.5361,rain,light rain,stations,27.62,31.85,27.62,27.62,1011,85,1011,1000,10000,1.73,225,2.9,96,2026-08-12 17:00:04,2026-08-12 05:19:12,2026-08-12 17:42:50,NG,Walmayo,2026-08-12 17:00:04.806167,17,2026-08-12,17:00:04,Wednesday
panda,9.2624,7.8385,rain,moderate rain,stations,23.62,24.44,23.62,23.62,1014,92,1014,970,4001,0.41,148,0.5,46,2026-08-12 19:06:24,2026-08-12 05:20:18,2026-08-12 17:47:19,NG,Maitama,2026-08-12 19:06:25.001718,19,2026-08-12,19:06:24,Wednesday
gurara,9.322,7.0232,rain,light rain,stations,23.86,24.7,23.86,23.86,1013,92,1013,973,10000,0.83,220,0.88,48,2026-08-12 19:06:25,2026-08-12 05:23:30,2026-08-12 17:50:38,NG,Suleja,2026-08-12 19:06:25.055571,19,2026-08-12,19:06:25,Wednesday
bwari,9.2856,7.3787,rain,moderate rain,stations,22.28,22.99,22.28,22.28,1014,93,1014,951,10000,0.84,257,0.93,89,2026-08-12 19:06:25,2026-08-12 05:22:07,2026-08-12 17:49:11,NG,Maitama,2026-08-12 19:06:25.104121,19,2026-08-12,19:06:25,Wednesday
gwagwalada,9.0764,6.9854,rain,light rain,stations,25.11,26.03,25.11,25.11,1013,90,1013,990,10000,0.88,229,0.95,47,2026-08-12 19:06:25,2026-08-12 05:23:55,2026-08-12 17:50:31,NG,Kwali,2026-08-12 19:06:25.159952,19,2026-08-12,19:06:25,Wednesday
makurdi,7.7306,8.5361,clouds,broken clouds,stations,25.76,26.66,25.76,25.76,1013,87,1013,1002,10000,2.34,194,3.68,80,2026-08-12 19:06:25,2026-08-12 05:19:12,2026-08-12 17:42:50,NG,Walmayo,2026-08-12 19:06:25.209089,19,2026-08-12,19:06:25,Wednesday
panda,9.2624,7.8385,rain,light rain,stations,23.91,24.71,23.91,23.91,1016,90,1016,972,10000,0.68,88,0.99,82,2026-08-12 20:50:58,2026-08-12 05:20:18,2026-08-12 17:47:19,NG,Maitama,2026-08-12 20:50:58.730707,20,2026-08-12,20:50:58,Wednesday
gurara,9.322,7.0232,rain,moderate rain,stations,24.06,24.87,24.06,24.06,1015,90,1015,974,10000,0.4,69,0.4,74,2026-08-12 20:50:58,2026-08-12 05:23:30,2026-08-12 17:50:38,NG,Suleja,2026-08-12 20:50:58.793074,20,2026-08-12,20:50:58,Wednesday
bwari,9.2856,7.3787,rain,light rain,stations,22.72,23.4,22.72,22.72,1015,90,1015,953,10000,0.45,110,0.66,94,2026-08-12 20:50:58,2026-08-12 05:22:07,2026-08-12 17:49:11,NG,Maitama,2026-08-12 20:50:58.852985,20,2026-08-12,20:50:58,Wednesday
gwagwalada,9.0764,6.9854,rain,moderate rain,stations,24.78,25.69,24.78,24.78,1014,91,1014,991,10000,0.59,158,0.83,72,2026-08-12 20:50:58,2026-08-12 05:23:55,2026-08-12 17:50:31,NG,Kwali,2026-08-12 20:50:58.909144,20,2026-08-12,20:50:58,Wednesday
makurdi,7.7306,8.5361,clouds,overcast clouds,stations,24.7,25.63,24.7,24.7,1015,92,1015,1003,10000,2.63,197,8.19,93,2026-08-12 20:50:58,2026-08-12 05:19:12,2026-08-12 17:42:50,NG,Walmayo,2026-08-12 20:50:58.962408,20,2026-08-12,20:50:58,Wednesday
panda,9.2624,7.8385,rain,light rain,stations,23.26,24.04,23.26,23.26,1015,92,1015,972,10000,0.96,221,0.96,89,2026-08-12 22:47:02,2026-08-12 05:20:18,2026-08-12 17:47:19,NG,Maitama,2026-08-12 22:47:02.332880,22,2026-08-12,22:47:02,Wednesday
gurara,9.322,7.0232,rain,moderate rain,stations,23.01,23.79,23.01,23.01,1015,93,1015,974,10000,2.05,129,3.33,85,2026-08-12 22:47:02,2026-08-12 05:23:30,2026-08-12 17:50:38,NG,Suleja,2026-08-12 22:47:02.433418,22,2026-08-12,22:47:02,Wednesday
bwari,9.2856,7.3787,rain,light rain,stations,22.03,22.69,22.03,22.03,1016,92,1016,953,10000,1.28,167,1.57,97,2026-08-12 22:47:02,2026-08-12 05:22:07,2026-08-12 17:49:11,NG,Maitama,2026-08-12 22:47:02.527883,22,2026-08-12,22:47:02,Wednesday
gwagwalada,9.0764,6.9854,rain,moderate rain,stations,23.76,24.65,23.76,23.76,1015,94,1015,992,7335,2.43,117,4.8,83,2026-08-12 22:47:02,2026-08-12 05:23:55,2026-08-12 17:50:31,NG,Kwali,2026-08-12 22:47:02.622460,22,2026-08-12,22:47:02,Wednesday
makurdi,7.7306,8.5361,clouds,overcast clouds,stations,24.13,25.03,24.13,24.13,1015,93,1015,1004,10000,3.52,198,9.41,96,2026-08-12 22:47:02,2026-08-12 05:19:12,2026-08-12 17:42:50,NG,Walmayo,2026-08-12 22:47:02.714701,22,2026-08-12,22:47:02,Wednesday
panda,9.2624,7.8385,rain,light rain,stations,21.95,22.71,21.95,21.95,1014,96,1014,970,10000,0.81,132,0.87,100,2026-08-13 02:21:11,2026-08-13 05:20:21,2026-08-13 17:46:56,NG,Maitama,2026-08-13 02:21:11.575953,2,2026-08-13,02:21:11,Thursday
gurara,9.322,7.0232,clouds,overcast clouds,stations,22.05,22.9,22.05,22.05,1014,99,1014,973,10000,0.73,177,1.31,100,2026-08-13 02:21:11,2026-08-13 05:23:33,2026-08-13 17:50:16,NG,Suleja,2026-08-13 02:21:11.631637,2,2026-08-13,02:21:11,Thursday
bwari,9.2856,7.3787,rain,light rain,stations,20.7,21.36,20.7,20.7,1015,97,1015,951,10000,0.55,168,0.8,100,2026-08-13 02:21:11,2026-08-13 05:22:10,2026-08-13 17:48:48,NG,Maitama,2026-08-13 02:21:11.678809,2,2026-08-13,02:21:11,Thursday
gwagwalada,9.0764,6.9854,rain,light rain,stations,22.97,23.88,22.97,22.97,1014,98,1014,990,10000,0.66,215,1.48,100,2026-08-13 02:21:11,2026-08-13 05:23:58,2026-08-13 17:50:09,NG,Kwali,2026-08-13 02:21:11.735291,2,2026-08-13,02:21:11,Thursday
makurdi,7.7306,8.5361,rain,light rain,stations,22.71,23.57,22.71,22.71,1014,97,1014,1002,10000,1.86,215,6.78,100,2026-08-13 02:21:11,2026-08-13 05:19:13,2026-08-13 17:42:29,NG,Walmayo,2026-08-13 02:21:11.843329,2,2026-08-13,02:21:11,Thursday
panda,9.2624,7.8385,rain,light rain,stations,22.35,23.2,22.35,22.35,1016,98,1016,972,10000,1.2,172,2.21,100,2026-08-13 05:43:04,2026-08-13 05:20:21,2026-08-13 17:46:56,NG,Maitama,2026-08-13 05:43:04.588117,5,2026-08-13,05:43:04,Thursday
gurara,9.322,7.0232,clouds,overcast clouds,stations,22.33,23.18,22.33,22.33,1015,98,1015,974,10000,1.24,181,2.22,100,2026-08-13 05:43:04,2026-08-13 05:23:33,2026-08-13 17:50:16,NG,Suleja,2026-08-13 05:43:04.711452,5,2026-08-13,05:43:04,Thursday
bwari,9.2856,7.3787,rain,light rain,stations,21.29,22.01,21.29,21.29,1016,97,1016,953,10000,1.3,190,2.17,100,2026-08-13 05:43:04,2026-08-13 05:22:10,2026-08-13 17:48:48,NG,Maitama,2026-08-13 05:43:04.836914,5,2026-08-13,05:43:04,Thursday
gwagwalada,9.0764,6.9854,rain,light rain,stations,22.85,23.75,22.85,22.85,1015,98,1015,992,5792,1.27,195,3.15,100,2026-08-13 05:43:04,2026-08-13 05:23:58,2026-08-13 17:50:09,NG,Kwali,2026-08-13 05:43:04.960975,5,2026-08-13,05:43:04,Thursday
makurdi,7.7306,8.5361,rain,light rain,stations,23.04,23.91,23.04,23.04,1015,96,1015,1004,10000,1.59,225,5.58,100,2026-08-13 05:43:05,2026-08-13 05:19:13,2026-08-13 17:42:29,NG,Walmayo,2026-08-13 05:43:05.081743,5,2026-08-13,05:43:05,Thursday
panda,9.2624,7.8385,rain,light rain,stations,24.08,24.97,24.08,24.08,1017,93,1017,973,10000,1.56,161,2.82,100,2026-08-13 07:40:34,2026-08-13 05:20:21,2026-08-13 17:46:56,NG,Maitama,2026-08-13 07:40:34.581345,7,2026-08-13,07:40:34,Thursday
gurara,9.322,7.0232,clouds,overcast clouds,stations,23.7,24.58,23.7,23.7,1017,94,1017,976,10000,2.61,188,4.31,100,2026-08-13 07:40:34,2026-08-13 05:23:33,2026-08-13 17:50:16,NG,Suleja,2026-08-13 07:40:34.667629,7,2026-08-13,07:40:34,Thursday
bwari,9.2856,7.3787,rain,light rain,stations,23.11,23.88,23.11,23.11,1017,92,1017,954,10000,2.35,204,4.21,100,2026-08-13 07:40:34,2026-08-13 05:22:10,2026-08-13 17:48:48,NG,Maitama,2026-08-13 07:40:34.759264,7,2026-08-13,07:40:34,Thursday
gwagwalada,9.0764,6.9854,rain,light rain,stations,23.87,24.79,23.87,23.87,1017,95,1017,993,10000,2.65,201,4.96,100,2026-08-13 07:40:34,2026-08-13 05:23:58,2026-08-13 17:50:09,NG,Kwali,2026-08-13 07:40:34.852178,7,2026-08-13,07:40:34,Thursday
makurdi,7.7306,8.5361,rain,light rain,stations,24.17,25.07,24.17,24.17,1017,93,1017,1005,10000,2.75,221,6.54,100,2026-08-13 07:40:34,2026-08-13 05:19:13,2026-08-13 17:42:29,NG,Walmayo,2026-08-13 07:40:34.940160,7,2026-08-13,07:40:34,Thursday
panda,9.2624,7.8385,rain,light rain,stations,24.77,25.63,24.77,24.77,1017,89,1017,974,10000,1.33,172,2.48,100,2026-08-13 09:16:38,2026-08-13 05:20:21,2026-08-13 17:46:56,NG,Maitama,2026-08-13 09:16:38.506147,9,2026-08-13,09:16:38,Thursday
gurara,9.322,7.0232,rain,light rain,stations,24.26,25.14,24.26,24.26,1017,92,1017,976,10000,3.11,191,4.73,100,2026-08-13 09:16:38,2026-08-13 05:23:33,2026-08-13 17:50:16,NG,Suleja,2026-08-13 09:16:38.557444,9,2026-08-13,09:16:38,Thursday
bwari,9.2856,7.3787,rain,light rain,stations,23.47,24.27,23.47,23.47,1017,92,1017,954,10000,2.92,198,4.29,100,2026-08-13 09:16:38,2026-08-13 05:22:10,2026-08-13 17:48:48,NG,Maitama,2026-08-13 09:16:38.608385,9,2026-08-13,09:16:38,Thursday
gwagwalada,9.0764,6.9854,rain,light rain,stations,24.5,25.43,24.5,24.5,1017,93,1017,994,10000,2.85,202,4.7,100,2026-08-13 09:16:38,2026-08-13 05:23:58,2026-08-13 17:50:09,NG,Kwali,2026-08-13 09:16:38.659696,9,2026-08-13,09:16:38,Thursday
makurdi,7.7306,8.5361,clouds,overcast clouds,stations,25.32,26.18,25.32,25.32,1017,87,1017,1005,10000,3.2,230,5.72,100,2026-08-13 09:16:38,2026-08-13 05:19:13,2026-08-13 17:42:29,NG,Walmayo,2026-08-13 09:16:38.714365,9,2026-08-13,09:16:38,Thursday
panda,9.2624,7.8385,rain,light rain,stations,25.92,26.76,25.92,25.92,1016,84,1016,973,10000,1.77,173,2.26,100,2026-08-13 11:02:38,2026-08-13 05:20:21,2026-08-13 17:46:56,NG,Maitama,2026-08-13 11:02:38.245290,11,2026-08-13,11:02:38,Thursday
gurara,9.322,7.0232,rain,moderate rain,stations,24.83,25.72,24.83,24.83,1016,90,1016,975,10000,2.44,210,3.66,100,2026-08-13 11:02:38,2026-08-13 05:23:33,2026-08-13 17:50:16,NG,Suleja,2026-08-13 11:02:38.382525,11,2026-08-13,11:02:38,Thursday
bwari,9.2856,7.3787,rain,light rain,stations,23.76,24.57,23.76,23.76,1017,91,1017,954,10000,1.86,215,2.68,100,2026-08-13 11:02:38,2026-08-13 05:22:10,2026-08-13 17:48:48,NG,Maitama,2026-08-13 11:02:38.523339,11,2026-08-13,11:02:38,Thursday
gwagwalada,9.0764,6.9854,rain,moderate rain,stations,25.89,26.83,25.89,25.89,1016,88,1016,993,10000,2.22,237,3.21,100,2026-08-13 11:02:38,2026-08-13 05:23:58,2026-08-13 17:50:09,NG,Kwali,2026-08-13 11:02:38.662537,11,2026-08-13,11:02:38,Thursday
makurdi,7.7306,8.5361,rain,moderate rain,stations,26.67,29.33,26.67,26.67,1015,84,1015,1004,10000,2.74,247,3.89,100,2026-08-13 11:02:38,2026-08-13 05:19:13,2026-08-13 17:42:29,NG,Walmayo,2026-08-13 11:02:38.795412,11,2026-08-13,11:02:38,Thursday
panda,9.2624,7.8385,rain,moderate rain,stations,24.82,25.71,24.82,24.82,1014,90,1014,971,10000,1.94,231,2.61,100,2026-08-13 13:21:11,2026-08-13 05:20:21,2026-08-13 17:46:56,NG,Maitama,2026-08-13 13:21:12.004172,13,2026-08-13,13:21:11,Thursday
gurara,9.322,7.0232,rain,light rain,stations,24.0,24.88,24.0,24.0,1015,93,1015,974,10000,2.35,219,3.38,100,2026-08-13 13:21:12,2026-08-13 05:23:33,2026-08-13 17:50:16,NG,Suleja,2026-08-13 13:21:12.058868,13,2026-08-13,13:21:12,Thursday
bwari,9.2856,7.3787,rain,light rain,stations,23.04,23.85,23.04,23.04,1015,94,1015,952,10000,2.62,233,3.62,100,2026-08-13 13:21:12,2026-08-13 05:22:10,2026-08-13 17:48:48,NG,Maitama,2026-08-13 13:21:12.111494,13,2026-08-13,13:21:12,Thursday
gwagwalada,9.0764,6.9854,rain,light rain,stations,24.09,25.01,24.09,24.09,1014,94,1014,991,10000,2.35,226,3.78,100,2026-08-13 13:21:12,2026-08-13 05:23:58,2026-08-13 17:50:09,NG,Kwali,2026-08-13 13:21:12.173968,13,2026-08-13,13:21:12,Thursday
makurdi,7.7306,8.5361,rain,moderate rain,stations,26.87,30.08,26.87,26.87,1013,87,1013,1002,10000,2.85,233,4.38,100,2026-08-13 13:21:12,2026-08-13 05:19:13,2026-08-13 17:42:29,NG,Walmayo,2026-08-13 13:21:12.224044,13,2026-08-13,13:21:12,Thursday
panda,9.2624,7.8385,rain,light rain,stations,24.86,25.75,24.86,24.86,1014,90,1014,970,10000,0.91,257,1.81,100,2026-08-13 15:01:17,2026-08-13 05:20:21,2026-08-13 17:46:56,NG,Maitama,2026-08-13 15:01:17.453860,15,2026-08-13,15:01:17,Thursday
gurara,9.322,7.0232,rain,light rain,stations,23.91,24.78,23.91,23.91,1014,93,1014,973,10000,1.57,251,2.59,100,2026-08-13 15:01:17,2026-08-13 05:23:33,2026-08-13 17:50:16,NG,Suleja,2026-08-13 15:01:17.598998,15,2026-08-13,15:01:17,Thursday
bwari,9.2856,7.3787,rain,light rain,stations,23.2,24.0,23.2,23.2,1014,93,1014,951,10000,2.19,250,3.0,100,2026-08-13 15:01:17,2026-08-13 05:22:10,2026-08-13 17:48:48,NG,Maitama,2026-08-13 15:01:17.737252,15,2026-08-13,15:01:17,Thursday
gwagwalada,9.0764,6.9854,clouds,overcast clouds,stations,24.37,25.26,24.37,24.37,1014,92,1014,990,10000,1.2,244,2.06,100,2026-08-13 15:01:17,2026-08-13 05:23:58,2026-08-13 17:50:09,NG,Kwali,2026-08-13 15:01:17.877269,15,2026-08-13,15:01:17,Thursday
makurdi,7.7306,8.5361,rain,moderate rain,stations,25.83,26.84,25.83,25.83,1013,91,1013,1002,10000,2.36,279,4.64,100,2026-08-13 15:01:17,2026-08-13 05:19:13,2026-08-13 17:42:29,NG,Walmayo,2026-08-13 15:01:18.067692,15,2026-08-13,15:01:17,Thursday
panda,9.2624,7.8385,rain,light rain,stations,24.94,25.87,24.94,24.94,1014,91,1014,971,10000,0.66,289,1.38,97,2026-08-13 16:59:45,2026-08-13 05:20:21,2026-08-13 17:46:56,NG,Maitama,2026-08-13 16:59:45.399113,16,2026-08-13,16:59:45,Thursday
gurara,9.322,7.0232,clouds,overcast clouds,stations,23.5,24.39,23.5,23.5,1014,95,1014,973,10000,0.82,276,1.25,100,2026-08-13 16:59:45,2026-08-13 05:23:33,2026-08-13 17:50:16,NG,Suleja,2026-08-13 16:59:45.495671,16,2026-08-13,16:59:45,Thursday
bwari,9.2856,7.3787,clouds,overcast clouds,stations,22.64,23.44,22.64,22.64,1014,95,1014,952,10000,1.15,268,2.19,100,2026-08-13 16:59:45,2026-08-13 05:22:10,2026-08-13 17:48:48,NG,Maitama,2026-08-13 16:59:45.590957,16,2026-08-13,16:59:45,Thursday
gwagwalada,9.0764,6.9854,clouds,overcast clouds,stations,24.1,25.05,24.1,24.1,1014,95,1014,990,10000,0.16,268,0.53,100,2026-08-13 16:59:45,2026-08-13 05:23:58,2026-08-13 17:50:09,NG,Kwali,2026-08-13 16:59:45.688623,16,2026-08-13,16:59:45,Thursday
makurdi,7.7306,8.5361,rain,light rain,stations,25.37,26.36,25.37,25.37,1014,92,1014,1002,10000,1.95,284,4.88,100,2026-08-13 16:59:45,2026-08-13 05:19:13,2026-08-13 17:42:29,NG,Walmayo,2026-08-13 16:59:45.779387,16,2026-08-13,16:59:45,Thursday
panda,9.2624,7.8385,clouds,overcast clouds,stations,22.66,23.49,22.66,22.66,1016,96,1016,972,10000,0.77,335,0.73,95,2026-08-13 19:06:59,2026-08-13 05:20:21,2026-08-13 17:46:56,NG,Maitama,2026-08-13 19:06:59.513322,19,2026-08-13,19:06:59,Thursday
gurara,9.322,7.0232,clouds,overcast clouds,stations,22.55,23.39,22.55,22.55,1015,97,1015,974,10000,0.79,347,0.83,97,2026-08-13 19:06:59,2026-08-13 05:23:33,2026-08-13 17:50:16,NG,Suleja,2026-08-13 19:06:59.567094,19,2026-08-13,19:06:59,Thursday
bwari,9.2856,7.3787,clouds,overcast clouds,stations,21.27,22.01,21.27,21.27,1016,98,1016,953,10000,1.04,331,1.12,93,2026-08-13 19:06:59,2026-08-13 05:22:10,2026-08-13 17:48:48,NG,Maitama,2026-08-13 19:06:59.612391,19,2026-08-13,19:06:59,Thursday
gwagwalada,9.0764,6.9854,clouds,overcast clouds,stations,23.53,24.45,23.53,23.53,1015,96,1015,992,10000,0.69,355,0.71,97,2026-08-13 19:06:59,2026-08-13 05:23:58,2026-08-13 17:50:09,NG,Kwali,2026-08-13 19:06:59.667225,19,2026-08-13,19:06:59,Thursday
makurdi,7.7306,8.5361,clouds,overcast clouds,stations,24.06,24.98,24.06,24.06,1015,94,1015,1003,10000,1.25,269,1.28,98,2026-08-13 19:06:59,2026-08-13 05:19:13,2026-08-13 17:42:29,NG,Walmayo,2026-08-13 19:06:59.721239,19,2026-08-13,19:06:59,Thursday
panda,9.2624,7.8385,clouds,overcast clouds,stations,22.19,23.0,22.19,22.19,1017,97,1017,973,10000,1.16,313,1.14,85,2026-08-13 20:48:33,2026-08-13 05:20:21,2026-08-13 17:46:56,NG,Maitama,2026-08-13 20:48:33.204934,20,2026-08-13,20:48:33,Thursday
gurara,9.322,7.0232,clouds,overcast clouds,stations,22.16,22.96,22.16,22.16,1017,97,1017,975,10000,0.84,52,0.88,86,2026-08-13 20:48:33,2026-08-13 05:23:33,2026-08-13 17:50:16,NG,Suleja,2026-08-13 20:48:33.264862,20,2026-08-13,20:48:33,Thursday
bwari,9.2856,7.3787,clouds,overcast clouds,stations,20.99,21.7,20.99,20.99,1017,98,1017,954,10000,0.82,24,0.93,93,2026-08-13 20:48:33,2026-08-13 05:22:10,2026-08-13 17:48:48,NG,Maitama,2026-08-13 20:48:33.324872,20,2026-08-13,20:48:33,Thursday
gwagwalada,9.0764,6.9854,clouds,overcast clouds,stations,23.25,24.16,23.25,23.25,1016,97,1016,993,10000,0.63,53,0.69,95,2026-08-13 20:48:33,2026-08-13 05:23:58,2026-08-13 17:50:09,NG,Kwali,2026-08-13 20:48:33.388819,20,2026-08-13,20:48:33,Thursday
makurdi,7.7306,8.5361,rain,light rain,stations,23.7,24.61,23.7,23.7,1016,95,1016,1005,10000,1.33,240,1.38,97,2026-08-13 20:48:33,2026-08-13 05:19:13,2026-08-13 17:42:29,NG,Walmayo,2026-08-13 20:48:33.445754,20,2026-08-13,20:48:33,Thursday
panda,9.2624,7.8385,clouds,broken clouds,stations,21.86,22.63,21.86,21.86,1016,97,1016,972,10000,0.72,316,0.73,75,2026-08-13 22:48:26,2026-08-13 05:20:21,2026-08-13 17:46:56,NG,Maitama,2026-08-13 22:48:26.626184,22,2026-08-13,22:48:26,Thursday
gurara,9.322,7.0232,clouds,overcast clouds,stations,21.69,22.45,21.69,21.69,1016,97,1016,975,10000,0.42,139,0.48,91,2026-08-13 22:48:26,2026-08-13 05:23:33,2026-08-13 17:50:16,NG,Suleja,2026-08-13 22:48:26.708049,22,2026-08-13,22:48:26,Thursday
bwari,9.2856,7.3787,clouds,overcast clouds,stations,20.62,21.27,20.62,20.62,1017,97,1017,953,10000,0.09,160,0.27,95,2026-08-13 22:48:26,2026-08-13 05:22:10,2026-08-13 17:48:48,NG,Maitama,2026-08-13 22:48:26.762487,22,2026-08-13,22:48:26,Thursday
gwagwalada,9.0764,6.9854,rain,light rain,stations,22.65,23.53,22.65,22.65,1016,98,1016,992,10000,0.19,123,0.19,85,2026-08-13 22:48:26,2026-08-13 05:23:58,2026-08-13 17:50:09,NG,Kwali,2026-08-13 22:48:26.813414,22,2026-08-13,22:48:26,Thursday
makurdi,7.7306,8.5361,rain,moderate rain,stations,23.02,23.94,23.02,23.02,1016,98,1016,1005,8153,1.94,221,4.62,98,2026-08-13 22:48:26,2026-08-13 05:19:13,2026-08-13 17:42:29,NG,Walmayo,2026-08-13 22:48:26.927813,22,2026-08-13,22:48:26,Thursday
panda,9.2624,7.8385,clouds,broken clouds,stations,21.16,21.89,21.16,21.16,1015,98,1015,971,10000,0.25,71,0.44,72,2026-08-14 02:18:59,2026-08-14 05:20:24,2026-08-14 17:46:33,NG,Maitama,2026-08-14 02:18:59.623591,2,2026-08-14,02:18:59,Friday
gurara,9.322,7.0232,clouds,broken clouds,stations,20.87,21.55,20.87,20.87,1015,97,1015,974,10000,0.69,122,0.85,59,2026-08-14 02:18:59,2026-08-14 05:23:36,2026-08-14 17:49:52,NG,Suleja,2026-08-14 02:18:59.676158,2,2026-08-14,02:18:59,Friday
bwari,9.2856,7.3787,clouds,broken clouds,stations,19.97,20.56,19.97,19.97,1015,97,1015,952,10000,0.76,155,0.82,55,2026-08-14 02:18:59,2026-08-14 05:22:13,2026-08-14 17:48:25,NG,Maitama,2026-08-14 02:18:59.741308,2,2026-08-14,02:18:59,Friday
gwagwalada,9.0764,6.9854,rain,light rain,stations,22.05,22.87,22.05,22.05,1015,98,1015,991,10000,0.5,77,0.5,91,2026-08-14 02:18:59,2026-08-14 05:24:01,2026-08-14 17:49:46,NG,Kwali,2026-08-14 02:18:59.812669,2,2026-08-14,02:18:59,Friday
makurdi,7.7322,8.5391,rain,light rain,stations,23.31,24.23,23.31,23.31,1014,97,1014,1003,10000,2.07,218,6.8,100,2026-08-14 02:09:31,2026-08-14 05:19:13,2026-08-14 17:42:07,NG,Walmayo,2026-08-14 02:18:59.854241,2,2026-08-14,02:09:31,Friday
panda,9.2624,7.8385,clouds,broken clouds,stations,21.46,22.22,21.46,21.46,1016,98,1016,972,10000,0.63,153,1.0,81,2026-08-14 05:40:24,2026-08-14 05:20:24,2026-08-14 17:46:33,NG,Maitama,2026-08-14 05:40:24.099668,5,2026-08-14,05:40:24,Friday
gurara,9.322,7.0232,clouds,broken clouds,stations,21.3,22.02,21.3,21.3,1016,97,1016,975,10000,0.93,161,1.34,76,2026-08-14 05:40:24,2026-08-14 05:23:36,2026-08-14 17:49:52,NG,Suleja,2026-08-14 05:40:24.231478,5,2026-08-14,05:40:24,Friday
bwari,9.2856,7.3787,clouds,broken clouds,stations,20.54,21.18,20.54,20.54,1016,97,1016,953,10000,1.21,169,1.79,79,2026-08-14 05:40:24,2026-08-14 05:22:13,2026-08-14 17:48:25,NG,Maitama,2026-08-14 05:40:24.372751,5,2026-08-14,05:40:24,Friday
gwagwalada,9.0764,6.9854,clouds,overcast clouds,stations,22.33,23.18,22.33,22.33,1016,98,1016,992,10000,0.5,130,0.69,95,2026-08-14 05:40:24,2026-08-14 05:24:01,2026-08-14 17:49:46,NG,Kwali,2026-08-14 05:40:24.501111,5,2026-08-14,05:40:24,Friday
makurdi,7.7306,8.5361,rain,light rain,stations,23.03,23.95,23.03,23.03,1016,98,1016,1005,10000,1.76,207,6.36,100,2026-08-14 05:40:24,2026-08-14 05:19:14,2026-08-14 17:42:08,NG,Walmayo,2026-08-14 05:40:24.630343,5,2026-08-14,05:40:24,Friday
panda,9.2624,7.8385,clouds,overcast clouds,stations,24.67,25.46,24.67,24.67,1017,87,1017,973,10000,1.07,178,1.54,99,2026-08-14 07:38:10,2026-08-14 05:20:24,2026-08-14 17:46:33,NG,Maitama,2026-08-14 07:38:10.007811,7,2026-08-14,07:38:10,Friday
gurara,9.322,7.0232,clouds,overcast clouds,stations,24.16,24.96,24.16,24.16,1016,89,1016,975,10000,1.5,209,2.41,91,2026-08-14 07:38:10,2026-08-14 05:23:36,2026-08-14 17:49:52,NG,Suleja,2026-08-14 07:38:10.066091,7,2026-08-14,07:38:10,Friday
bwari,9.2856,7.3787,clouds,overcast clouds,stations,23.25,23.95,23.25,23.25,1017,89,1017,954,10000,1.64,218,2.7,94,2026-08-14 07:38:10,2026-08-14 05:22:13,2026-08-14 17:48:25,NG,Maitama,2026-08-14 07:38:10.119215,7,2026-08-14,07:38:10,Friday
gwagwalada,9.0764,6.9854,clouds,overcast clouds,stations,25.14,26.01,25.14,25.14,1016,88,1016,993,10000,1.34,212,2.17,90,2026-08-14 07:38:10,2026-08-14 05:24:01,2026-08-14 17:49:46,NG,Kwali,2026-08-14 07:38:10.171633,7,2026-08-14,07:38:10,Friday
makurdi,7.7306,8.5361,clouds,overcast clouds,stations,25.06,26.0,25.06,25.06,1017,91,1017,1005,10000,2.77,230,5.13,100,2026-08-14 07:38:10,2026-08-14 05:19:14,2026-08-14 17:42:08,NG,Walmayo,2026-08-14 07:38:10.229701,7,2026-08-14,07:38:10,Friday
panda,9.2624,7.8385,clouds,overcast clouds,stations,26.05,26.05,26.05,26.05,1017,80,1017,973,10000,1.72,193,2.24,99,2026-08-14 09:11:10,2026-08-14 05:20:24,2026-08-14 17:46:33,NG,Maitama,2026-08-14 09:11:10.963377,9,2026-08-14,09:11:10,Friday
gurara,9.322,7.0232,clouds,overcast clouds,stations,25.36,26.14,25.36,25.36,1017,84,1017,976,10000,2.27,211,3.1,88,2026-08-14 09:11:11,2026-08-14 05:23:36,2026-08-14 17:49:52,NG,Suleja,2026-08-14 09:11:11.065985,9,2026-08-14,09:11:11,Friday
bwari,9.2856,7.3787,clouds,overcast clouds,stations,24.59,25.27,24.59,24.59,1017,83,1017,954,10000,2.28,216,2.85,93,2026-08-14 09:11:11,2026-08-14 05:22:13,2026-08-14 17:48:25,NG,Maitama,2026-08-14 09:11:11.191595,9,2026-08-14,09:11:11,Friday
gwagwalada,9.0764,6.9854,rain,light rain,stations,26.18,26.18,26.18,26.18,1016,83,1016,993,10000,2.07,212,2.99,87,2026-08-14 09:11:11,2026-08-14 05:24:01,2026-08-14 17:49:46,NG,Kwali,2026-08-14 09:11:11.288611,9,2026-08-14,09:11:11,Friday
makurdi,7.7306,8.5361,rain,light rain,stations,25.27,26.2,25.27,25.27,1016,90,1016,1005,10000,2.81,234,5.18,100,2026-08-14 09:11:11,2026-08-14 05:19:14,2026-08-14 17:42:08,NG,Walmayo,2026-08-14 09:11:11.379875,9,2026-08-14,09:11:11,Friday
panda,9.2624,7.8385,rain,light rain,stations,28.2,30.92,28.2,28.2,1015,69,1015,972,10000,1.89,213,2.07,94,2026-08-14 11:00:06,2026-08-14 05:20:24,2026-08-14 17:46:33,NG,Maitama,2026-08-14 11:00:06.356221,11,2026-08-14,11:00:06,Friday
gurara,9.322,7.0232,rain,light rain,stations,26.55,26.55,26.55,26.55,1015,80,1015,975,10000,2.38,220,2.77,89,2026-08-14 11:00:06,2026-08-14 05:23:36,2026-08-14 17:49:52,NG,Suleja,2026-08-14 11:00:06.497858,11,2026-08-14,11:00:06,Friday
bwari,9.2856,7.3787,rain,light rain,stations,26.24,26.24,26.24,26.24,1016,76,1016,953,10000,2.43,230,2.53,88,2026-08-14 11:00:06,2026-08-14 05:22:13,2026-08-14 17:48:25,NG,Maitama,2026-08-14 11:00:06.594230,11,2026-08-14,11:00:06,Friday
gwagwalada,9.0764,6.9854,rain,moderate rain,stations,27.51,30.78,27.51,27.51,1015,79,1015,992,10000,2.17,220,2.62,81,2026-08-14 11:00:06,2026-08-14 05:24:01,2026-08-14 17:49:46,NG,Kwali,2026-08-14 11:00:06.680953,11,2026-08-14,11:00:06,Friday
makurdi,7.7337,8.5371,rain,light rain,stations,27.91,31.44,27.91,27.91,1015,77,1015,1004,10000,3.8,248,4.84,100,2026-08-14 11:00:04,2026-08-14 05:19:14,2026-08-14 17:42:08,NG,Walmayo,2026-08-14 11:00:06.763012,11,2026-08-14,11:00:04,Friday
panda,9.2624,7.8385,clouds,broken clouds,stations,29.28,32.03,29.28,29.28,1013,63,1013,970,10000,1.43,231,1.76,70,2026-08-14 13:15:37,2026-08-14 05:20:24,2026-08-14 17:46:33,NG,Maitama,2026-08-14 13:15:37.509709,13,2026-08-14,13:15:37,Friday
gurara,9.322,7.0232,rain,light rain,stations,26.95,29.54,26.95,26.95,1013,79,1013,973,10000,2.16,225,2.45,72,2026-08-14 13:15:37,2026-08-14 05:23:36,2026-08-14 17:49:52,NG,Suleja,2026-08-14 13:15:37.642176,13,2026-08-14,13:15:37,Friday
bwari,9.2856,7.3787,rain,light rain,stations,27.01,29.13,27.01,27.01,1013,73,1013,951,10000,2.75,239,2.57,64,2026-08-14 13:15:37,2026-08-14 05:22:13,2026-08-14 17:48:25,NG,Maitama,2026-08-14 13:15:37.765787,13,2026-08-14,13:15:37,Friday
gwagwalada,9.0764,6.9854,rain,light rain,stations,28.06,31.79,28.06,28.06,1013,77,1013,990,10000,1.72,223,2.2,71,2026-08-14 13:15:37,2026-08-14 05:24:01,2026-08-14 17:49:46,NG,Kwali,2026-08-14 13:15:37.893061,13,2026-08-14,13:15:37,Friday
makurdi,7.7306,8.5361,rain,moderate rain,stations,27.84,31.7,27.84,27.84,1013,80,1013,1002,10000,3.44,236,4.34,88,2026-08-14 13:15:37,2026-08-14 05:19:14,2026-08-14 17:42:08,NG,Walmayo,2026-08-14 13:15:38.022603,13,2026-08-14,13:15:37,Friday
panda,9.2624,7.8385,rain,light rain,stations,26.19,26.19,26.19,26.19,1012,86,1012,969,10000,2.02,232,4.04,87,2026-08-14 14:55:26,2026-08-14 05:20:24,2026-08-14 17:46:33,NG,Maitama,2026-08-14 14:55:26.780047,14,2026-08-14,14:55:26,Friday
gurara,9.322,7.0232,rain,light rain,stations,27.17,29.92,27.17,27.17,1012,78,1012,972,10000,2.1,230,2.53,70,2026-08-14 14:55:26,2026-08-14 05:23:36,2026-08-14 17:49:52,NG,Suleja,2026-08-14 14:55:26.876278,14,2026-08-14,14:55:26,Friday
bwari,9.2856,7.3787,rain,light rain,stations,25.72,26.51,25.72,25.72,1012,83,1012,950,10000,2.51,241,3.15,62,2026-08-14 14:55:26,2026-08-14 05:22:13,2026-08-14 17:48:25,NG,Maitama,2026-08-14 14:55:26.972702,14,2026-08-14,14:55:26,Friday
gwagwalada,9.0764,6.9854,rain,light rain,stations,28.57,32.48,28.57,28.57,1012,74,1012,989,10000,1.47,243,2.1,67,2026-08-14 14:55:27,2026-08-14 05:24:01,2026-08-14 17:49:46,NG,Kwali,2026-08-14 14:55:27.068665,14,2026-08-14,14:55:27,Friday
makurdi,7.7306,8.5361,rain,light rain,stations,27.59,31.23,27.59,27.59,1012,81,1012,1001,10000,2.92,230,4.08,96,2026-08-14 14:55:27,2026-08-14 05:19:14,2026-08-14 17:42:08,NG,Walmayo,2026-08-14 14:55:27.159579,14,2026-08-14,14:55:27,Friday
panda,9.2624,7.8385,rain,light rain,stations,25.54,26.5,25.54,25.54,1013,90,1013,969,10000,1.49,237,3.03,68,2026-08-14 16:57:48,2026-08-14 05:20:24,2026-08-14 17:46:33,NG,Maitama,2026-08-14 16:57:48.245545,16,2026-08-14,16:57:48,Friday
gurara,9.322,7.0232,rain,light rain,stations,26.08,26.08,26.08,26.08,1012,86,1012,972,10000,1.32,217,2.1,63,2026-08-14 16:57:48,2026-08-14 05:23:36,2026-08-14 17:49:52,NG,Suleja,2026-08-14 16:57:48.410726,16,2026-08-14,16:57:48,Friday
bwari,9.2856,7.3787,rain,light rain,stations,24.58,25.42,24.58,24.58,1013,89,1013,951,10000,1.85,244,3.48,49,2026-08-14 16:57:48,2026-08-14 05:22:13,2026-08-14 17:48:25,NG,Maitama,2026-08-14 16:57:48.612405,16,2026-08-14,16:57:48,Friday
gwagwalada,9.0764,6.9854,rain,light rain,stations,27.01,30.25,27.01,27.01,1012,85,1012,989,10000,1.16,210,1.36,56,2026-08-14 16:57:48,2026-08-14 05:24:01,2026-08-14 17:49:46,NG,Kwali,2026-08-14 16:57:48.773999,16,2026-08-14,16:57:48,Friday
makurdi,7.7306,8.5361,rain,light rain,stations,25.85,26.84,25.85,25.85,1012,90,1012,1001,10000,2.33,208,4.82,93,2026-08-14 16:57:48,2026-08-14 05:19:14,2026-08-14 17:42:08,NG,Walmayo,2026-08-14 16:57:48.932313,16,2026-08-14,16:57:48,Friday
panda,9.2624,7.8385,clear,clear sky,stations,23.28,24.09,23.28,23.28,1014,93,1014,971,10000,1.2,295,1.18,8,2026-08-14 18:59:35,2026-08-14 05:20:24,2026-08-14 17:46:33,NG,Maitama,2026-08-14 18:59:35.423781,18,2026-08-14,18:59:35,Friday
gurara,9.322,7.0232,clear,clear sky,stations,23.48,24.29,23.48,23.48,1014,92,1014,973,10000,0.51,321,0.67,7,2026-08-14 18:59:35,2026-08-14 05:23:36,2026-08-14 17:49:52,NG,Suleja,2026-08-14 18:59:35.519471,18,2026-08-14,18:59:35,Friday
bwari,9.2856,7.3787,rain,light rain,stations,22.1,22.85,22.1,22.1,1015,95,1015,952,10000,1.07,288,1.16,7,2026-08-14 18:59:35,2026-08-14 05:22:13,2026-08-14 17:48:25,NG,Maitama,2026-08-14 18:59:35.612562,18,2026-08-14,18:59:35,Friday
gwagwalada,9.0764,6.9854,clouds,few clouds,stations,24.75,25.58,24.75,24.75,1014,88,1014,990,10000,0.58,326,0.67,13,2026-08-14 18:59:35,2026-08-14 05:24:01,2026-08-14 17:49:46,NG,Kwali,2026-08-14 18:59:35.704446,18,2026-08-14,18:59:35,Friday
makurdi,7.7322,8.5391,clouds,broken clouds,stations,24.45,25.35,24.45,24.45,1013,92,1013,1002,10000,1.58,203,1.64,58,2026-08-14 18:51:47,2026-08-14 05:19:13,2026-08-14 17:42:07,NG,Walmayo,2026-08-14 18:59:35.791190,18,2026-08-14,18:51:47,Friday
panda,9.2624,7.8385,clouds,scattered clouds,stations,22.76,23.57,22.76,22.76,1015,95,1015,971,10000,1.15,305,1.14,27,2026-08-14 20:34:38,2026-08-14 05:20:24,2026-08-14 17:46:33,NG,Maitama,2026-08-14 20:34:38.130630,20,2026-08-14,20:34:38,Friday
gurara,9.322,7.0232,rain,light rain,stations,22.98,23.76,22.98,22.98,1015,93,1015,974,10000,0.58,359,0.69,11,2026-08-14 20:34:38,2026-08-14 05:23:36,2026-08-14 17:49:52,NG,Suleja,2026-08-14 20:34:38.270007,20,2026-08-14,20:34:38,Friday
bwari,9.2856,7.3787,clouds,scattered clouds,stations,21.68,22.41,21.68,21.68,1015,96,1015,952,10000,0.99,300,1.13,35,2026-08-14 20:34:38,2026-08-14 05:22:13,2026-08-14 17:48:25,NG,Maitama,2026-08-14 20:34:38.410110,20,2026-08-14,20:34:38,Friday
gwagwalada,9.0764,6.9854,rain,light rain,stations,23.82,24.69,23.82,23.82,1015,93,1015,991,10000,0.43,19,0.52,19,2026-08-14 20:34:38,2026-08-14 05:24:01,2026-08-14 17:49:46,NG,Kwali,2026-08-14 20:34:38.541596,20,2026-08-14,20:34:38,Friday
makurdi,7.7322,8.5391,clouds,broken clouds,stations,24.19,25.07,24.19,24.19,1014,92,1014,1002,10000,1.45,216,1.53,63,2026-08-14 20:29:16,2026-08-14 05:19:13,2026-08-14 17:42:07,NG,Walmayo,2026-08-14 20:34:38.664650,20,2026-08-14,20:29:16,Friday
panda,9.2624,7.8385,clouds,scattered clouds,stations,22.49,23.28,22.49,22.49,1015,95,1015,971,10000,1.13,307,1.09,34,2026-08-14 22:27:29,2026-08-14 05:20:24,2026-08-14 17:46:33,NG,Maitama,2026-08-14 22:27:29.713117,22,2026-08-14,22:27:29,Friday
gurara,9.322,7.0232,rain,light rain,stations,22.62,23.39,22.62,22.62,1015,94,1015,974,10000,0.27,333,0.55,26,2026-08-14 22:27:29,2026-08-14 05:23:36,2026-08-14 17:49:52,NG,Suleja,2026-08-14 22:27:29.840201,22,2026-08-14,22:27:29,Friday
bwari,9.2856,7.3787,clouds,scattered clouds,stations,21.46,22.17,21.46,21.46,1016,96,1016,952,10000,0.52,291,0.69,41,2026-08-14 22:27:29,2026-08-14 05:22:13,2026-08-14 17:48:25,NG,Maitama,2026-08-14 22:27:29.965623,22,2026-08-14,22:27:29,Friday
gwagwalada,9.0764,6.9854,rain,moderate rain,stations,23.26,24.12,23.26,23.26,1015,95,1015,991,10000,0.3,173,0.58,30,2026-08-14 22:27:30,2026-08-14 05:24:01,2026-08-14 17:49:46,NG,Kwali,2026-08-14 22:27:30.086192,22,2026-08-14,22:27:30,Friday
makurdi,7.7306,8.5361,clouds,broken clouds,stations,23.68,24.56,23.68,23.68,1014,94,1014,1003,10000,2.03,225,4.55,66,2026-08-14 22:27:30,2026-08-14 05:19:14,2026-08-14 17:42:08,NG,Walmayo,2026-08-14 22:27:30.216759,22,2026-08-14,22:27:30,Friday
panda,9.2624,7.8385,clouds,overcast clouds,stations,22.13,22.88,22.13,22.13,1014,95,1014,970,10000,0.95,305,0.97,100,2026-08-15 01:26:54,2026-08-15 05:20:27,2026-08-15 17:46:09,NG,Maitama,2026-08-15 01:26:54.960199,1,2026-08-15,01:26:54,Saturday
gurara,9.322,7.0232,clouds,overcast clouds,stations,22.07,22.84,22.07,22.07,1014,96,1014,973,10000,0.32,261,0.4,100,2026-08-15 01:26:55,2026-08-15 05:23:39,2026-08-15 17:49:28,NG,Suleja,2026-08-15 01:26:55.119398,1,2026-08-15,01:26:55,Saturday
bwari,9.2856,7.3787,clouds,overcast clouds,stations,21.0,21.69,21.0,21.0,1014,97,1014,951,10000,0.78,282,0.84,100,2026-08-15 01:26:55,2026-08-15 05:22:16,2026-08-15 17:48:01,NG,Maitama,2026-08-15 01:26:55.281568,1,2026-08-15,01:26:55,Saturday
gwagwalada,9.0764,6.9854,clouds,overcast clouds,stations,22.91,23.79,22.91,22.91,1013,97,1013,990,10000,0.43,319,0.52,100,2026-08-15 01:26:55,2026-08-15 05:24:03,2026-08-15 17:49:22,NG,Kwali,2026-08-15 01:26:55.448643,1,2026-08-15,01:26:55,Saturday
makurdi,7.7306,8.5361,rain,moderate rain,stations,22.83,23.73,22.83,22.83,1013,98,1013,1002,10000,1.86,211,6.98,100,2026-08-15 01:26:55,2026-08-15 05:19:15,2026-08-15 17:41:46,NG,Walmayo,2026-08-15 01:26:55.612940,1,2026-08-15,01:26:55,Saturday
panda,9.2624,7.8385,clouds,overcast clouds,stations,21.97,22.73,21.97,21.97,1014,96,1014,970,10000,0.68,326,0.74,100,2026-08-15 02:55:06,2026-08-15 05:20:27,2026-08-15 17:46:09,NG,Maitama,2026-08-15 02:55:06.877772,2,2026-08-15,02:55:06,Saturday
gurara,9.322,7.0232,clouds,overcast clouds,stations,21.86,22.63,21.86,21.86,1014,97,1014,972,10000,0.52,269,0.68,100,2026-08-15 02:55:07,2026-08-15 05:23:39,2026-08-15 17:49:28,NG,Suleja,2026-08-15 02:55:07.035424,2,2026-08-15,02:55:07,Saturday
bwari,9.2856,7.3787,clouds,overcast clouds,stations,20.97,21.66,20.97,20.97,1014,97,1014,951,10000,0.69,273,0.78,100,2026-08-15 02:55:07,2026-08-15 05:22:16,2026-08-15 17:48:01,NG,Maitama,2026-08-15 02:55:07.179969,2,2026-08-15,02:55:07,Saturday
gwagwalada,9.0764,6.9854,rain,light rain,stations,22.54,23.41,22.54,22.54,1013,98,1013,990,10000,0.67,218,0.81,100,2026-08-15 02:55:07,2026-08-15 05:24:03,2026-08-15 17:49:22,NG,Kwali,2026-08-15 02:55:07.335724,2,2026-08-15,02:55:07,Saturday
makurdi,7.7306,8.5361,clouds,overcast clouds,stations,22.86,23.73,22.86,22.86,1013,97,1013,1002,10000,1.89,230,6.54,100,2026-08-15 02:55:07,2026-08-15 05:19:15,2026-08-15 17:41:46,NG,Walmayo,2026-08-15 02:55:07.479910,2,2026-08-15,02:55:07,Saturday
panda,9.2624,7.8385,clouds,overcast clouds,stations,21.73,22.47,21.73,21.73,1014,96,1014,970,10000,0.84,303,0.9,100,2026-08-15 04:35:45,2026-08-15 05:20:27,2026-08-15 17:46:09,NG,Maitama,2026-08-15 04:35:45.200041,4,2026-08-15,04:35:45,Saturday
gurara,9.322,7.0232,clouds,overcast clouds,stations,21.59,22.36,21.59,21.59,1014,98,1014,973,10000,1.51,225,2.26,100,2026-08-15 04:35:45,2026-08-15 05:23:39,2026-08-15 17:49:28,NG,Suleja,2026-08-15 04:35:45.340775,4,2026-08-15,04:35:45,Saturday
bwari,9.2856,7.3787,clouds,overcast clouds,stations,20.73,21.42,20.73,20.73,1014,98,1014,951,10000,1.5,253,1.87,100,2026-08-15 04:35:45,2026-08-15 05:22:16,2026-08-15 17:48:01,NG,Maitama,2026-08-15 04:35:45.494698,4,2026-08-15,04:35:45,Saturday
gwagwalada,9.0764,6.9854,clouds,overcast clouds,stations,22.25,23.12,22.25,22.25,1014,99,1014,991,10000,1.36,232,2.27,100,2026-08-15 04:35:45,2026-08-15 05:24:03,2026-08-15 17:49:22,NG,Kwali,2026-08-15 04:35:45.646933,4,2026-08-15,04:35:45,Saturday
makurdi,7.7306,8.5361,clouds,overcast clouds,stations,22.58,23.45,22.58,22.58,1014,98,1014,1002,10000,1.99,233,6.57,100,2026-08-15 04:35:45,2026-08-15 05:19:15,2026-08-15 17:41:46,NG,Walmayo,2026-08-15 04:35:45.802604,4,2026-08-15,04:35:45,Saturday
panda,9.2624,7.8385,clouds,overcast clouds,stations,23.58,24.4,23.58,23.58,1015,92,1015,971,10000,0.99,248,1.98,100,2026-08-15 06:44:54,2026-08-15 05:20:27,2026-08-15 17:46:09,NG,Maitama,2026-08-15 06:44:54.575427,6,2026-08-15,06:44:54,Saturday
gurara,9.322,7.0232,clouds,overcast clouds,stations,22.78,23.65,22.78,22.78,1015,97,1015,974,4924,1.76,232,4.36,100,2026-08-15 06:44:54,2026-08-15 05:23:39,2026-08-15 17:49:28,NG,Suleja,2026-08-15 06:44:54.707970,6,2026-08-15,06:44:54,Saturday
bwari,9.2856,7.3787,clouds,overcast clouds,stations,21.96,22.74,21.96,21.96,1015,97,1015,952,1452,1.78,243,4.69,100,2026-08-15 06:44:54,2026-08-15 05:22:16,2026-08-15 17:48:01,NG,Maitama,2026-08-15 06:44:54.856193,6,2026-08-15,06:44:54,Saturday
gwagwalada,9.0764,6.9854,clouds,overcast clouds,stations,23.66,24.59,23.66,23.66,1015,96,1015,992,10000,1.64,234,3.43,100,2026-08-15 06:44:54,2026-08-15 05:24:03,2026-08-15 17:49:22,NG,Kwali,2026-08-15 06:44:55.020561,6,2026-08-15,06:44:54,Saturday
makurdi,7.7306,8.5361,clouds,overcast clouds,stations,23.98,24.86,23.98,23.98,1015,93,1015,1004,10000,2.55,238,5.96,99,2026-08-15 06:44:55,2026-08-15 05:19:15,2026-08-15 17:41:46,NG,Walmayo,2026-08-15 06:44:55.144108,6,2026-08-15,06:44:55,Saturday
panda,9.2624,7.8385,rain,light rain,stations,26.76,29.22,26.76,26.76,1015,80,1015,972,10000,1.25,276,1.88,75,2026-08-15 08:34:12,2026-08-15 05:20:27,2026-08-15 17:46:09,NG,Maitama,2026-08-15 08:34:12.934521,8,2026-08-15,08:34:12,Saturday
gurara,9.322,7.0232,clouds,overcast clouds,stations,24.95,25.8,24.95,24.95,1015,88,1015,974,10000,1.89,259,2.94,100,2026-08-15 08:34:13,2026-08-15 05:23:39,2026-08-15 17:49:28,NG,Suleja,2026-08-15 08:34:13.069354,8,2026-08-15,08:34:13,Saturday
bwari,9.2856,7.3787,clouds,overcast clouds,stations,24.25,25.03,24.25,24.25,1016,88,1016,953,10000,2.19,267,3.17,100,2026-08-15 08:34:13,2026-08-15 05:22:16,2026-08-15 17:48:01,NG,Maitama,2026-08-15 08:34:13.199015,8,2026-08-15,08:34:13,Saturday
gwagwalada,9.0764,6.9854,rain,light rain,stations,25.93,26.82,25.93,25.93,1015,86,1015,992,10000,1.68,265,2.63,100,2026-08-15 08:34:13,2026-08-15 05:24:03,2026-08-15 17:49:22,NG,Kwali,2026-08-15 08:34:13.337919,8,2026-08-15,08:34:13,Saturday
makurdi,7.7306,8.5361,clouds,overcast clouds,stations,26.96,29.56,26.96,26.96,1015,79,1015,1004,10000,2.49,247,3.47,92,2026-08-15 08:34:13,2026-08-15 05:19:15,2026-08-15 17:41:46,NG,Walmayo,2026-08-15 08:34:13.472602,8,2026-08-15,08:34:13,Saturday
panda,9.2624,7.8385,rain,light rain,stations,27.68,30.79,27.68,27.68,1015,76,1015,972,10000,1.72,255,1.98,78,2026-08-15 10:26:40,2026-08-15 05:20:27,2026-08-15 17:46:09,NG,Maitama,2026-08-15 10:26:40.685047,10,2026-08-15,10:26:40,Saturday
gurara,9.322,7.0232,rain,light rain,stations,26.44,26.44,26.44,26.44,1015,81,1015,975,10000,1.68,252,2.06,100,2026-08-15 10:26:40,2026-08-15 05:23:39,2026-08-15 17:49:28,NG,Suleja,2026-08-15 10:26:40.752249,10,2026-08-15,10:26:40,Saturday
bwari,9.2856,7.3787,rain,light rain,stations,25.91,26.65,25.91,25.91,1015,80,1015,953,10000,2.16,263,2.41,97,2026-08-15 10:26:40,2026-08-15 05:22:16,2026-08-15 17:48:01,NG,Maitama,2026-08-15 10:26:40.815787,10,2026-08-15,10:26:40,Saturday
gwagwalada,9.0764,6.9854,clouds,overcast clouds,stations,27.3,30.42,27.3,27.3,1015,80,1015,992,10000,1.34,261,1.92,100,2026-08-15 10:26:40,2026-08-15 05:24:03,2026-08-15 17:49:22,NG,Kwali,2026-08-15 10:26:40.879900,10,2026-08-15,10:26:40,Saturday
makurdi,7.7306,8.5361,rain,light rain,stations,27.92,31.18,27.92,27.92,1015,75,1015,1004,10000,2.61,255,3.35,94,2026-08-15 10:26:40,2026-08-15 05:19:15,2026-08-15 17:41:46,NG,Walmayo,2026-08-15 10:26:40.946168,10,2026-08-15,10:26:40,Saturday
panda,9.2624,7.8385,rain,moderate rain,stations,28.81,33.23,28.81,28.81,1013,75,1013,970,10000,0.61,208,0.49,99,2026-08-15 12:44:44,2026-08-15 05:20:27,2026-08-15 17:46:09,NG,Maitama,2026-08-15 12:44:44.334138,12,2026-08-15,12:44:44,Saturday
gurara,9.322,7.0232,rain,moderate rain,stations,27.64,30.96,27.64,27.64,1013,78,1013,972,10000,1.93,255,1.96,100,2026-08-15 12:44:44,2026-08-15 05:23:39,2026-08-15 17:49:28,NG,Suleja,2026-08-15 12:44:44.495371,12,2026-08-15,12:44:44,Saturday
bwari,9.2856,7.3787,rain,moderate rain,stations,26.63,26.63,26.63,26.63,1013,80,1013,951,8850,1.56,261,1.22,100,2026-08-15 12:44:44,2026-08-15 05:22:16,2026-08-15 17:48:01,NG,Maitama,2026-08-15 12:44:44.659420,12,2026-08-15,12:44:44,Saturday
gwagwalada,9.0764,6.9854,rain,light rain,stations,29.01,33.52,29.01,29.01,1012,74,1012,989,10000,1.96,259,2.08,100,2026-08-15 12:44:44,2026-08-15 05:24:03,2026-08-15 17:49:22,NG,Kwali,2026-08-15 12:44:44.822811,12,2026-08-15,12:44:44,Saturday
makurdi,7.7306,8.5361,rain,light rain,stations,28.35,32.64,28.35,28.35,1013,78,1013,1002,10000,2.72,222,3.13,100,2026-08-15 12:44:44,2026-08-15 05:19:15,2026-08-15 17:41:46,NG,Walmayo,2026-08-15 12:44:44.985599,12,2026-08-15,12:44:44,Saturday
panda,9.2624,7.8385,rain,light rain,stations,28.48,32.62,28.48,28.48,1012,76,1012,969,10000,0.34,251,0.42,100,2026-08-15 14:27:08,2026-08-15 05:20:27,2026-08-15 17:46:09,NG,Maitama,2026-08-15 14:27:08.320673,14,2026-08-15,14:27:08,Saturday
gurara,9.322,7.0232,rain,moderate rain,stations,27.33,30.49,27.33,27.33,1012,80,1012,971,10000,1.49,263,1.58,100,2026-08-15 14:27:08,2026-08-15 05:23:39,2026-08-15 17:49:28,NG,Suleja,2026-08-15 14:27:08.454461,14,2026-08-15,14:27:08,Saturday
bwari,9.2856,7.3787,rain,moderate rain,stations,26.38,26.38,26.38,26.38,1012,81,1012,950,10000,1.26,268,1.06,100,2026-08-15 14:27:08,2026-08-15 05:22:16,2026-08-15 17:48:01,NG,Maitama,2026-08-15 14:27:08.594343,14,2026-08-15,14:27:08,Saturday
gwagwalada,9.0764,6.9854,rain,light rain,stations,28.84,33.3,28.84,28.84,1011,75,1011,989,10000,1.64,275,1.76,100,2026-08-15 14:27:08,2026-08-15 05:24:03,2026-08-15 17:49:22,NG,Kwali,2026-08-15 14:27:08.724442,14,2026-08-15,14:27:08,Saturday
makurdi,7.7306,8.5361,rain,light rain,stations,28.27,32.45,28.27,28.27,1012,78,1012,1001,10000,3.04,210,3.51,98,2026-08-15 14:27:08,2026-08-15 05:19:15,2026-08-15 17:41:46,NG,Walmayo,2026-08-15 14:27:08.875231,14,2026-08-15,14:27:08,Saturday
panda,9.2624,7.8385,rain,moderate rain,stations,27.19,30.71,27.19,27.19,1011,85,1011,968,10000,1.0,187,1.29,100,2026-08-15 16:29:43,2026-08-15 05:20:27,2026-08-15 17:46:09,NG,Maitama,2026-08-15 16:29:43.104082,16,2026-08-15,16:29:43,Saturday
gurara,9.322,7.0232,rain,moderate rain,stations,26.38,26.38,26.38,26.38,1011,86,1011,970,10000,0.84,248,1.31,100,2026-08-15 16:29:43,2026-08-15 05:23:39,2026-08-15 17:49:28,NG,Suleja,2026-08-15 16:29:43.195385,16,2026-08-15,16:29:43,Saturday
bwari,9.2856,7.3787,rain,moderate rain,stations,25.21,26.08,25.21,25.21,1011,88,1011,949,10000,1.07,241,1.38,100,2026-08-15 16:29:43,2026-08-15 05:22:16,2026-08-15 17:48:01,NG,Maitama,2026-08-15 16:29:43.290507,16,2026-08-15,16:29:43,Saturday
gwagwalada,9.0764,6.9854,rain,moderate rain,stations,27.96,32.15,27.96,27.96,1011,81,1011,988,10000,1.02,247,1.57,100,2026-08-15 16:29:43,2026-08-15 05:24:03,2026-08-15 17:49:22,NG,Kwali,2026-08-15 16:29:43.376264,16,2026-08-15,16:29:43,Saturday
makurdi,7.7306,8.5361,rain,light rain,stations,27.07,30.3,27.07,27.07,1011,84,1011,1000,10000,3.55,212,5.15,99,2026-08-15 16:29:43,2026-08-15 05:19:15,2026-08-15 17:41:46,NG,Walmayo,2026-08-15 16:29:43.477212,16,2026-08-15,16:29:43,Saturday
panda,9.2624,7.8385,rain,light rain,stations,23.47,24.33,23.47,23.47,1013,94,1013,970,10000,0.75,191,0.98,100,2026-08-15 18:35:03,2026-08-15 05:20:27,2026-08-15 17:46:09,NG,Maitama,2026-08-15 18:35:03.086848,18,2026-08-15,18:35:03,Saturday
gurara,9.322,7.0232,rain,moderate rain,stations,23.29,24.13,23.29,23.29,1013,94,1013,972,10000,0.92,189,0.96,98,2026-08-15 18:35:03,2026-08-15 05:23:39,2026-08-15 17:49:28,NG,Suleja,2026-08-15 18:35:03.147451,18,2026-08-15,18:35:03,Saturday
bwari,9.2856,7.3787,rain,light rain,stations,22.37,23.12,22.37,22.37,1014,94,1014,951,10000,1.15,230,1.17,100,2026-08-15 18:35:03,2026-08-15 05:22:16,2026-08-15 17:48:01,NG,Maitama,2026-08-15 18:35:03.203920,18,2026-08-15,18:35:03,Saturday
gwagwalada,9.0764,6.9854,rain,moderate rain,stations,24.18,25.08,24.18,24.18,1013,93,1013,990,10000,1.51,203,2.02,100,2026-08-15 18:35:03,2026-08-15 05:24:03,2026-08-15 17:49:22,NG,Kwali,2026-08-15 18:35:03.270028,18,2026-08-15,18:35:03,Saturday
makurdi,7.7306,8.5361,clouds,overcast clouds,stations,24.06,24.95,24.06,24.06,1013,93,1013,1002,10000,2.12,199,6.49,100,2026-08-15 18:35:03,2026-08-15 05:19:15,2026-08-15 17:41:46,NG,Walmayo,2026-08-15 18:35:03.319015,18,2026-08-15,18:35:03,Saturday
panda,9.2624,7.8385,rain,heavy intensity rain,stations,22.74,23.58,22.74,22.74,1015,96,1015,971,3143,2.02,52,3.08,100,2026-08-15 20:26:37,2026-08-15 05:20:27,2026-08-15 17:46:09,NG,Maitama,2026-08-15 20:26:37.031889,20,2026-08-15,20:26:37,Saturday
gurara,9.322,7.0232,rain,moderate rain,stations,23.07,23.89,23.07,23.07,1014,94,1014,973,10000,0.89,142,0.97,99,2026-08-15 20:26:37,2026-08-15 05:23:39,2026-08-15 17:49:28,NG,Suleja,2026-08-15 20:26:37.189516,20,2026-08-15,20:26:37,Saturday
bwari,9.2856,7.3787,rain,moderate rain,stations,22.09,22.84,22.09,22.09,1015,95,1015,952,10000,0.55,205,0.7,100,2026-08-15 20:26:37,2026-08-15 05:22:16,2026-08-15 17:48:01,NG,Maitama,2026-08-15 20:26:37.322735,20,2026-08-15,20:26:37,Saturday
gwagwalada,9.0764,6.9854,rain,moderate rain,stations,24.05,24.97,24.05,24.05,1014,94,1014,991,10000,0.47,151,0.58,100,2026-08-15 20:26:37,2026-08-15 05:24:03,2026-08-15 17:49:22,NG,Kwali,2026-08-15 20:26:37.460438,20,2026-08-15,20:26:37,Saturday
makurdi,7.7306,8.5361,clouds,overcast clouds,stations,23.75,24.66,23.75,23.75,1014,95,1014,1003,10000,2.47,200,7.04,100,2026-08-15 20:26:37,2026-08-15 05:19:15,2026-08-15 17:41:46,NG,Walmayo,2026-08-15 20:26:37.593964,20,2026-08-15,20:26:37,Saturday
panda,9.2624,7.8385,rain,moderate rain,stations,20.98,21.64,20.98,20.98,1016,96,1016,972,10000,1.04,352,4.43,100,2026-08-15 22:26:27,2026-08-15 05:20:27,2026-08-15 17:46:09,NG,Maitama,2026-08-15 22:26:27.923888,22,2026-08-15,22:26:27,Saturday
gurara,9.322,7.0232,rain,heavy intensity rain,stations,22.39,23.22,22.39,22.39,1016,97,1016,975,6108,2.81,77,5.17,100,2026-08-15 22:26:28,2026-08-15 05:23:39,2026-08-15 17:49:28,NG,Suleja,2026-08-15 22:26:28.092702,22,2026-08-15,22:26:28,Saturday
bwari,9.2856,7.3787,rain,heavy intensity rain,stations,20.42,21.02,20.42,20.42,1017,96,1017,953,6706,3.13,86,8.53,100,2026-08-15 22:26:28,2026-08-15 05:22:16,2026-08-15 17:48:01,NG,Maitama,2026-08-15 22:26:28.255407,22,2026-08-15,22:26:28,Saturday
gwagwalada,9.0764,6.9854,rain,moderate rain,stations,23.4,24.28,23.4,23.4,1015,95,1015,992,4234,1.56,97,2.24,100,2026-08-15 22:26:28,2026-08-15 05:24:03,2026-08-15 17:49:22,NG,Kwali,2026-08-15 22:26:28.428087,22,2026-08-15,22:26:28,Saturday
makurdi,7.7306,8.5361,clouds,overcast clouds,stations,23.19,24.1,23.19,23.19,1015,97,1015,1004,10000,2.31,223,6.73,100,2026-08-15 22:26:28,2026-08-15 05:19:15,2026-08-15 17:41:46,NG,Walmayo,2026-08-15 22:26:28.597561,22,2026-08-15,22:26:28,Saturday
panda,9.2624,7.8385,clouds,overcast clouds,stations,20.9,21.5,20.9,20.9,1014,94,1014,970,10000,0.75,342,1.11,100,2026-08-16 01:38:51,2026-08-16 05:20:29,2026-08-16 17:45:44,NG,Maitama,2026-08-16 01:38:51.140781,1,2026-08-16,01:38:51,Sunday
gurara,9.322,7.0232,rain,light rain,stations,21.29,22.01,21.29,21.29,1014,97,1014,972,10000,0.47,193,0.9,100,2026-08-16 01:38:51,2026-08-16 05:23:41,2026-08-16 17:49:04,NG,Suleja,2026-08-16 01:38:51.187401,1,2026-08-16,01:38:51,Sunday
bwari,9.2856,7.3787,rain,light rain,stations,20.01,20.55,20.01,20.01,1014,95,1014,951,10000,0.88,314,1.19,100,2026-08-16 01:38:51,2026-08-16 05:22:18,2026-08-16 17:47:36,NG,Maitama,2026-08-16 01:38:51.239527,1,2026-08-16,01:38:51,Sunday
gwagwalada,9.0764,6.9854,rain,light rain,stations,21.8,22.54,21.8,21.8,1013,96,1013,990,10000,0.26,55,0.66,100,2026-08-16 01:38:51,2026-08-16 05:24:05,2026-08-16 17:48:58,NG,Kwali,2026-08-16 01:38:51.285877,1,2026-08-16,01:38:51,Sunday
makurdi,7.7306,8.5361,rain,light rain,stations,22.98,23.84,22.98,22.98,1013,96,1013,1002,10000,1.79,215,5.16,100,2026-08-16 01:38:51,2026-08-16 05:19:14,2026-08-16 17:41:24,NG,Walmayo,2026-08-16 01:38:51.330343,1,2026-08-16,01:38:51,Sunday
panda,9.2624,7.8385,clouds,overcast clouds,stations,21.04,21.63,21.04,21.04,1013,93,1013,969,10000,0.45,289,1.02,100,2026-08-16 03:03:49,2026-08-16 05:20:29,2026-08-16 17:45:44,NG,Maitama,2026-08-16 03:03:49.385333,3,2026-08-16,03:03:49,Sunday
gurara,9.322,7.0232,rain,light rain,stations,21.06,21.75,21.06,21.06,1013,97,1013,972,10000,0.86,188,1.24,100,2026-08-16 03:03:49,2026-08-16 05:23:41,2026-08-16 17:49:04,NG,Suleja,2026-08-16 03:03:49.437061,3,2026-08-16,03:03:49,Sunday
bwari,9.2856,7.3787,rain,light rain,stations,19.98,20.51,19.98,19.98,1013,95,1013,950,10000,1.04,282,1.39,100,2026-08-16 03:03:49,2026-08-16 05:22:18,2026-08-16 17:47:36,NG,Maitama,2026-08-16 03:03:49.489918,3,2026-08-16,03:03:49,Sunday
gwagwalada,9.0764,6.9854,rain,moderate rain,stations,21.65,22.4,21.65,21.65,1013,97,1013,990,10000,0.05,170,0.72,100,2026-08-16 03:03:49,2026-08-16 05:24:05,2026-08-16 17:48:58,NG,Kwali,2026-08-16 03:03:49.541425,3,2026-08-16,03:03:49,Sunday
makurdi,7.7306,8.5361,rain,light rain,stations,22.78,23.65,22.78,22.78,1013,97,1013,1002,10000,2.16,213,5.61,100,2026-08-16 03:03:49,2026-08-16 05:19:14,2026-08-16 17:41:24,NG,Walmayo,2026-08-16 03:03:49.599636,3,2026-08-16,03:03:49,Sunday
panda,9.2624,7.8385,clouds,overcast clouds,stations,20.93,21.51,20.93,20.93,1014,93,1014,970,10000,1.02,20,1.07,100,2026-08-16 04:39:27,2026-08-16 05:20:29,2026-08-16 17:45:44,NG,Maitama,2026-08-16 04:39:27.300702,4,2026-08-16,04:39:27,Sunday
gurara,9.322,7.0232,clouds,overcast clouds,stations,21.0,21.69,21.0,21.0,1014,97,1014,972,10000,0.43,306,0.51,100,2026-08-16 04:39:27,2026-08-16 05:23:41,2026-08-16 17:49:04,NG,Suleja,2026-08-16 04:39:27.353165,4,2026-08-16,04:39:27,Sunday
bwari,9.2856,7.3787,clouds,overcast clouds,stations,19.99,20.55,19.99,19.99,1014,96,1014,951,10000,0.76,330,0.8,100,2026-08-16 04:39:27,2026-08-16 05:22:18,2026-08-16 17:47:36,NG,Maitama,2026-08-16 04:39:27.400684,4,2026-08-16,04:39:27,Sunday
gwagwalada,9.0764,6.9854,clouds,overcast clouds,stations,21.79,22.53,21.79,21.79,1013,96,1013,990,10000,0.24,209,0.48,100,2026-08-16 04:39:27,2026-08-16 05:24:05,2026-08-16 17:48:58,NG,Kwali,2026-08-16 04:39:27.449593,4,2026-08-16,04:39:27,Sunday
makurdi,7.7306,8.5361,clouds,overcast clouds,stations,22.69,23.55,22.69,22.69,1014,97,1014,1002,10000,2.15,196,5.31,100,2026-08-16 04:39:27,2026-08-16 05:19:14,2026-08-16 17:41:24,NG,Walmayo,2026-08-16 04:39:27.507961,4,2026-08-16,04:39:27,Sunday
panda,9.2624,7.8385,clouds,overcast clouds,stations,22.62,23.31,22.62,22.62,1015,91,1015,971,10000,0.99,321,1.76,100,2026-08-16 06:46:46,2026-08-16 05:20:29,2026-08-16 17:45:44,NG,Maitama,2026-08-16 06:46:46.769240,6,2026-08-16,06:46:46,Sunday
gurara,9.322,7.0232,clouds,overcast clouds,stations,23.02,23.78,23.02,23.02,1015,92,1015,974,10000,0.24,32,0.46,94,2026-08-16 06:46:46,2026-08-16 05:23:41,2026-08-16 17:49:04,NG,Suleja,2026-08-16 06:46:46.875966,6,2026-08-16,06:46:46,Sunday
bwari,9.2856,7.3787,clouds,overcast clouds,stations,21.83,22.44,21.83,21.83,1016,91,1016,952,10000,0.59,344,1.01,94,2026-08-16 06:46:46,2026-08-16 05:22:18,2026-08-16 17:47:36,NG,Maitama,2026-08-16 06:46:46.970566,6,2026-08-16,06:46:46,Sunday
gwagwalada,9.0764,6.9854,clouds,overcast clouds,stations,23.41,24.23,23.41,23.41,1015,93,1015,992,10000,0.61,37,0.94,97,2026-08-16 06:46:47,2026-08-16 05:24:05,2026-08-16 17:48:58,NG,Kwali,2026-08-16 06:46:47.107391,6,2026-08-16,06:46:47,Sunday
makurdi,7.7306,8.5361,clouds,overcast clouds,stations,23.22,24.08,23.22,23.22,1015,95,1015,1004,10000,1.8,205,4.58,100,2026-08-16 06:46:47,2026-08-16 05:19:14,2026-08-16 17:41:24,NG,Walmayo,2026-08-16 06:46:47.199224,6,2026-08-16,06:46:47,Sunday
panda,9.2624,7.8385,clouds,overcast clouds,stations,23.98,24.71,23.98,23.98,1016,87,1016,972,10000,0.49,277,1.04,100,2026-08-16 08:34:23,2026-08-16 05:20:29,2026-08-16 17:45:44,NG,Maitama,2026-08-16 08:34:23.036782,8,2026-08-16,08:34:23,Sunday
gurara,9.322,7.0232,clouds,overcast clouds,stations,25.11,25.9,25.11,25.11,1016,85,1016,975,10000,1.07,218,1.1,98,2026-08-16 08:34:23,2026-08-16 05:23:41,2026-08-16 17:49:04,NG,Suleja,2026-08-16 08:34:23.136188,8,2026-08-16,08:34:23,Sunday
bwari,9.2856,7.3787,clouds,overcast clouds,stations,24.1,24.76,24.1,24.1,1016,84,1016,953,10000,0.81,250,0.94,98,2026-08-16 08:34:23,2026-08-16 05:22:18,2026-08-16 17:47:36,NG,Maitama,2026-08-16 08:34:23.232105,8,2026-08-16,08:34:23,Sunday
gwagwalada,9.0764,6.9854,clouds,overcast clouds,stations,26.18,26.18,26.18,26.18,1015,83,1015,992,10000,0.73,231,1.02,98,2026-08-16 08:34:23,2026-08-16 05:24:05,2026-08-16 17:48:58,NG,Kwali,2026-08-16 08:34:23.327513,8,2026-08-16,08:34:23,Sunday
makurdi,7.7306,8.5361,clouds,overcast clouds,stations,24.46,25.31,24.46,24.46,1016,90,1016,1004,10000,2.08,224,3.75,100,2026-08-16 08:34:23,2026-08-16 05:19:14,2026-08-16 17:41:24,NG,Walmayo,2026-08-16 08:34:23.418861,8,2026-08-16,08:34:23,Sunday
panda,9.2624,7.8385,clouds,overcast clouds,stations,25.36,26.07,25.36,25.36,1016,81,1016,972,10000,0.48,149,0.82,100,2026-08-16 10:27:09,2026-08-16 05:20:29,2026-08-16 17:45:44,NG,Maitama,2026-08-16 10:27:09.924254,10,2026-08-16,10:27:09,Sunday
gurara,9.322,7.0232,clouds,overcast clouds,stations,26.41,26.41,26.41,26.41,1015,79,1015,974,10000,1.38,256,1.54,99,2026-08-16 10:27:09,2026-08-16 05:23:41,2026-08-16 17:49:04,NG,Suleja,2026-08-16 10:27:10.011414,10,2026-08-16,10:27:09,Sunday
bwari,9.2856,7.3787,clouds,overcast clouds,stations,24.67,25.33,24.67,24.67,1016,82,1016,953,10000,1.14,259,1.22,99,2026-08-16 10:27:10,2026-08-16 05:22:18,2026-08-16 17:47:36,NG,Maitama,2026-08-16 10:27:10.103539,10,2026-08-16,10:27:10,Sunday
gwagwalada,9.0764,6.9854,rain,light rain,stations,27.23,30.15,27.23,27.23,1015,79,1015,992,10000,1.19,264,1.48,99,2026-08-16 10:27:10,2026-08-16 05:24:05,2026-08-16 17:48:58,NG,Kwali,2026-08-16 10:27:10.191475,10,2026-08-16,10:27:10,Sunday
makurdi,7.7306,8.5361,clouds,overcast clouds,stations,25.48,26.33,25.48,25.48,1015,86,1015,1004,10000,1.8,230,2.85,100,2026-08-16 10:27:10,2026-08-16 05:19:14,2026-08-16 17:41:24,NG,Walmayo,2026-08-16 10:27:10.332402,10,2026-08-16,10:27:10,Sunday
panda,9.2624,7.8385,clouds,overcast clouds,stations,28.56,31.02,28.56,28.56,1013,65,1013,970,10000,0.58,82,1.34,100,2026-08-16 12:47:20,2026-08-16 05:20:29,2026-08-16 17:45:44,NG,Maitama,2026-08-16 12:47:20.612998,12,2026-08-16,12:47:20,Sunday
gurara,9.322,7.0232,clouds,overcast clouds,stations,28.36,31.69,28.36,28.36,1013,72,1013,972,10000,0.5,288,1.14,95,2026-08-16 12:47:20,2026-08-16 05:23:41,2026-08-16 17:49:04,NG,Suleja,2026-08-16 12:47:20.775739,12,2026-08-16,12:47:20,Sunday
bwari,9.2856,7.3787,clouds,broken clouds,stations,28.06,30.26,28.06,28.06,1013,66,1013,951,10000,0.63,13,1.92,81,2026-08-16 12:47:20,2026-08-16 05:22:18,2026-08-16 17:47:36,NG,Maitama,2026-08-16 12:47:20.937438,12,2026-08-16,12:47:20,Sunday
gwagwalada,9.0764,6.9854,rain,light rain,stations,29.79,34.3,29.79,29.79,1012,69,1012,989,10000,0.53,340,1.26,96,2026-08-16 12:47:21,2026-08-16 05:24:05,2026-08-16 17:48:58,NG,Kwali,2026-08-16 12:47:21.103506,12,2026-08-16,12:47:21,Sunday
makurdi,7.7306,8.5361,rain,moderate rain,stations,27.92,31.46,27.92,27.92,1012,77,1012,1001,10000,1.97,244,2.3,95,2026-08-16 12:47:21,2026-08-16 05:19:14,2026-08-16 17:41:24,NG,Walmayo,2026-08-16 12:47:21.272094,12,2026-08-16,12:47:21,Sunday
panda,9.2624,7.8385,clouds,overcast clouds,stations,28.69,31.25,28.69,28.69,1012,65,1012,969,10000,0.54,63,1.42,100,2026-08-16 14:27:02,2026-08-16 05:20:29,2026-08-16 17:45:44,NG,Maitama,2026-08-16 14:27:02.346158,14,2026-08-16,14:27:02,Sunday
gurara,9.322,7.0232,clouds,overcast clouds,stations,29.03,32.43,29.03,29.03,1012,68,1012,971,10000,0.62,313,1.74,85,2026-08-16 14:27:02,2026-08-16 05:23:41,2026-08-16 17:49:04,NG,Suleja,2026-08-16 14:27:02.512412,14,2026-08-16,14:27:02,Sunday
bwari,9.2856,7.3787,clouds,overcast clouds,stations,27.47,29.37,27.47,27.47,1012,67,1012,950,10000,1.17,24,2.27,91,2026-08-16 14:27:02,2026-08-16 05:22:18,2026-08-16 17:47:36,NG,Maitama,2026-08-16 14:27:02.695424,14,2026-08-16,14:27:02,Sunday
gwagwalada,9.0764,6.9854,clouds,overcast clouds,stations,30.29,34.28,30.29,30.29,1011,64,1011,988,10000,0.66,328,1.71,92,2026-08-16 14:27:02,2026-08-16 05:24:05,2026-08-16 17:48:58,NG,Kwali,2026-08-16 14:27:02.877860,14,2026-08-16,14:27:02,Sunday
makurdi,7.7306,8.5361,rain,moderate rain,stations,27.84,31.56,27.84,27.84,1012,79,1012,1000,10000,2.04,238,2.31,91,2026-08-16 14:27:03,2026-08-16 05:19:14,2026-08-16 17:41:24,NG,Walmayo,2026-08-16 14:27:03.045966,14,2026-08-16,14:27:03,Sunday
panda,9.2624,7.8385,rain,light rain,stations,26.3,26.3,26.3,26.3,1012,83,1012,969,10000,1.38,158,1.96,100,2026-08-16 16:30:03,2026-08-16 05:20:29,2026-08-16 17:45:44,NG,Maitama,2026-08-16 16:30:03.961861,16,2026-08-16,16:30:03,Sunday
gurara,9.322,7.0232,rain,light rain,stations,26.59,26.59,26.59,26.59,1012,84,1012,971,10000,0.45,262,0.77,94,2026-08-16 16:30:04,2026-08-16 05:23:41,2026-08-16 17:49:04,NG,Suleja,2026-08-16 16:30:04.128924,16,2026-08-16,16:30:04,Sunday
bwari,9.2856,7.3787,clouds,overcast clouds,stations,25.75,26.52,25.75,25.75,1012,82,1012,950,10000,0.49,71,0.83,96,2026-08-16 16:30:04,2026-08-16 05:22:18,2026-08-16 17:47:36,NG,Maitama,2026-08-16 16:30:04.298471,16,2026-08-16,16:30:04,Sunday
gwagwalada,9.0764,6.9854,clouds,overcast clouds,stations,27.67,31.29,27.67,27.67,1011,80,1011,988,10000,0.77,234,0.99,96,2026-08-16 16:30:04,2026-08-16 05:24:05,2026-08-16 17:48:58,NG,Kwali,2026-08-16 16:30:04.461845,16,2026-08-16,16:30:04,Sunday
makurdi,7.7306,8.5361,rain,light rain,stations,25.86,26.85,25.86,25.86,1012,90,1012,1001,10000,1.09,213,1.28,95,2026-08-16 16:30:04,2026-08-16 05:19:14,2026-08-16 17:41:24,NG,Walmayo,2026-08-16 16:30:04.620902,16,2026-08-16,16:30:04,Sunday
panda,9.2624,7.8385,rain,light rain,stations,23.02,23.75,23.02,23.02,1014,91,1014,970,10000,1.04,199,1.06,31,2026-08-16 18:34:13,2026-08-16 05:20:29,2026-08-16 17:45:44,NG,Maitama,2026-08-16 18:34:14.008078,18,2026-08-16,18:34:13,Sunday
gurara,9.322,7.0232,clouds,scattered clouds,stations,23.56,24.32,23.56,23.56,1014,90,1014,973,10000,1.1,223,1.17,34,2026-08-16 18:34:14,2026-08-16 05:23:41,2026-08-16 17:49:04,NG,Suleja,2026-08-16 18:34:14.102534,18,2026-08-16,18:34:14,Sunday
bwari,9.2856,7.3787,rain,light rain,stations,22.27,22.93,22.27,22.27,1014,91,1014,951,10000,1.1,185,1.18,46,2026-08-16 18:34:14,2026-08-16 05:22:18,2026-08-16 17:47:36,NG,Maitama,2026-08-16 18:34:14.199188,18,2026-08-16,18:34:14,Sunday
gwagwalada,9.0764,6.9854,clouds,few clouds,stations,24.73,25.56,24.73,24.73,1014,88,1014,990,10000,1.04,213,1.14,23,2026-08-16 18:34:14,2026-08-16 05:24:05,2026-08-16 17:48:58,NG,Kwali,2026-08-16 18:34:14.301559,18,2026-08-16,18:34:14,Sunday
makurdi,7.7306,8.5361,clouds,overcast clouds,stations,24.77,25.73,24.77,24.77,1013,93,1013,1002,10000,1.14,222,1.2,99,2026-08-16 18:34:14,2026-08-16 05:19:14,2026-08-16 17:41:24,NG,Walmayo,2026-08-16 18:34:14.392423,18,2026-08-16,18:34:14,Sunday
panda,9.2624,7.8385,rain,light rain,stations,22.6,23.32,22.6,22.6,1015,92,1015,971,10000,1.06,218,1.15,41,2026-08-16 20:27:22,2026-08-16 05:20:29,2026-08-16 17:45:44,NG,Maitama,2026-08-16 20:27:22.322789,20,2026-08-16,20:27:22,Sunday
gurara,9.322,7.0232,clouds,scattered clouds,stations,23.29,24.08,23.29,23.29,1014,92,1014,973,10000,1.17,211,1.28,49,2026-08-16 20:27:22,2026-08-16 05:23:41,2026-08-16 17:49:04,NG,Suleja,2026-08-16 20:27:22.453966,20,2026-08-16,20:27:22,Sunday
bwari,9.2856,7.3787,rain,light rain,stations,21.87,22.54,21.87,21.87,1015,93,1015,952,10000,1.33,198,1.38,40,2026-08-16 20:27:22,2026-08-16 05:22:18,2026-08-16 17:47:36,NG,Maitama,2026-08-16 20:27:22.579930,20,2026-08-16,20:27:22,Sunday
gwagwalada,9.0764,6.9854,clouds,scattered clouds,stations,24.3,25.14,24.3,24.3,1014,90,1014,991,10000,1.29,210,1.36,44,2026-08-16 20:27:22,2026-08-16 05:24:05,2026-08-16 17:48:58,NG,Kwali,2026-08-16 20:27:22.714217,20,2026-08-16,20:27:22,Sunday
makurdi,7.7306,8.5361,clouds,overcast clouds,stations,24.67,25.65,24.67,24.67,1014,94,1014,1003,10000,1.03,219,1.02,100,2026-08-16 20:27:22,2026-08-16 05:19:14,2026-08-16 17:41:24,NG,Walmayo,2026-08-16 20:27:22.851661,20,2026-08-16,20:27:22,Sunday
panda,9.2624,7.8385,rain,light rain,stations,22.06,22.78,22.06,22.06,1015,94,1015,971,10000,0.14,149,0.37,28,2026-08-16 22:25:30,2026-08-16 05:20:29,2026-08-16 17:45:44,NG,Maitama,2026-08-16 22:25:30.802905,22,2026-08-16,22:25:30,Sunday
gurara,9.322,7.0232,clouds,scattered clouds,stations,22.62,23.42,22.62,22.62,1015,95,1015,974,10000,0.96,187,1.08,38,2026-08-16 22:25:30,2026-08-16 05:23:41,2026-08-16 17:49:04,NG,Suleja,2026-08-16 22:25:30.884328,22,2026-08-16,22:25:30,Sunday
bwari,9.2856,7.3787,clouds,scattered clouds,stations,21.42,22.1,21.42,21.42,1015,95,1015,952,10000,0.94,214,1.12,28,2026-08-16 22:25:30,2026-08-16 05:22:18,2026-08-16 17:47:36,NG,Maitama,2026-08-16 22:25:31.032659,22,2026-08-16,22:25:30,Sunday
gwagwalada,9.0764,6.9854,clouds,scattered clouds,stations,23.67,24.52,23.67,23.67,1015,93,1015,991,10000,0.97,205,1.06,44,2026-08-16 22:25:31,2026-08-16 05:24:05,2026-08-16 17:48:58,NG,Kwali,2026-08-16 22:25:31.118649,22,2026-08-16,22:25:31,Sunday
makurdi,7.7306,8.5361,clouds,overcast clouds,stations,24.24,25.2,24.24,24.24,1014,95,1014,1003,10000,1.81,204,2.48,98,2026-08-16 22:25:31,2026-08-16 05:19:14,2026-08-16 17:41:24,NG,Walmayo,2026-08-16 22:25:31.216403,22,2026-08-16,22:25:31,Sunday
panda,9.2624,7.8385,clouds,scattered clouds,stations,21.29,21.88,21.29,21.29,1014,92,1014,970,10000,0.04,63,0.31,44,2026-08-17 01:36:17,2026-08-17 05:20:30,2026-08-17 17:45:19,NG,Maitama,2026-08-17 01:36:17.638668,1,2026-08-17,01:36:17,Monday
gurara,9.322,7.0232,clouds,broken clouds,stations,21.64,22.39,21.64,21.64,1014,97,1014,973,10000,0.59,152,0.62,60,2026-08-17 01:36:17,2026-08-17 05:23:42,2026-08-17 17:48:38,NG,Suleja,2026-08-17 01:36:17.773693,1,2026-08-17,01:36:17,Monday
bwari,9.2856,7.3787,clouds,scattered clouds,stations,20.46,21.04,20.46,20.46,1014,95,1014,951,10000,0.58,159,0.64,46,2026-08-17 01:36:17,2026-08-17 05:22:19,2026-08-17 17:47:11,NG,Maitama,2026-08-17 01:36:17.904924,1,2026-08-17,01:36:17,Monday
gwagwalada,9.0764,6.9854,clouds,broken clouds,stations,22.6,23.4,22.6,22.6,1013,95,1013,990,10000,0.4,131,0.44,76,2026-08-17 01:36:18,2026-08-17 05:24:06,2026-08-17 17:48:33,NG,Kwali,2026-08-17 01:36:18.042634,1,2026-08-17,01:36:18,Monday
makurdi,7.7306,8.5361,clouds,overcast clouds,stations,22.76,23.65,22.76,22.76,1013,98,1013,1002,10000,1.73,227,6.78,99,2026-08-17 01:36:18,2026-08-17 05:19:14,2026-08-17 17:41:01,NG,Walmayo,2026-08-17 01:36:18.171384,1,2026-08-17,01:36:18,Monday
panda,9.2624,7.8385,clouds,scattered clouds,stations,21.06,21.65,21.06,21.06,1014,93,1014,970,10000,0.49,170,0.54,44,2026-08-17 03:03:50,2026-08-17 05:20:30,2026-08-17 17:45:19,NG,Maitama,2026-08-17 03:03:50.243326,3,2026-08-17,03:03:50,Monday
gurara,9.322,7.0232,clouds,broken clouds,stations,21.55,22.32,21.55,21.55,1013,98,1013,972,10000,0.68,141,0.8,52,2026-08-17 03:03:50,2026-08-17 05:23:42,2026-08-17 17:48:38,NG,Suleja,2026-08-17 03:03:50.310166,3,2026-08-17,03:03:50,Monday
bwari,9.2856,7.3787,clouds,scattered clouds,stations,20.32,20.89,20.32,20.32,1014,95,1014,951,10000,0.65,156,0.79,41,2026-08-17 03:03:50,2026-08-17 05:22:19,2026-08-17 17:47:11,NG,Maitama,2026-08-17 03:03:50.381506,3,2026-08-17,03:03:50,Monday
gwagwalada,9.0764,6.9854,clouds,broken clouds,stations,22.51,23.32,22.51,22.51,1013,96,1013,990,10000,0.4,82,0.48,74,2026-08-17 03:03:50,2026-08-17 05:24:06,2026-08-17 17:48:33,NG,Kwali,2026-08-17 03:03:50.491200,3,2026-08-17,03:03:50,Monday
makurdi,7.7306,8.5361,clouds,overcast clouds,stations,22.72,23.61,22.72,22.72,1013,98,1013,1002,10000,1.7,210,6.52,99,2026-08-17 03:03:50,2026-08-17 05:19:14,2026-08-17 17:41:01,NG,Walmayo,2026-08-17 03:03:50.556034,3,2026-08-17,03:03:50,Monday
panda,9.2624,7.8385,clouds,scattered clouds,stations,20.78,21.39,20.78,20.78,1015,95,1015,970,10000,0.4,68,0.4,40,2026-08-17 04:48:08,2026-08-17 05:20:30,2026-08-17 17:45:19,NG,Maitama,2026-08-17 04:48:08.855472,4,2026-08-17,04:48:08,Monday
gurara,9.322,7.0232,clouds,scattered clouds,stations,21.34,22.09,21.34,21.34,1014,98,1014,973,10000,1.08,152,1.13,45,2026-08-17 04:48:08,2026-08-17 05:23:42,2026-08-17 17:48:38,NG,Suleja,2026-08-17 04:48:08.944584,4,2026-08-17,04:48:08,Monday
bwari,9.2856,7.3787,clouds,scattered clouds,stations,20.05,20.59,20.05,20.05,1014,95,1014,951,10000,1.05,129,1.06,36,2026-08-17 04:48:09,2026-08-17 05:22:19,2026-08-17 17:47:11,NG,Maitama,2026-08-17 04:48:09.031345,4,2026-08-17,04:48:09,Monday
gwagwalada,9.0764,6.9854,clouds,broken clouds,stations,22.22,23.03,22.22,22.22,1014,97,1014,990,10000,0.66,136,0.7,56,2026-08-17 04:48:09,2026-08-17 05:24:06,2026-08-17 17:48:33,NG,Kwali,2026-08-17 04:48:09.120407,4,2026-08-17,04:48:09,Monday
makurdi,7.7306,8.5361,clouds,overcast clouds,stations,22.67,23.55,22.67,22.67,1014,98,1014,1002,10000,1.54,201,4.35,100,2026-08-17 04:48:09,2026-08-17 05:19:14,2026-08-17 17:41:01,NG,Walmayo,2026-08-17 04:48:09.207791,4,2026-08-17,04:48:09,Monday
panda,9.2624,7.8385,clouds,few clouds,stations,23.47,24.14,23.47,23.47,1015,87,1015,971,10000,0.57,149,0.96,14,2026-08-17 07:03:38,2026-08-17 05:20:30,2026-08-17 17:45:19,NG,Maitama,2026-08-17 07:03:38.290269,7,2026-08-17,07:03:38,Monday
gurara,9.322,7.0232,clouds,few clouds,stations,23.68,24.43,23.68,23.68,1015,89,1015,974,10000,1.38,154,2.36,15,2026-08-17 07:03:38,2026-08-17 05:23:42,2026-08-17 17:48:38,NG,Suleja,2026-08-17 07:03:38.465564,7,2026-08-17,07:03:38,Monday
bwari,9.2856,7.3787,clouds,few clouds,stations,22.57,23.15,22.57,22.57,1015,87,1015,952,10000,1.17,149,1.89,18,2026-08-17 07:03:38,2026-08-17 05:22:19,2026-08-17 17:47:11,NG,Maitama,2026-08-17 07:03:38.625952,7,2026-08-17,07:03:38,Monday
gwagwalada,9.0764,6.9854,clouds,broken clouds,stations,24.56,25.37,24.56,24.56,1014,88,1014,991,10000,1.03,143,1.8,70,2026-08-17 07:03:38,2026-08-17 05:24:06,2026-08-17 17:48:33,NG,Kwali,2026-08-17 07:03:38.794963,7,2026-08-17,07:03:38,Monday
makurdi,7.7306,8.5361,clouds,overcast clouds,stations,24.48,25.39,24.48,24.48,1014,92,1014,1003,10000,1.67,231,2.89,90,2026-08-17 07:03:38,2026-08-17 05:19:14,2026-08-17 17:41:01,NG,Walmayo,2026-08-17 07:03:38.971603,7,2026-08-17,07:03:38,Monday
panda,9.2624,7.8385,clouds,few clouds,stations,26.71,28.81,26.71,26.71,1015,76,1015,972,10000,1.67,176,1.9,21,2026-08-17 08:48:59,2026-08-17 05:20:30,2026-08-17 17:45:19,NG,Maitama,2026-08-17 08:48:59.709000,8,2026-08-17,08:48:59,Monday
gurara,9.322,7.0232,clouds,few clouds,stations,26.8,28.98,26.8,26.8,1015,76,1015,974,10000,1.76,181,1.94,22,2026-08-17 08:48:59,2026-08-17 05:23:42,2026-08-17 17:48:38,NG,Suleja,2026-08-17 08:48:59.806410,8,2026-08-17,08:48:59,Monday
bwari,9.2856,7.3787,clouds,few clouds,stations,25.81,26.4,25.81,25.81,1015,75,1015,953,10000,1.69,181,1.91,17,2026-08-17 08:48:59,2026-08-17 05:22:19,2026-08-17 17:47:11,NG,Maitama,2026-08-17 08:48:59.895545,8,2026-08-17,08:48:59,Monday
gwagwalada,9.0764,6.9854,clouds,broken clouds,stations,27.5,30.29,27.5,27.5,1015,75,1015,992,10000,1.87,180,2.3,70,2026-08-17 08:48:59,2026-08-17 05:24:06,2026-08-17 17:48:33,NG,Kwali,2026-08-17 08:48:59.993761,8,2026-08-17,08:48:59,Monday
makurdi,7.7306,8.5361,rain,light rain,stations,27.0,29.93,27.0,27.0,1015,82,1015,1004,10000,1.83,222,2.29,84,2026-08-17 08:49:00,2026-08-17 05:19:14,2026-08-17 17:41:01,NG,Walmayo,2026-08-17 08:49:00.084768,8,2026-08-17,08:49:00,Monday
panda,9.2624,7.8385,clouds,scattered clouds,stations,28.83,32.01,28.83,28.83,1014,68,1014,971,10000,1.87,154,1.95,32,2026-08-17 10:35:37,2026-08-17 05:20:30,2026-08-17 17:45:19,NG,Maitama,2026-08-17 10:35:37.824309,10,2026-08-17,10:35:37,Monday
gurara,9.322,7.0232,clouds,scattered clouds,stations,28.22,30.96,28.22,28.22,1014,69,1014,974,10000,1.8,184,1.88,41,2026-08-17 10:35:37,2026-08-17 05:23:42,2026-08-17 17:48:38,NG,Suleja,2026-08-17 10:35:37.878210,10,2026-08-17,10:35:37,Monday
bwari,9.2856,7.3787,clouds,scattered clouds,stations,27.77,29.99,27.77,27.77,1014,68,1014,953,10000,1.51,178,1.96,31,2026-08-17 10:35:37,2026-08-17 05:22:19,2026-08-17 17:47:11,NG,Maitama,2026-08-17 10:35:37.930416,10,2026-08-17,10:35:37,Monday
gwagwalada,9.0764,6.9854,rain,light rain,stations,29.36,33.13,29.36,29.36,1014,68,1014,991,10000,1.47,192,1.54,67,2026-08-17 10:35:37,2026-08-17 05:24:06,2026-08-17 17:48:33,NG,Kwali,2026-08-17 10:35:37.986299,10,2026-08-17,10:35:37,Monday
makurdi,7.7306,8.5361,rain,light rain,stations,29.66,34.68,29.66,29.66,1014,72,1014,1003,10000,0.88,210,1.05,81,2026-08-17 10:35:38,2026-08-17 05:19:14,2026-08-17 17:41:01,NG,Walmayo,2026-08-17 10:35:38.035679,10,2026-08-17,10:35:38,Monday
panda,9.2624,7.8385,clouds,overcast clouds,stations,28.53,31.57,28.53,28.53,1013,69,1013,970,10000,1.48,171,1.38,94,2026-08-17 12:51:52,2026-08-17 05:20:30,2026-08-17 17:45:19,NG,Maitama,2026-08-17 12:51:52.628067,12,2026-08-17,12:51:52,Monday
gurara,9.322,7.0232,clouds,overcast clouds,stations,28.49,31.65,28.49,28.49,1013,70,1013,972,10000,1.49,206,1.78,92,2026-08-17 12:51:52,2026-08-17 05:23:42,2026-08-17 17:48:38,NG,Suleja,2026-08-17 12:51:52.764118,12,2026-08-17,12:51:52,Monday
bwari,9.2856,7.3787,clouds,overcast clouds,stations,26.7,28.71,26.7,26.7,1013,75,1013,951,10000,1.69,214,1.73,100,2026-08-17 12:51:52,2026-08-17 05:22:19,2026-08-17 17:47:11,NG,Maitama,2026-08-17 12:51:52.918529,12,2026-08-17,12:51:52,Monday
gwagwalada,9.0764,6.9854,clouds,scattered clouds,stations,30.68,34.9,30.68,30.68,1012,63,1012,989,10000,1.07,185,1.13,45,2026-08-17 12:51:53,2026-08-17 05:24:06,2026-08-17 17:48:33,NG,Kwali,2026-08-17 12:51:53.067145,12,2026-08-17,12:51:53,Monday
makurdi,7.7306,8.5361,rain,light rain,stations,31.45,36.38,31.45,31.45,1012,62,1012,1001,10000,0.86,208,0.8,74,2026-08-17 12:51:53,2026-08-17 05:19:14,2026-08-17 17:41:01,NG,Walmayo,2026-08-17 12:51:53.215879,12,2026-08-17,12:51:53,Monday
panda,9.2624,7.8385,rain,light rain,stations,28.82,32.34,28.82,28.82,1012,70,1012,969,10000,1.66,179,1.39,77,2026-08-17 14:32:07,2026-08-17 05:20:30,2026-08-17 17:45:19,NG,Maitama,2026-08-17 14:32:07.049680,14,2026-08-17,14:32:07,Monday
gurara,9.322,7.0232,rain,light rain,stations,29.33,32.68,29.33,29.33,1011,66,1011,971,10000,1.24,184,1.58,59,2026-08-17 14:32:07,2026-08-17 05:23:42,2026-08-17 17:48:38,NG,Suleja,2026-08-17 14:32:07.103718,14,2026-08-17,14:32:07,Monday
bwari,9.2856,7.3787,rain,light rain,stations,27.38,29.83,27.38,27.38,1012,73,1012,950,10000,1.45,181,1.67,59,2026-08-17 14:32:07,2026-08-17 05:22:19,2026-08-17 17:47:11,NG,Maitama,2026-08-17 14:32:07.156362,14,2026-08-17,14:32:07,Monday
gwagwalada,9.0764,6.9854,rain,light rain,stations,30.61,34.74,30.61,30.61,1011,63,1011,988,10000,1.18,171,1.23,51,2026-08-17 14:32:07,2026-08-17 05:24:06,2026-08-17 17:48:33,NG,Kwali,2026-08-17 14:32:07.206734,14,2026-08-17,14:32:07,Monday
makurdi,7.7306,8.5361,rain,light rain,stations,28.68,33.48,28.68,28.68,1011,78,1011,1000,10000,2.25,207,2.88,83,2026-08-17 14:32:07,2026-08-17 05:19:14,2026-08-17 17:41:01,NG,Walmayo,2026-08-17 14:32:07.261872,14,2026-08-17,14:32:07,Monday
panda,9.2624,7.8385,rain,light rain,stations,26.67,29.41,26.67,26.67,1012,85,1012,969,10000,1.71,186,2.9,80,2026-08-17 16:32:14,2026-08-17 05:20:30,2026-08-17 17:45:19,NG,Maitama,2026-08-17 16:32:14.932609,16,2026-08-17,16:32:14,Monday
gurara,9.322,7.0232,rain,light rain,stations,26.58,26.58,26.58,26.58,1012,84,1012,971,10000,1.26,173,1.66,54,2026-08-17 16:32:15,2026-08-17 05:23:42,2026-08-17 17:48:38,NG,Suleja,2026-08-17 16:32:15.025768,16,2026-08-17,16:32:15,Monday
bwari,9.2856,7.3787,rain,light rain,stations,25.71,26.58,25.71,25.71,1012,86,1012,950,10000,1.39,202,1.84,52,2026-08-17 16:32:15,2026-08-17 05:22:19,2026-08-17 17:47:11,NG,Maitama,2026-08-17 16:32:15.121806,16,2026-08-17,16:32:15,Monday
gwagwalada,9.0764,6.9854,rain,light rain,stations,26.94,30.07,26.94,26.94,1011,85,1011,988,10000,1.82,184,2.34,59,2026-08-17 16:32:15,2026-08-17 05:24:06,2026-08-17 17:48:33,NG,Kwali,2026-08-17 16:32:15.215885,16,2026-08-17,16:32:15,Monday
makurdi,7.7306,8.5361,rain,light rain,stations,26.9,30.16,26.9,26.9,1012,87,1012,1000,10000,1.52,190,2.07,75,2026-08-17 16:32:15,2026-08-17 05:19:14,2026-08-17 17:41:01,NG,Walmayo,2026-08-17 16:32:15.304649,16,2026-08-17,16:32:15,Monday
panda,9.2624,7.8385,clouds,broken clouds,stations,23.45,24.28,23.45,23.45,1014,93,1014,970,10000,1.27,201,1.31,62,2026-08-17 18:46:10,2026-08-17 05:20:30,2026-08-17 17:45:19,NG,Maitama,2026-08-17 18:46:10.224991,18,2026-08-17,18:46:10,Monday
gurara,9.322,7.0232,rain,light rain,stations,23.93,24.75,23.93,23.93,1013,91,1013,973,10000,1.36,180,1.39,98,2026-08-17 18:46:10,2026-08-17 05:23:42,2026-08-17 17:48:38,NG,Suleja,2026-08-17 18:46:10.384262,18,2026-08-17,18:46:10,Monday
bwari,9.2856,7.3787,rain,moderate rain,stations,22.81,23.55,22.81,22.81,1014,92,1014,951,10000,1.42,189,1.46,93,2026-08-17 18:46:10,2026-08-17 05:22:19,2026-08-17 17:47:11,NG,Maitama,2026-08-17 18:46:10.510069,18,2026-08-17,18:46:10,Monday
gwagwalada,9.0764,6.9854,rain,light rain,stations,25.02,25.93,25.02,25.02,1013,90,1013,990,10000,1.21,189,1.22,99,2026-08-17 18:46:10,2026-08-17 05:24:06,2026-08-17 17:48:33,NG,Kwali,2026-08-17 18:46:10.638313,18,2026-08-17,18:46:10,Monday
makurdi,7.7306,8.5361,rain,light rain,stations,25.23,26.21,25.23,25.23,1013,92,1013,1002,10000,1.73,208,2.05,79,2026-08-17 18:46:10,2026-08-17 05:19:14,2026-08-17 17:41:01,NG,Walmayo,2026-08-17 18:46:10.756038,18,2026-08-17,18:46:10,Monday
panda,9.2624,7.8385,clouds,broken clouds,stations,23.17,24.02,23.17,23.17,1015,95,1015,971,10000,1.27,250,1.31,68,2026-08-17 20:31:28,2026-08-17 05:20:30,2026-08-17 17:45:19,NG,Maitama,2026-08-17 20:31:28.409532,20,2026-08-17,20:31:28,Monday
gurara,9.322,7.0232,clouds,overcast clouds,stations,23.59,24.46,23.59,23.59,1015,94,1015,974,10000,0.86,166,0.99,91,2026-08-17 20:31:28,2026-08-17 05:23:42,2026-08-17 17:48:38,NG,Suleja,2026-08-17 20:31:28.478645,20,2026-08-17,20:31:28,Monday
bwari,9.2856,7.3787,rain,light rain,stations,22.29,23.06,22.29,22.29,1015,95,1015,952,10000,0.76,211,0.87,83,2026-08-17 20:31:28,2026-08-17 05:22:19,2026-08-17 17:47:11,NG,Maitama,2026-08-17 20:31:28.540685,20,2026-08-17,20:31:28,Monday
gwagwalada,9.0764,6.9854,clouds,broken clouds,stations,24.44,25.37,24.44,24.44,1014,93,1014,991,10000,0.62,168,0.71,77,2026-08-17 20:31:28,2026-08-17 05:24:06,2026-08-17 17:48:33,NG,Kwali,2026-08-17 20:31:28.608973,20,2026-08-17,20:31:28,Monday
makurdi,7.7306,8.5361,clouds,broken clouds,stations,24.68,25.68,24.68,24.68,1014,95,1014,1003,10000,2.2,213,5.42,82,2026-08-17 20:31:28,2026-08-17 05:19:14,2026-08-17 17:41:01,NG,Walmayo,2026-08-17 20:31:28.676852,20,2026-08-17,20:31:28,Monday
panda,9.2624,7.8385,clouds,broken clouds,stations,22.87,23.69,22.87,22.87,1015,95,1015,971,10000,0.5,291,0.58,59,2026-08-17 22:28:27,2026-08-17 05:20:30,2026-08-17 17:45:19,NG,Maitama,2026-08-17 22:28:27.075088,22,2026-08-17,22:28:27,Monday
gurara,9.322,7.0232,clouds,overcast clouds,stations,23.39,24.24,23.39,23.39,1015,94,1015,974,10000,0.77,223,0.81,85,2026-08-17 22:28:27,2026-08-17 05:23:42,2026-08-17 17:48:38,NG,Suleja,2026-08-17 22:28:27.174900,22,2026-08-17,22:28:27,Monday
bwari,9.2856,7.3787,clouds,broken clouds,stations,21.96,22.69,21.96,21.96,1015,95,1015,952,10000,1.07,254,1.16,72,2026-08-17 22:28:27,2026-08-17 05:22:19,2026-08-17 17:47:11,NG,Maitama,2026-08-17 22:28:27.278365,22,2026-08-17,22:28:27,Monday
gwagwalada,9.0764,6.9854,rain,light rain,stations,24.23,25.14,24.23,24.23,1014,93,1014,991,10000,0.9,227,0.91,67,2026-08-17 22:28:27,2026-08-17 05:24:06,2026-08-17 17:48:33,NG,Kwali,2026-08-17 22:28:27.375794,22,2026-08-17,22:28:27,Monday
makurdi,7.7306,8.5361,clouds,broken clouds,stations,24.32,25.31,24.32,24.32,1014,96,1014,1003,10000,2.15,206,6.61,78,2026-08-17 22:28:27,2026-08-17 05:19:14,2026-08-17 17:41:01,NG,Walmayo,2026-08-17 22:28:27.475155,22,2026-08-17,22:28:27,Monday
panda,9.2624,7.8385,rain,light rain,stations,22.32,23.14,22.32,22.32,1014,97,1014,970,10000,0.68,318,0.73,95,2026-08-18 01:26:12,2026-08-18 05:20:31,2026-08-18 17:44:53,NG,Maitama,2026-08-18 01:26:12.439035,1,2026-08-18,01:26:12,Tuesday
gurara,9.322,7.0232,clouds,scattered clouds,stations,22.59,23.44,22.59,22.59,1013,97,1013,972,10000,0.24,141,0.65,37,2026-08-18 01:26:12,2026-08-18 05:23:44,2026-08-18 17:48:12,NG,Suleja,2026-08-18 01:26:12.562003,1,2026-08-18,01:26:12,Tuesday
bwari,9.2856,7.3787,rain,light rain,stations,21.24,21.95,21.24,21.24,1014,97,1014,951,10000,0.27,299,0.69,21,2026-08-18 01:26:12,2026-08-18 05:22:20,2026-08-18 17:46:45,NG,Maitama,2026-08-18 01:26:12.688769,1,2026-08-18,01:26:12,Tuesday
gwagwalada,9.0764,6.9854,rain,light rain,stations,23.48,24.39,23.48,23.48,1013,96,1013,990,10000,0.58,19,0.63,54,2026-08-18 01:26:12,2026-08-18 05:24:07,2026-08-18 17:48:07,NG,Kwali,2026-08-18 01:26:12.811414,1,2026-08-18,01:26:12,Tuesday
makurdi,7.7322,8.5391,rain,light rain,stations,23.68,24.61,23.68,23.68,1013,96,1013,1002,10000,2.56,204,8.63,61,2026-08-18 01:23:01,2026-08-18 05:19:12,2026-08-18 17:40:36,NG,Walmayo,2026-08-18 01:26:12.926676,1,2026-08-18,01:23:01,Tuesday
panda,9.2624,7.8385,rain,light rain,stations,22.14,22.94,22.14,22.14,1013,97,1013,969,10000,0.46,290,0.59,94,2026-08-18 02:59:12,2026-08-18 05:20:31,2026-08-18 17:44:53,NG,Maitama,2026-08-18 02:59:12.221580,2,2026-08-18,02:59:12,Tuesday
gurara,9.322,7.0232,clouds,broken clouds,stations,22.6,23.42,22.6,22.6,1012,96,1012,971,10000,0.97,171,1.02,52,2026-08-18 02:59:12,2026-08-18 05:23:44,2026-08-18 17:48:12,NG,Suleja,2026-08-18 02:59:12.278107,2,2026-08-18,02:59:12,Tuesday
bwari,9.2856,7.3787,rain,light rain,stations,21.51,22.22,21.51,21.51,1013,96,1013,950,10000,0.81,194,0.91,68,2026-08-18 02:59:12,2026-08-18 05:22:20,2026-08-18 17:46:45,NG,Maitama,2026-08-18 02:59:12.359101,2,2026-08-18,02:59:12,Tuesday
gwagwalada,9.0764,6.9854,rain,light rain,stations,23.25,24.14,23.25,23.25,1012,96,1012,989,10000,1.09,165,1.13,62,2026-08-18 02:59:12,2026-08-18 05:24:07,2026-08-18 17:48:07,NG,Kwali,2026-08-18 02:59:12.410581,2,2026-08-18,02:59:12,Tuesday
makurdi,7.7306,8.5361,clouds,broken clouds,stations,23.18,24.11,23.18,23.18,1012,98,1012,1001,10000,2.1,217,7.19,67,2026-08-18 02:59:12,2026-08-18 05:19:13,2026-08-18 17:40:37,NG,Walmayo,2026-08-18 02:59:12.466661,2,2026-08-18,02:59:12,Tuesday
panda,9.2624,7.8385,clouds,overcast clouds,stations,21.77,22.54,21.77,21.77,1014,97,1014,970,10000,0.42,138,0.51,95,2026-08-18 04:39:25,2026-08-18 05:20:31,2026-08-18 17:44:53,NG,Maitama,2026-08-18 04:39:25.461348,4,2026-08-18,04:39:25,Tuesday
gurara,9.322,7.0232,clouds,broken clouds,stations,22.05,22.87,22.05,22.05,1013,98,1013,972,10000,1.27,194,1.46,71,2026-08-18 04:39:25,2026-08-18 05:23:44,2026-08-18 17:48:12,NG,Suleja,2026-08-18 04:39:25.597180,4,2026-08-18,04:39:25,Tuesday
bwari,9.2856,7.3787,clouds,broken clouds,stations,21.1,21.82,21.1,21.1,1014,98,1014,951,10000,1.17,202,1.4,81,2026-08-18 04:39:25,2026-08-18 05:22:20,2026-08-18 17:46:45,NG,Maitama,2026-08-18 04:39:25.762630,4,2026-08-18,04:39:25,Tuesday
gwagwalada,9.0764,6.9854,clouds,broken clouds,stations,22.88,23.78,22.88,22.88,1013,98,1013,990,10000,1.33,187,1.74,77,2026-08-18 04:39:25,2026-08-18 05:24:07,2026-08-18 17:48:07,NG,Kwali,2026-08-18 04:39:25.896574,4,2026-08-18,04:39:25,Tuesday
makurdi,7.7306,8.5361,clouds,broken clouds,stations,22.99,23.88,22.99,22.99,1013,97,1013,1002,10000,1.85,223,6.58,77,2026-08-18 04:39:25,2026-08-18 05:19:13,2026-08-18 17:40:37,NG,Walmayo,2026-08-18 04:39:26.019519,4,2026-08-18,04:39:25,Tuesday
panda,9.2624,7.8385,clouds,overcast clouds,stations,23.96,24.84,23.96,23.96,1015,93,1015,971,10000,1.07,187,1.8,91,2026-08-18 06:50:52,2026-08-18 05:20:31,2026-08-18 17:44:53,NG,Maitama,2026-08-18 06:50:52.295777,6,2026-08-18,06:50:52,Tuesday
gurara,9.322,7.0232,clouds,overcast clouds,stations,23.36,24.26,23.36,23.36,1015,96,1015,974,10000,1.68,201,2.83,100,2026-08-18 06:50:52,2026-08-18 05:23:44,2026-08-18 17:48:12,NG,Suleja,2026-08-18 06:50:52.439955,6,2026-08-18,06:50:52,Tuesday
bwari,9.2856,7.3787,clouds,overcast clouds,stations,22.7,23.51,22.7,22.7,1015,95,1015,952,10000,1.9,213,3.15,97,2026-08-18 06:50:52,2026-08-18 05:22:20,2026-08-18 17:46:45,NG,Maitama,2026-08-18 06:50:52.600204,6,2026-08-18,06:50:52,Tuesday
gwagwalada,9.0764,6.9854,clouds,overcast clouds,stations,24.07,25.01,24.07,24.07,1015,95,1015,991,10000,1.52,217,2.65,100,2026-08-18 06:50:52,2026-08-18 05:24:07,2026-08-18 17:48:07,NG,Kwali,2026-08-18 06:50:52.758235,6,2026-08-18,06:50:52,Tuesday
makurdi,7.7306,8.5361,rain,moderate rain,stations,23.36,24.28,23.36,23.36,1015,97,1015,1003,10000,1.05,238,3.64,100,2026-08-18 06:50:52,2026-08-18 05:19:13,2026-08-18 17:40:37,NG,Walmayo,2026-08-18 06:50:52.913122,6,2026-08-18,06:50:52,Tuesday
panda,9.2624,7.8385,rain,light rain,stations,25.83,26.71,25.83,25.83,1015,86,1015,972,10000,1.45,182,1.67,94,2026-08-18 08:41:30,2026-08-18 05:20:31,2026-08-18 17:44:53,NG,Maitama,2026-08-18 08:41:31.015107,8,2026-08-18,08:41:30,Tuesday
gurara,9.322,7.0232,clouds,overcast clouds,stations,25.65,26.52,25.65,25.65,1015,86,1015,975,10000,1.67,184,1.96,100,2026-08-18 08:41:31,2026-08-18 05:23:44,2026-08-18 17:48:12,NG,Suleja,2026-08-18 08:41:31.116521,8,2026-08-18,08:41:31,Tuesday
bwari,9.2856,7.3787,clouds,overcast clouds,stations,25.07,25.85,25.07,25.07,1015,85,1015,953,10000,1.74,191,2.01,97,2026-08-18 08:41:31,2026-08-18 05:22:20,2026-08-18 17:46:45,NG,Maitama,2026-08-18 08:41:31.221343,8,2026-08-18,08:41:31,Tuesday
gwagwalada,9.0764,6.9854,clouds,overcast clouds,stations,26.19,26.19,26.19,26.19,1015,86,1015,992,10000,1.69,194,1.96,100,2026-08-18 08:41:31,2026-08-18 05:24:07,2026-08-18 17:48:07,NG,Kwali,2026-08-18 08:41:31.311738,8,2026-08-18,08:41:31,Tuesday
makurdi,7.7306,8.5361,rain,light rain,stations,23.85,24.8,23.85,23.85,1015,96,1015,1004,10000,2.0,236,4.5,100,2026-08-18 08:41:31,2026-08-18 05:19:13,2026-08-18 17:40:37,NG,Walmayo,2026-08-18 08:41:31.408473,8,2026-08-18,08:41:31,Tuesday
panda,9.2624,7.8385,rain,light rain,stations,26.71,29.34,26.71,26.71,1014,83,1014,971,10000,2.03,178,1.59,96,2026-08-18 10:32:57,2026-08-18 05:20:31,2026-08-18 17:44:53,NG,Maitama,2026-08-18 10:32:57.756600,10,2026-08-18,10:32:57,Tuesday
gurara,9.322,7.0232,rain,light rain,stations,25.77,26.65,25.77,25.77,1014,86,1014,974,10000,2.01,193,2.24,100,2026-08-18 10:32:57,2026-08-18 05:23:44,2026-08-18 17:48:12,NG,Suleja,2026-08-18 10:32:57.852007,10,2026-08-18,10:32:57,Tuesday
bwari,9.2856,7.3787,rain,light rain,stations,25.52,26.29,25.52,25.52,1015,83,1015,952,10000,2.08,194,1.97,98,2026-08-18 10:32:57,2026-08-18 05:22:20,2026-08-18 17:46:45,NG,Maitama,2026-08-18 10:32:57.943316,10,2026-08-18,10:32:57,Tuesday
gwagwalada,9.0764,6.9854,rain,light rain,stations,26.11,26.11,26.11,26.11,1014,86,1014,991,10000,1.84,189,2.24,100,2026-08-18 10:32:58,2026-08-18 05:24:07,2026-08-18 17:48:07,NG,Kwali,2026-08-18 10:32:58.039670,10,2026-08-18,10:32:58,Tuesday
makurdi,7.7322,8.5391,clouds,overcast clouds,stations,23.86,24.81,23.86,23.86,1015,96,1015,1004,10000,2.29,232,5.05,100,2026-08-18 10:26:02,2026-08-18 05:19:12,2026-08-18 17:40:36,NG,Walmayo,2026-08-18 10:32:58.124422,10,2026-08-18,10:26:02,Tuesday
panda,9.2624,7.8385,rain,moderate rain,stations,27.95,32.13,27.95,27.95,1012,81,1012,969,10000,1.16,151,1.29,100,2026-08-18 12:53:50,2026-08-18 05:20:31,2026-08-18 17:44:53,NG,Maitama,2026-08-18 12:53:50.499575,12,2026-08-18,12:53:50,Tuesday
gurara,9.322,7.0232,rain,moderate rain,stations,25.7,26.62,25.7,25.7,1012,88,1012,972,10000,1.1,203,1.31,100,2026-08-18 12:53:50,2026-08-18 05:23:44,2026-08-18 17:48:12,NG,Suleja,2026-08-18 12:53:50.624750,12,2026-08-18,12:53:50,Tuesday
bwari,9.2856,7.3787,rain,moderate rain,stations,25.66,26.53,25.66,25.66,1013,86,1013,950,10000,0.85,201,0.96,100,2026-08-18 12:53:50,2026-08-18 05:22:20,2026-08-18 17:46:45,NG,Maitama,2026-08-18 12:53:50.753815,12,2026-08-18,12:53:50,Tuesday
gwagwalada,9.0764,6.9854,rain,moderate rain,stations,26.47,26.47,26.47,26.47,1012,87,1012,989,10000,1.27,187,1.48,100,2026-08-18 12:53:50,2026-08-18 05:24:07,2026-08-18 17:48:07,NG,Kwali,2026-08-18 12:53:50.891711,12,2026-08-18,12:53:50,Tuesday
makurdi,7.7306,8.5361,rain,light rain,stations,28.36,32.0,28.36,28.36,1012,74,1012,1001,10000,2.92,240,2.97,99,2026-08-18 12:53:51,2026-08-18 05:19:13,2026-08-18 17:40:37,NG,Walmayo,2026-08-18 12:53:51.043620,12,2026-08-18,12:53:51,Tuesday
panda,9.2624,7.8385,rain,light rain,stations,27.33,30.83,27.33,27.33,1011,83,1011,968,10000,1.76,151,1.92,100,2026-08-18 14:37:04,2026-08-18 05:20:31,2026-08-18 17:44:53,NG,Maitama,2026-08-18 14:37:04.386475,14,2026-08-18,14:37:04,Tuesday
gurara,9.322,7.0232,rain,light rain,stations,26.71,29.34,26.71,26.71,1011,83,1011,971,10000,0.99,230,0.63,100,2026-08-18 14:37:04,2026-08-18 05:23:44,2026-08-18 17:48:12,NG,Suleja,2026-08-18 14:37:04.520673,14,2026-08-18,14:37:04,Tuesday
bwari,9.2856,7.3787,rain,moderate rain,stations,25.92,26.76,25.92,25.92,1011,84,1011,949,6469,0.36,174,1.1,100,2026-08-18 14:37:04,2026-08-18 05:22:20,2026-08-18 17:46:45,NG,Maitama,2026-08-18 14:37:04.653106,14,2026-08-18,14:37:04,Tuesday
gwagwalada,9.0764,6.9854,rain,light rain,stations,27.81,31.63,27.81,27.81,1011,80,1011,988,10000,1.03,232,0.95,100,2026-08-18 14:37:04,2026-08-18 05:24:07,2026-08-18 17:48:07,NG,Kwali,2026-08-18 14:37:04.785720,14,2026-08-18,14:37:04,Tuesday
makurdi,7.7306,8.5361,rain,light rain,stations,28.04,31.59,28.04,28.04,1011,76,1011,1000,10000,2.86,230,3.14,100,2026-08-18 14:37:04,2026-08-18 05:19:13,2026-08-18 17:40:37,NG,Walmayo,2026-08-18 14:37:04.911352,14,2026-08-18,14:37:04,Tuesday
panda,9.2624,7.8385,rain,moderate rain,stations,25.58,26.6,25.58,25.58,1011,92,1011,968,10000,1.51,163,2.66,100,2026-08-18 16:36:07,2026-08-18 05:20:31,2026-08-18 17:44:53,NG,Maitama,2026-08-18 16:36:07.833486,16,2026-08-18,16:36:07,Tuesday
gurara,9.322,7.0232,rain,moderate rain,stations,25.17,26.17,25.17,25.17,1011,93,1011,971,7873,1.05,200,1.98,100,2026-08-18 16:36:07,2026-08-18 05:23:44,2026-08-18 17:48:12,NG,Suleja,2026-08-18 16:36:07.888008,16,2026-08-18,16:36:07,Tuesday
bwari,9.2856,7.3787,rain,moderate rain,stations,24.13,25.05,24.13,24.13,1012,94,1012,949,8632,1.23,199,2.16,100,2026-08-18 16:36:07,2026-08-18 05:22:20,2026-08-18 17:46:45,NG,Maitama,2026-08-18 16:36:07.941800,16,2026-08-18,16:36:07,Tuesday
gwagwalada,9.0764,6.9854,rain,light rain,stations,26.66,26.66,26.66,26.66,1011,89,1011,988,10000,1.27,208,1.99,100,2026-08-18 16:36:07,2026-08-18 05:24:07,2026-08-18 17:48:07,NG,Kwali,2026-08-18 16:36:07.995415,16,2026-08-18,16:36:07,Tuesday
makurdi,7.7306,8.5361,clouds,overcast clouds,stations,26.34,26.34,26.34,26.34,1011,87,1011,1000,10000,2.31,211,4.54,99,2026-08-18 16:36:08,2026-08-18 05:19:13,2026-08-18 17:40:37,NG,Walmayo,2026-08-18 16:36:08.053340,16,2026-08-18,16:36:08,Tuesday
panda,9.2624,7.8385,rain,moderate rain,stations,23.48,24.42,23.48,23.48,1013,97,1013,969,10000,2.09,187,5.96,95,2026-08-18 18:43:04,2026-08-18 05:20:31,2026-08-18 17:44:53,NG,Maitama,2026-08-18 18:43:05.006120,18,2026-08-18,18:43:04,Tuesday
gurara,9.322,7.0232,rain,moderate rain,stations,23.36,24.23,23.36,23.36,1013,95,1013,972,10000,1.48,179,3.41,100,2026-08-18 18:43:05,2026-08-18 05:23:44,2026-08-18 17:48:12,NG,Suleja,2026-08-18 18:43:05.159860,18,2026-08-18,18:43:05,Tuesday
bwari,9.2856,7.3787,rain,moderate rain,stations,22.32,23.14,22.32,22.32,1013,97,1013,950,10000,1.8,180,4.18,100,2026-08-18 18:43:05,2026-08-18 05:22:20,2026-08-18 17:46:45,NG,Maitama,2026-08-18 18:43:05.321646,18,2026-08-18,18:43:05,Tuesday
gwagwalada,9.0764,6.9854,rain,moderate rain,stations,24.28,25.24,24.28,24.28,1013,95,1013,989,10000,1.62,188,2.63,100,2026-08-18 18:43:05,2026-08-18 05:24:07,2026-08-18 17:48:07,NG,Kwali,2026-08-18 18:43:05.448734,18,2026-08-18,18:43:05,Tuesday
makurdi,7.7306,8.5361,clouds,broken clouds,stations,24.11,24.98,24.11,24.11,1012,92,1012,1001,10000,2.45,199,6.68,79,2026-08-18 18:43:05,2026-08-18 05:19:13,2026-08-18 17:40:37,NG,Walmayo,2026-08-18 18:43:05.584661,18,2026-08-18,18:43:05,Tuesday
panda,9.2624,7.8385,rain,light rain,stations,23.34,24.26,23.34,23.34,1014,97,1014,970,10000,1.44,214,3.17,94,2026-08-18 20:28:40,2026-08-18 05:20:31,2026-08-18 17:44:53,NG,Maitama,2026-08-18 20:28:40.309306,20,2026-08-18,20:28:40,Tuesday
gurara,9.322,7.0232,rain,moderate rain,stations,22.95,23.81,22.95,22.95,1014,96,1014,973,10000,0.76,151,0.88,100,2026-08-18 20:28:40,2026-08-18 05:23:44,2026-08-18 17:48:12,NG,Suleja,2026-08-18 20:28:40.462743,20,2026-08-18,20:28:40,Tuesday
bwari,9.2856,7.3787,rain,moderate rain,stations,21.95,22.76,21.95,21.95,1014,98,1014,951,10000,1.32,198,2.81,100,2026-08-18 20:28:40,2026-08-18 05:22:20,2026-08-18 17:46:45,NG,Maitama,2026-08-18 20:28:40.619964,20,2026-08-18,20:28:40,Tuesday
gwagwalada,9.0764,6.9854,rain,light rain,stations,24.02,24.98,24.02,24.02,1014,96,1014,990,10000,1.31,188,1.92,100,2026-08-18 20:28:40,2026-08-18 05:24:07,2026-08-18 17:48:07,NG,Kwali,2026-08-18 20:28:40.764593,20,2026-08-18,20:28:40,Tuesday
makurdi,7.7306,8.5361,clouds,broken clouds,stations,23.96,24.81,23.96,23.96,1013,92,1013,1002,10000,2.95,204,8.31,72,2026-08-18 20:28:40,2026-08-18 05:19:13,2026-08-18 17:40:37,NG,Walmayo,2026-08-18 20:28:40.935392,20,2026-08-18,20:28:40,Tuesday
panda,9.2624,7.8385,clouds,overcast clouds,stations,22.95,23.86,22.95,22.95,1015,98,1015,971,10000,1.53,182,2.51,97,2026-08-18 22:27:57,2026-08-18 05:20:31,2026-08-18 17:44:53,NG,Maitama,2026-08-18 22:27:57.601404,22,2026-08-18,22:27:57,Tuesday
gurara,9.322,7.0232,clouds,overcast clouds,stations,22.78,23.67,22.78,22.78,1014,98,1014,973,10000,1.77,191,4.09,100,2026-08-18 22:27:57,2026-08-18 05:23:44,2026-08-18 17:48:12,NG,Suleja,2026-08-18 22:27:57.662346,22,2026-08-18,22:27:57,Tuesday
bwari,9.2856,7.3787,clouds,overcast clouds,stations,21.74,22.55,21.74,21.74,1015,99,1015,952,10000,1.71,202,4.29,100,2026-08-18 22:27:57,2026-08-18 05:22:20,2026-08-18 17:46:45,NG,Maitama,2026-08-18 22:27:57.717253,22,2026-08-18,22:27:57,Tuesday
gwagwalada,9.0764,6.9854,rain,light rain,stations,23.6,24.57,23.6,23.6,1014,98,1014,991,10000,1.64,199,4.63,100,2026-08-18 22:27:57,2026-08-18 05:24:07,2026-08-18 17:48:07,NG,Kwali,2026-08-18 22:27:57.772752,22,2026-08-18,22:27:57,Tuesday
makurdi,7.7306,8.5361,clouds,overcast clouds,stations,23.61,24.43,23.61,23.61,1014,92,1014,1003,10000,2.79,215,8.39,85,2026-08-18 22:27:57,2026-08-18 05:19:13,2026-08-18 17:40:37,NG,Walmayo,2026-08-18 22:27:57.826296,22,2026-08-18,22:27:57,Tuesday
panda,9.2624,7.8385,rain,moderate rain,stations,22.5,23.42,22.5,22.5,1014,100,1014,970,577,0.99,140,2.38,100,2026-08-19 01:28:21,2026-08-19 05:20:32,2026-08-19 17:44:26,NG,Maitama,2026-08-19 01:28:21.507008,1,2026-08-19,01:28:21,Wednesday
gurara,9.322,7.0232,rain,light rain,stations,22.29,23.16,22.29,22.29,1014,99,1014,973,7990,0.78,215,1.21,100,2026-08-19 01:28:21,2026-08-19 05:23:44,2026-08-19 17:47:45,NG,Suleja,2026-08-19 01:28:21.572131,1,2026-08-19,01:28:21,Wednesday
bwari,9.2856,7.3787,rain,light rain,stations,21.38,22.16,21.38,21.38,1014,99,1014,951,1065,0.85,213,2.4,100,2026-08-19 01:28:21,2026-08-19 05:22:21,2026-08-19 17:46:18,NG,Maitama,2026-08-19 01:28:21.644329,1,2026-08-19,01:28:21,Wednesday
gwagwalada,9.0764,6.9854,rain,light rain,stations,23.13,24.06,23.13,23.13,1013,98,1013,990,8429,0.3,197,0.43,100,2026-08-19 01:28:21,2026-08-19 05:24:07,2026-08-19 17:47:41,NG,Kwali,2026-08-19 01:28:21.709837,1,2026-08-19,01:28:21,Wednesday
makurdi,7.7306,8.5361,clouds,overcast clouds,stations,22.98,23.81,22.98,22.98,1014,95,1014,1003,10000,2.72,208,9.01,99,2026-08-19 01:28:21,2026-08-19 05:19:11,2026-08-19 17:40:13,NG,Walmayo,2026-08-19 01:28:21.780647,1,2026-08-19,01:28:21,Wednesday
panda,9.2624,7.8385,rain,light rain,stations,22.56,23.46,22.56,22.56,1014,99,1014,970,364,1.43,156,4.05,100,2026-08-19 03:00:59,2026-08-19 05:20:32,2026-08-19 17:44:26,NG,Maitama,2026-08-19 03:00:59.614119,3,2026-08-19,03:00:59,Wednesday
gurara,9.322,7.0232,rain,light rain,stations,22.16,23.02,22.16,22.16,1013,99,1013,972,10000,1.14,163,2.08,100,2026-08-19 03:00:59,2026-08-19 05:23:44,2026-08-19 17:47:45,NG,Suleja,2026-08-19 03:00:59.775011,3,2026-08-19,03:00:59,Wednesday
bwari,9.2856,7.3787,rain,light rain,stations,21.39,22.17,21.39,21.39,1014,99,1014,951,1347,1.17,178,2.98,100,2026-08-19 03:00:59,2026-08-19 05:22:21,2026-08-19 17:46:18,NG,Maitama,2026-08-19 03:00:59.900053,3,2026-08-19,03:00:59,Wednesday
gwagwalada,9.0764,6.9854,clouds,overcast clouds,stations,22.89,23.79,22.89,22.89,1013,98,1013,990,10000,1.17,156,1.67,100,2026-08-19 03:01:00,2026-08-19 05:24:07,2026-08-19 17:47:41,NG,Kwali,2026-08-19 03:01:00.059607,3,2026-08-19,03:01:00,Wednesday
makurdi,7.7306,8.5361,clouds,overcast clouds,stations,22.76,23.57,22.76,22.76,1014,95,1014,1003,10000,2.37,218,8.41,94,2026-08-19 03:01:00,2026-08-19 05:19:11,2026-08-19 17:40:13,NG,Walmayo,2026-08-19 03:01:00.168773,3,2026-08-19,03:01:00,Wednesday
panda,9.2624,7.8385,rain,light rain,stations,22.38,23.26,22.38,22.38,1015,99,1015,971,4007,1.53,184,4.21,100,2026-08-19 04:40:37,2026-08-19 05:20:32,2026-08-19 17:44:26,NG,Maitama,2026-08-19 04:40:37.107989,4,2026-08-19,04:40:37,Wednesday
gurara,9.322,7.0232,rain,light rain,stations,21.93,22.76,21.93,21.93,1015,99,1015,973,10000,1.5,170,4.23,100,2026-08-19 04:40:37,2026-08-19 05:23:44,2026-08-19 17:47:45,NG,Suleja,2026-08-19 04:40:37.173485,4,2026-08-19,04:40:37,Wednesday
bwari,9.2856,7.3787,rain,light rain,stations,21.1,21.85,21.1,21.1,1015,99,1015,952,10000,1.43,164,3.11,99,2026-08-19 04:40:37,2026-08-19 05:22:21,2026-08-19 17:46:18,NG,Maitama,2026-08-19 04:40:37.265129,4,2026-08-19,04:40:37,Wednesday
gwagwalada,9.0764,6.9854,rain,light rain,stations,22.47,23.36,22.47,22.47,1014,99,1014,991,10000,1.59,169,4.32,95,2026-08-19 04:40:37,2026-08-19 05:24:07,2026-08-19 17:47:41,NG,Kwali,2026-08-19 04:40:37.327502,4,2026-08-19,04:40:37,Wednesday
makurdi,7.7306,8.5361,clouds,overcast clouds,stations,22.25,23.06,22.25,22.25,1015,97,1015,1003,10000,2.45,213,8.29,95,2026-08-19 04:40:37,2026-08-19 05:19:11,2026-08-19 17:40:13,NG,Walmayo,2026-08-19 04:40:37.377004,4,2026-08-19,04:40:37,Wednesday
panda,9.2624,7.8385,rain,light rain,stations,22.92,23.77,22.92,22.92,1016,96,1016,972,10000,1.92,164,3.57,100,2026-08-19 06:51:16,2026-08-19 05:20:32,2026-08-19 17:44:26,NG,Maitama,2026-08-19 06:51:16.786543,6,2026-08-19,06:51:16,Wednesday
gurara,9.322,7.0232,clouds,overcast clouds,stations,22.62,23.47,22.62,22.62,1016,97,1016,975,9387,2.11,165,5.04,100,2026-08-19 06:51:16,2026-08-19 05:23:44,2026-08-19 17:47:45,NG,Suleja,2026-08-19 06:51:16.919450,6,2026-08-19,06:51:16,Wednesday
bwari,9.2856,7.3787,clouds,overcast clouds,stations,21.92,22.67,21.92,21.92,1016,96,1016,953,10000,1.79,155,3.41,100,2026-08-19 06:51:17,2026-08-19 05:22:21,2026-08-19 17:46:18,NG,Maitama,2026-08-19 06:51:17.057031,6,2026-08-19,06:51:17,Wednesday
gwagwalada,9.0764,6.9854,clouds,overcast clouds,stations,23.44,24.35,23.44,23.44,1016,96,1016,992,10000,1.74,162,4.54,100,2026-08-19 06:51:17,2026-08-19 05:24:07,2026-08-19 17:47:41,NG,Kwali,2026-08-19 06:51:17.190498,6,2026-08-19,06:51:17,Wednesday
makurdi,7.7306,8.5361,clouds,overcast clouds,stations,24.1,24.89,24.1,24.1,1016,89,1016,1005,10000,2.63,231,5.35,100,2026-08-19 06:51:17,2026-08-19 05:19:11,2026-08-19 17:40:13,NG,Walmayo,2026-08-19 06:51:17.326564,6,2026-08-19,06:51:17,Wednesday
panda,9.2624,7.8385,clouds,overcast clouds,stations,24.28,25.11,24.28,24.28,1017,90,1017,973,10000,2.31,166,3.55,100,2026-08-19 08:42:00,2026-08-19 05:20:32,2026-08-19 17:44:26,NG,Maitama,2026-08-19 08:42:00.242553,8,2026-08-19,08:42:00,Wednesday
gurara,9.322,7.0232,rain,light rain,stations,23.19,24.02,23.19,23.19,1017,94,1017,976,10000,2.44,176,4.46,100,2026-08-19 08:42:00,2026-08-19 05:23:44,2026-08-19 17:47:45,NG,Suleja,2026-08-19 08:42:00.303879,8,2026-08-19,08:42:00,Wednesday
bwari,9.2856,7.3787,rain,light rain,stations,23.39,24.16,23.39,23.39,1017,91,1017,954,10000,2.19,174,3.46,100,2026-08-19 08:42:00,2026-08-19 05:22:21,2026-08-19 17:46:18,NG,Maitama,2026-08-19 08:42:00.357217,8,2026-08-19,08:42:00,Wednesday
gwagwalada,9.0764,6.9854,rain,light rain,stations,23.8,24.69,23.8,23.8,1016,94,1016,993,10000,1.65,177,3.77,100,2026-08-19 08:42:00,2026-08-19 05:24:07,2026-08-19 17:47:41,NG,Kwali,2026-08-19 08:42:00.447233,8,2026-08-19,08:42:00,Wednesday
makurdi,7.7306,8.5361,clouds,overcast clouds,stations,27.18,29.84,27.18,27.18,1016,77,1016,1005,10000,2.84,225,4.14,98,2026-08-19 08:42:00,2026-08-19 05:19:11,2026-08-19 17:40:13,NG,Walmayo,2026-08-19 08:42:00.502119,8,2026-08-19,08:42:00,Wednesday
panda,9.2624,7.8385,clouds,overcast clouds,stations,26.3,26.3,26.3,26.3,1016,79,1016,972,10000,2.28,160,2.81,100,2026-08-19 10:32:29,2026-08-19 05:20:32,2026-08-19 17:44:26,NG,Maitama,2026-08-19 10:32:29.048451,10,2026-08-19,10:32:29,Wednesday
gurara,9.322,7.0232,clouds,overcast clouds,stations,24.1,24.89,24.1,24.1,1015,89,1015,975,10000,2.38,170,3.91,99,2026-08-19 10:32:29,2026-08-19 05:23:44,2026-08-19 17:47:45,NG,Suleja,2026-08-19 10:32:29.144746,10,2026-08-19,10:32:29,Wednesday
bwari,9.2856,7.3787,rain,light rain,stations,25.0,25.75,25.0,25.0,1016,84,1016,953,10000,2.43,184,3.17,100,2026-08-19 10:32:29,2026-08-19 05:22:21,2026-08-19 17:46:18,NG,Maitama,2026-08-19 10:32:29.247323,10,2026-08-19,10:32:29,Wednesday
gwagwalada,9.0764,6.9854,clouds,overcast clouds,stations,25.03,25.89,25.03,25.03,1015,88,1015,992,10000,1.32,131,2.44,100,2026-08-19 10:32:29,2026-08-19 05:24:07,2026-08-19 17:47:41,NG,Kwali,2026-08-19 10:32:29.341955,10,2026-08-19,10:32:29,Wednesday
makurdi,7.7306,8.5361,clouds,overcast clouds,stations,28.86,32.42,28.86,28.86,1015,70,1015,1004,10000,2.45,235,3.23,98,2026-08-19 10:32:29,2026-08-19 05:19:11,2026-08-19 17:40:13,NG,Walmayo,2026-08-19 10:32:29.431348,10,2026-08-19,10:32:29,Wednesday
panda,9.2624,7.8385,clouds,overcast clouds,stations,28.1,31.28,28.1,28.1,1013,73,1013,970,10000,2.18,159,2.84,100,2026-08-19 12:54:44,2026-08-19 05:20:32,2026-08-19 17:44:26,NG,Maitama,2026-08-19 12:54:44.508551,12,2026-08-19,12:54:44,Wednesday
gurara,9.322,7.0232,clouds,overcast clouds,stations,28.22,31.54,28.22,28.22,1013,73,1013,972,10000,2.43,176,3.09,90,2026-08-19 12:54:44,2026-08-19 05:23:44,2026-08-19 17:47:45,NG,Suleja,2026-08-19 12:54:44.600794,12,2026-08-19,12:54:44,Wednesday
bwari,9.2856,7.3787,clouds,broken clouds,stations,27.63,30.2,27.63,27.63,1013,72,1013,951,10000,2.6,170,3.22,73,2026-08-19 12:54:44,2026-08-19 05:22:21,2026-08-19 17:46:18,NG,Maitama,2026-08-19 12:54:44.697005,12,2026-08-19,12:54:44,Wednesday
gwagwalada,9.0764,6.9854,clouds,overcast clouds,stations,29.2,33.37,29.2,29.2,1013,71,1013,990,10000,1.74,177,2.5,95,2026-08-19 12:54:44,2026-08-19 05:24:07,2026-08-19 17:47:41,NG,Kwali,2026-08-19 12:54:44.798058,12,2026-08-19,12:54:44,Wednesday
makurdi,7.7306,8.5361,clouds,overcast clouds,stations,29.69,34.07,29.69,29.69,1012,69,1012,1001,10000,2.25,216,3.11,100,2026-08-19 12:54:44,2026-08-19 05:19:11,2026-08-19 17:40:13,NG,Walmayo,2026-08-19 12:54:44.890701,12,2026-08-19,12:54:44,Wednesday
panda,9.2624,7.8385,clouds,overcast clouds,stations,27.96,31.13,27.96,27.96,1012,74,1012,969,10000,2.38,169,2.79,100,2026-08-19 14:37:44,2026-08-19 05:20:32,2026-08-19 17:44:26,NG,Maitama,2026-08-19 14:37:44.445320,14,2026-08-19,14:37:44,Wednesday
gurara,9.322,7.0232,rain,light rain,stations,27.89,31.11,27.89,27.89,1011,75,1011,971,10000,2.39,186,3.25,94,2026-08-19 14:37:44,2026-08-19 05:23:44,2026-08-19 17:47:45,NG,Suleja,2026-08-19 14:37:44.498964,14,2026-08-19,14:37:44,Wednesday
bwari,9.2856,7.3787,rain,light rain,stations,26.16,26.16,26.16,26.16,1012,83,1012,950,10000,2.27,186,3.35,91,2026-08-19 14:37:44,2026-08-19 05:22:21,2026-08-19 17:46:18,NG,Maitama,2026-08-19 14:37:44.549697,14,2026-08-19,14:37:44,Wednesday
gwagwalada,9.0764,6.9854,rain,light rain,stations,28.69,33.31,28.69,28.69,1011,77,1011,988,10000,2.52,189,3.24,97,2026-08-19 14:37:44,2026-08-19 05:24:07,2026-08-19 17:47:41,NG,Kwali,2026-08-19 14:37:44.611321,14,2026-08-19,14:37:44,Wednesday
makurdi,7.7306,8.5361,clouds,overcast clouds,stations,29.83,34.4,29.83,29.83,1011,69,1011,1000,10000,2.82,227,3.56,100,2026-08-19 14:37:44,2026-08-19 05:19:11,2026-08-19 17:40:13,NG,Walmayo,2026-08-19 14:37:44.655101,14,2026-08-19,14:37:44,Wednesday
panda,9.2624,7.8385,rain,light rain,stations,25.58,26.54,25.58,25.58,1013,90,1013,969,10000,1.87,168,3.94,100,2026-08-19 16:35:42,2026-08-19 05:20:32,2026-08-19 17:44:26,NG,Maitama,2026-08-19 16:35:42.754391,16,2026-08-19,16:35:42,Wednesday
gurara,9.322,7.0232,rain,light rain,stations,25.29,26.25,25.29,25.29,1012,91,1012,971,10000,2.29,176,4.71,96,2026-08-19 16:35:42,2026-08-19 05:23:44,2026-08-19 17:47:45,NG,Suleja,2026-08-19 16:35:42.910798,16,2026-08-19,16:35:42,Wednesday
bwari,9.2856,7.3787,rain,light rain,stations,24.35,25.27,24.35,24.35,1013,93,1013,950,10000,1.85,183,3.89,95,2026-08-19 16:35:43,2026-08-19 05:22:21,2026-08-19 17:46:18,NG,Maitama,2026-08-19 16:35:43.068649,16,2026-08-19,16:35:43,Wednesday
gwagwalada,9.0764,6.9854,rain,moderate rain,stations,25.91,26.93,25.91,25.91,1012,91,1012,989,10000,2.12,179,4.6,97,2026-08-19 16:35:43,2026-08-19 05:24:07,2026-08-19 17:47:41,NG,Kwali,2026-08-19 16:35:43.225221,16,2026-08-19,16:35:43,Wednesday
makurdi,7.7306,8.5361,rain,light rain,stations,26.85,30.12,26.85,26.85,1012,88,1012,1001,10000,2.12,229,4.56,100,2026-08-19 16:35:43,2026-08-19 05:19:11,2026-08-19 17:40:13,NG,Walmayo,2026-08-19 16:35:43.377322,16,2026-08-19,16:35:43,Wednesday
panda,9.2624,7.8385,clouds,overcast clouds,stations,23.68,24.56,23.68,23.68,1015,94,1015,971,10000,0.87,224,0.99,100,2026-08-19 18:40:22,2026-08-19 05:20:32,2026-08-19 17:44:26,NG,Maitama,2026-08-19 18:40:22.955041,18,2026-08-19,18:40:22,Wednesday
gurara,9.322,7.0232,clouds,overcast clouds,stations,23.26,24.12,23.26,23.26,1015,95,1015,974,10000,1.33,178,1.73,100,2026-08-19 18:40:23,2026-08-19 05:23:44,2026-08-19 17:47:45,NG,Suleja,2026-08-19 18:40:23.051198,18,2026-08-19,18:40:23,Wednesday
bwari,9.2856,7.3787,clouds,overcast clouds,stations,22.22,23.03,22.22,22.22,1015,97,1015,952,10000,1.46,214,2.21,100,2026-08-19 18:40:23,2026-08-19 05:22:21,2026-08-19 17:46:18,NG,Maitama,2026-08-19 18:40:23.187611,18,2026-08-19,18:40:23,Wednesday
gwagwalada,9.0764,6.9854,rain,light rain,stations,24.15,25.08,24.15,24.15,1014,94,1014,991,10000,1.04,166,1.03,100,2026-08-19 18:40:23,2026-08-19 05:24:07,2026-08-19 17:47:41,NG,Kwali,2026-08-19 18:40:23.286973,18,2026-08-19,18:40:23,Wednesday
makurdi,7.7306,8.5361,clouds,overcast clouds,stations,24.88,25.85,24.88,24.88,1014,93,1014,1003,10000,1.69,251,1.86,100,2026-08-19 18:40:23,2026-08-19 05:19:11,2026-08-19 17:40:13,NG,Walmayo,2026-08-19 18:40:23.387453,18,2026-08-19,18:40:23,Wednesday
panda,9.2624,7.8385,clouds,overcast clouds,stations,23.01,23.9,23.01,23.01,1016,97,1016,972,10000,0.82,223,0.9,97,2026-08-19 20:32:51,2026-08-19 05:20:32,2026-08-19 17:44:26,NG,Maitama,2026-08-19 20:32:51.074052,20,2026-08-19,20:32:51,Wednesday
gurara,9.322,7.0232,clouds,overcast clouds,stations,22.83,23.68,22.83,22.83,1016,96,1016,975,10000,1.27,181,1.69,100,2026-08-19 20:32:51,2026-08-19 05:23:44,2026-08-19 17:47:45,NG,Suleja,2026-08-19 20:32:51.236774,20,2026-08-19,20:32:51,Wednesday
bwari,9.2856,7.3787,clouds,overcast clouds,stations,21.74,22.53,21.74,21.74,1016,98,1016,953,10000,1.18,194,1.5,100,2026-08-19 20:32:51,2026-08-19 05:22:21,2026-08-19 17:46:18,NG,Maitama,2026-08-19 20:32:51.421576,20,2026-08-19,20:32:51,Wednesday
gwagwalada,9.0764,6.9854,clouds,overcast clouds,stations,23.82,24.74,23.82,23.82,1015,95,1015,992,10000,1.09,188,1.12,100,2026-08-19 20:32:51,2026-08-19 05:24:07,2026-08-19 17:47:41,NG,Kwali,2026-08-19 20:32:51.585326,20,2026-08-19,20:32:51,Wednesday
makurdi,7.7306,8.5361,clouds,overcast clouds,stations,24.41,25.36,24.41,24.41,1015,94,1015,1004,10000,1.62,240,1.99,100,2026-08-19 20:32:51,2026-08-19 05:19:11,2026-08-19 17:40:13,NG,Walmayo,2026-08-19 20:32:51.776423,20,2026-08-19,20:32:51,Wednesday
panda,9.2624,7.8385,clouds,overcast clouds,stations,22.8,23.67,22.8,22.8,1016,97,1016,973,10000,0.69,245,0.77,86,2026-08-19 22:28:28,2026-08-19 05:20:32,2026-08-19 17:44:26,NG,Maitama,2026-08-19 22:28:28.451919,22,2026-08-19,22:28:28,Wednesday
gurara,9.322,7.0232,clouds,overcast clouds,stations,22.6,23.45,22.6,22.6,1016,97,1016,975,10000,1.21,160,1.68,95,2026-08-19 22:28:28,2026-08-19 05:23:44,2026-08-19 17:47:45,NG,Suleja,2026-08-19 22:28:28.607805,22,2026-08-19,22:28:28,Wednesday
bwari,9.2856,7.3787,clouds,overcast clouds,stations,21.53,22.3,21.53,21.53,1017,98,1017,953,10000,1.08,189,1.49,93,2026-08-19 22:28:28,2026-08-19 05:22:21,2026-08-19 17:46:18,NG,Maitama,2026-08-19 22:28:28.743576,22,2026-08-19,22:28:28,Wednesday
gwagwalada,9.0764,6.9854,clouds,overcast clouds,stations,23.62,24.54,23.62,23.62,1016,96,1016,992,10000,0.65,159,0.69,99,2026-08-19 22:28:28,2026-08-19 05:24:07,2026-08-19 17:47:41,NG,Kwali,2026-08-19 22:28:28.870860,22,2026-08-19,22:28:28,Wednesday
makurdi,7.7306,8.5361,rain,moderate rain,stations,23.73,24.67,23.73,23.73,1015,96,1015,1004,10000,1.35,228,1.62,97,2026-08-19 22:28:28,2026-08-19 05:19:11,2026-08-19 17:40:13,NG,Walmayo,2026-08-19 22:28:29.043209,22,2026-08-19,22:28:28,Wednesday
panda,9.2624,7.8385,clouds,overcast clouds,stations,22.24,23.05,22.24,22.24,1016,97,1016,972,10000,0.87,250,0.97,99,2026-08-20 01:26:34,2026-08-20 05:20:32,2026-08-20 17:43:59,NG,Maitama,2026-08-20 01:26:34.911630,1,2026-08-20,01:26:34,Thursday
gurara,9.322,7.0232,clouds,overcast clouds,stations,22.22,23.06,22.22,22.22,1015,98,1015,974,10000,1.32,186,1.81,93,2026-08-20 01:26:34,2026-08-20 05:23:45,2026-08-20 17:47:18,NG,Suleja,2026-08-20 01:26:34.958138,1,2026-08-20,01:26:34,Thursday
bwari,9.2856,7.3787,clouds,overcast clouds,stations,21.19,21.92,21.19,21.19,1016,98,1016,952,10000,1.38,206,2.22,92,2026-08-20 01:26:35,2026-08-20 05:22:22,2026-08-20 17:45:51,NG,Maitama,2026-08-20 01:26:34.999852,1,2026-08-20,01:26:35,Thursday
gwagwalada,9.0764,6.9854,clouds,overcast clouds,stations,23.06,23.95,23.06,23.06,1015,97,1015,992,10000,1.1,187,1.1,93,2026-08-20 01:26:35,2026-08-20 05:24:07,2026-08-20 17:47:14,NG,Kwali,2026-08-20 01:26:35.048105,1,2026-08-20,01:26:35,Thursday
makurdi,7.7306,8.5361,clouds,overcast clouds,stations,23.11,24.01,23.11,23.11,1015,97,1015,1003,10000,2.0,232,5.2,100,2026-08-20 01:26:35,2026-08-20 05:19:09,2026-08-20 17:39:48,NG,Walmayo,2026-08-20 01:26:35.086974,1,2026-08-20,01:26:35,Thursday
panda,9.2624,7.8385,clouds,broken clouds,stations,21.92,22.73,21.92,21.92,1015,98,1015,971,10000,0.91,255,0.97,65,2026-08-20 03:00:38,2026-08-20 05:20:32,2026-08-20 17:43:59,NG,Maitama,2026-08-20 03:00:38.506742,3,2026-08-20,03:00:38,Thursday
gurara,9.322,7.0232,clouds,overcast clouds,stations,21.89,22.72,21.89,21.89,1015,99,1015,974,10000,1.01,187,1.53,90,2026-08-20 03:00:38,2026-08-20 05:23:45,2026-08-20 17:47:18,NG,Suleja,2026-08-20 03:00:38.669504,3,2026-08-20,03:00:38,Thursday
bwari,9.2856,7.3787,clouds,overcast clouds,stations,20.88,21.61,20.88,20.88,1015,99,1015,952,10000,1.23,220,2.04,86,2026-08-20 03:00:38,2026-08-20 05:22:22,2026-08-20 17:45:51,NG,Maitama,2026-08-20 03:00:38.827938,3,2026-08-20,03:00:38,Thursday
gwagwalada,9.0764,6.9854,clouds,overcast clouds,stations,22.73,23.62,22.73,22.73,1015,98,1015,991,10000,0.96,189,1.07,97,2026-08-20 03:00:38,2026-08-20 05:24:07,2026-08-20 17:47:14,NG,Kwali,2026-08-20 03:00:38.987409,3,2026-08-20,03:00:38,Thursday
makurdi,7.7306,8.5361,clouds,overcast clouds,stations,22.84,23.71,22.84,22.84,1015,97,1015,1003,10000,1.78,229,4.4,98,2026-08-20 03:00:39,2026-08-20 05:19:09,2026-08-20 17:39:48,NG,Walmayo,2026-08-20 03:00:39.150550,3,2026-08-20,03:00:39,Thursday
panda,9.2624,7.8385,clouds,broken clouds,stations,21.68,22.46,21.68,21.68,1016,98,1016,972,10000,0.83,200,1.23,51,2026-08-20 04:41:23,2026-08-20 05:20:32,2026-08-20 17:43:59,NG,Maitama,2026-08-20 04:41:23.410957,4,2026-08-20,04:41:23,Thursday
gurara,9.322,7.0232,clouds,broken clouds,stations,21.95,22.79,21.95,21.95,1015,99,1015,974,9388,1.4,204,3.57,79,2026-08-20 04:41:23,2026-08-20 05:23:45,2026-08-20 17:47:18,NG,Suleja,2026-08-20 04:41:23.463821,4,2026-08-20,04:41:23,Thursday
bwari,9.2856,7.3787,clouds,broken clouds,stations,21.08,21.85,21.08,21.08,1015,100,1015,952,575,1.78,216,5.25,77,2026-08-20 04:41:23,2026-08-20 05:22:22,2026-08-20 17:45:51,NG,Maitama,2026-08-20 04:41:23.521841,4,2026-08-20,04:41:23,Thursday
gwagwalada,9.0764,6.9854,clouds,overcast clouds,stations,22.82,23.72,22.82,22.82,1015,98,1015,992,10000,1.23,201,1.84,88,2026-08-20 04:41:23,2026-08-20 05:24:07,2026-08-20 17:47:14,NG,Kwali,2026-08-20 04:41:23.579010,4,2026-08-20,04:41:23,Thursday
makurdi,7.7306,8.5361,clouds,overcast clouds,stations,22.63,23.51,22.63,22.63,1015,98,1015,1003,10000,1.89,225,5.39,98,2026-08-20 04:41:23,2026-08-20 05:19:09,2026-08-20 17:39:48,NG,Walmayo,2026-08-20 04:41:23.630346,4,2026-08-20,04:41:23,Thursday
panda,9.2624,7.8385,clouds,broken clouds,stations,23.6,24.44,23.6,23.6,1017,93,1017,973,10000,0.3,276,1.08,67,2026-08-20 06:52:43,2026-08-20 05:20:32,2026-08-20 17:43:59,NG,Maitama,2026-08-20 06:52:43.376626,6,2026-08-20,06:52:43,Thursday
gurara,9.322,7.0232,rain,light rain,stations,23.37,24.24,23.37,23.37,1017,95,1017,976,10000,1.3,233,2.57,86,2026-08-20 06:52:43,2026-08-20 05:23:45,2026-08-20 17:47:18,NG,Suleja,2026-08-20 06:52:43.462451,6,2026-08-20,06:52:43,Thursday
bwari,9.2856,7.3787,rain,light rain,stations,22.24,23.03,22.24,22.24,1017,96,1017,954,10000,1.18,240,2.43,87,2026-08-20 06:52:43,2026-08-20 05:22:22,2026-08-20 17:45:51,NG,Maitama,2026-08-20 06:52:43.534989,6,2026-08-20,06:52:43,Thursday
gwagwalada,9.0764,6.9854,clouds,overcast clouds,stations,24.04,24.95,24.04,24.04,1016,94,1016,993,10000,1.04,240,2.07,92,2026-08-20 06:52:43,2026-08-20 05:24:07,2026-08-20 17:47:14,NG,Kwali,2026-08-20 06:52:43.615088,6,2026-08-20,06:52:43,Thursday
makurdi,7.7306,8.5361,clouds,overcast clouds,stations,24.23,25.14,24.23,24.23,1016,93,1016,1005,10000,1.85,239,3.62,100,2026-08-20 06:52:43,2026-08-20 05:19:09,2026-08-20 17:39:48,NG,Walmayo,2026-08-20 06:52:43.682093,6,2026-08-20,06:52:43,Thursday
panda,9.2624,7.8385,rain,light rain,stations,27.07,29.8,27.07,27.07,1017,79,1017,974,10000,0.91,230,1.44,65,2026-08-20 08:43:08,2026-08-20 05:20:32,2026-08-20 17:43:59,NG,Maitama,2026-08-20 08:43:08.449963,8,2026-08-20,08:43:08,Thursday
gurara,9.322,7.0232,clouds,broken clouds,stations,25.95,25.95,25.95,25.95,1017,82,1017,976,10000,1.81,242,2.25,81,2026-08-20 08:43:08,2026-08-20 05:23:45,2026-08-20 17:47:18,NG,Suleja,2026-08-20 08:43:08.501090,8,2026-08-20,08:43:08,Thursday
bwari,9.2856,7.3787,rain,light rain,stations,24.97,25.72,24.97,24.97,1017,84,1017,955,10000,1.91,246,2.29,83,2026-08-20 08:43:08,2026-08-20 05:22:22,2026-08-20 17:45:51,NG,Maitama,2026-08-20 08:43:08.551564,8,2026-08-20,08:43:08,Thursday
gwagwalada,9.0764,6.9854,clouds,broken clouds,stations,26.99,29.72,26.99,26.99,1017,80,1017,994,10000,1.46,251,1.92,70,2026-08-20 08:43:08,2026-08-20 05:24:07,2026-08-20 17:47:14,NG,Kwali,2026-08-20 08:43:08.603205,8,2026-08-20,08:43:08,Thursday
makurdi,7.7306,8.5361,clouds,overcast clouds,stations,27.24,30.28,27.24,27.24,1017,80,1017,1006,10000,1.85,254,2.51,99,2026-08-20 08:43:08,2026-08-20 05:19:09,2026-08-20 17:39:48,NG,Walmayo,2026-08-20 08:43:08.655368,8,2026-08-20,08:43:08,Thursday
panda,9.2624,7.8385,clouds,broken clouds,stations,29.36,33.33,29.36,29.36,1016,69,1016,973,10000,1.2,234,1.35,69,2026-08-20 10:35:04,2026-08-20 05:20:32,2026-08-20 17:43:59,NG,Maitama,2026-08-20 10:35:04.443164,10,2026-08-20,10:35:04,Thursday
gurara,9.322,7.0232,rain,light rain,stations,28.48,31.62,28.48,28.48,1016,70,1016,975,10000,1.93,249,1.74,69,2026-08-20 10:35:04,2026-08-20 05:23:45,2026-08-20 17:47:18,NG,Suleja,2026-08-20 10:35:04.607172,10,2026-08-20,10:35:04,Thursday
bwari,9.2856,7.3787,rain,light rain,stations,27.21,29.5,27.21,27.21,1016,73,1016,954,10000,1.89,258,1.59,78,2026-08-20 10:35:04,2026-08-20 05:22:22,2026-08-20 17:45:51,NG,Maitama,2026-08-20 10:35:04.764593,10,2026-08-20,10:35:04,Thursday
gwagwalada,9.0764,6.9854,clouds,broken clouds,stations,29.4,33.21,29.4,29.4,1016,68,1016,993,10000,1.8,260,1.81,61,2026-08-20 10:35:04,2026-08-20 05:24:07,2026-08-20 17:47:14,NG,Kwali,2026-08-20 10:35:04.932763,10,2026-08-20,10:35:04,Thursday
makurdi,7.7306,8.5361,clouds,overcast clouds,stations,29.8,34.1,29.8,29.8,1015,68,1015,1004,10000,1.97,269,2.32,92,2026-08-20 10:35:05,2026-08-20 05:19:09,2026-08-20 17:39:48,NG,Walmayo,2026-08-20 10:35:05.093717,10,2026-08-20,10:35:05,Thursday
panda,9.2624,7.8385,rain,light rain,stations,30.0,34.33,30.0,30.0,1013,67,1013,970,10000,1.06,256,1.08,80,2026-08-20 12:56:39,2026-08-20 05:20:32,2026-08-20 17:43:59,NG,Maitama,2026-08-20 12:56:39.194490,12,2026-08-20,12:56:39,Thursday
gurara,9.322,7.0232,rain,light rain,stations,29.43,33.28,29.43,29.43,1013,68,1013,973,10000,2.05,254,1.93,70,2026-08-20 12:56:39,2026-08-20 05:23:45,2026-08-20 17:47:18,NG,Suleja,2026-08-20 12:56:39.291158,12,2026-08-20,12:56:39,Thursday
bwari,9.2856,7.3787,rain,light rain,stations,27.3,30.09,27.3,27.3,1014,77,1014,952,10000,1.83,266,1.75,84,2026-08-20 12:56:39,2026-08-20 05:22:22,2026-08-20 17:45:51,NG,Maitama,2026-08-20 12:56:39.387218,12,2026-08-20,12:56:39,Thursday
gwagwalada,9.0764,6.9854,clouds,broken clouds,stations,30.72,35.24,30.72,30.72,1013,64,1013,990,10000,1.94,260,1.84,52,2026-08-20 12:56:39,2026-08-20 05:24:07,2026-08-20 17:47:14,NG,Kwali,2026-08-20 12:56:39.483316,12,2026-08-20,12:56:39,Thursday
makurdi,7.7306,8.5361,clouds,overcast clouds,stations,31.05,35.73,31.05,31.05,1012,63,1012,1001,10000,2.06,279,2.27,92,2026-08-20 12:56:39,2026-08-20 05:19:09,2026-08-20 17:39:48,NG,Walmayo,2026-08-20 12:56:39.581005,12,2026-08-20,12:56:39,Thursday
panda,9.2624,7.8385,rain,moderate rain,stations,28.03,32.17,28.03,28.03,1012,80,1012,969,10000,0.82,344,1.57,78,2026-08-20 14:39:43,2026-08-20 05:20:32,2026-08-20 17:43:59,NG,Maitama,2026-08-20 14:39:43.366898,14,2026-08-20,14:39:43,Thursday
gurara,9.322,7.0232,rain,light rain,stations,27.82,31.94,27.82,27.82,1012,82,1012,972,10000,1.28,284,2.3,85,2026-08-20 14:39:43,2026-08-20 05:23:45,2026-08-20 17:47:18,NG,Suleja,2026-08-20 14:39:43.515006,14,2026-08-20,14:39:43,Thursday
bwari,9.2856,7.3787,rain,light rain,stations,26.92,29.65,26.92,26.92,1013,81,1013,951,10000,1.85,304,2.31,71,2026-08-20 14:39:43,2026-08-20 05:22:22,2026-08-20 17:45:51,NG,Maitama,2026-08-20 14:39:43.661391,14,2026-08-20,14:39:43,Thursday
gwagwalada,9.0764,6.9854,rain,light rain,stations,29.76,34.92,29.76,29.76,1012,72,1012,989,10000,1.93,283,2.58,61,2026-08-20 14:39:43,2026-08-20 05:24:07,2026-08-20 17:47:14,NG,Kwali,2026-08-20 14:39:43.798525,14,2026-08-20,14:39:43,Thursday
makurdi,7.7306,8.5361,rain,light rain,stations,28.92,34.31,28.92,28.92,1011,79,1011,1000,10000,0.73,322,0.9,97,2026-08-20 14:39:43,2026-08-20 05:19:09,2026-08-20 17:39:48,NG,Walmayo,2026-08-20 14:39:43.932788,14,2026-08-20,14:39:43,Thursday
panda,9.2624,7.8385,rain,light rain,stations,25.28,26.24,25.28,25.28,1012,91,1012,969,10000,0.61,305,0.91,87,2026-08-20 16:39:02,2026-08-20 05:20:32,2026-08-20 17:43:59,NG,Maitama,2026-08-20 16:39:02.389694,16,2026-08-20,16:39:02,Thursday
gurara,9.322,7.0232,rain,moderate rain,stations,26.12,26.12,26.12,26.12,1012,87,1012,971,10000,0.7,248,0.81,89,2026-08-20 16:39:02,2026-08-20 05:23:45,2026-08-20 17:47:18,NG,Suleja,2026-08-20 16:39:02.434784,16,2026-08-20,16:39:02,Thursday
bwari,9.2856,7.3787,rain,moderate rain,stations,24.1,24.92,24.1,24.1,1013,90,1013,950,10000,0.4,317,0.6,82,2026-08-20 16:39:02,2026-08-20 05:22:22,2026-08-20 17:45:51,NG,Maitama,2026-08-20 16:39:02.492977,16,2026-08-20,16:39:02,Thursday
gwagwalada,9.0764,6.9854,rain,light rain,stations,27.07,30.4,27.07,27.07,1012,85,1012,989,10000,0.95,276,1.1,76,2026-08-20 16:39:02,2026-08-20 05:24:07,2026-08-20 17:47:14,NG,Kwali,2026-08-20 16:39:02.548114,16,2026-08-20,16:39:02,Thursday
makurdi,7.7306,8.5361,rain,light rain,stations,27.67,31.7,27.67,27.67,1011,83,1011,1000,10000,0.83,276,0.91,98,2026-08-20 16:39:02,2026-08-20 05:19:09,2026-08-20 17:39:48,NG,Walmayo,2026-08-20 16:39:02.655347,16,2026-08-20,16:39:02,Thursday
panda,9.2624,7.8385,rain,light rain,stations,23.82,24.71,23.82,23.82,1014,94,1014,970,10000,1.45,305,1.68,100,2026-08-20 18:45:28,2026-08-20 05:20:32,2026-08-20 17:43:59,NG,Maitama,2026-08-20 18:45:28.386043,18,2026-08-20,18:45:28,Thursday
gurara,9.322,7.0232,rain,moderate rain,stations,23.59,24.43,23.59,23.59,1014,93,1014,973,10000,1.97,17,3.11,100,2026-08-20 18:45:28,2026-08-20 05:23:45,2026-08-20 17:47:18,NG,Suleja,2026-08-20 18:45:28.488048,18,2026-08-20,18:45:28,Thursday
bwari,9.2856,7.3787,rain,moderate rain,stations,22.51,23.3,22.51,22.51,1015,95,1015,952,10000,1.58,3,3.58,100,2026-08-20 18:45:28,2026-08-20 05:22:22,2026-08-20 17:45:51,NG,Maitama,2026-08-20 18:45:28.582042,18,2026-08-20,18:45:28,Thursday
gwagwalada,9.0764,6.9854,rain,moderate rain,stations,24.82,25.73,24.82,24.82,1014,91,1014,990,10000,1.83,353,2.31,100,2026-08-20 18:45:28,2026-08-20 05:24:07,2026-08-20 17:47:14,NG,Kwali,2026-08-20 18:45:28.671422,18,2026-08-20,18:45:28,Thursday
makurdi,7.7306,8.5361,clouds,broken clouds,stations,25.55,26.43,25.55,25.55,1013,87,1013,1002,10000,1.54,357,1.59,67,2026-08-20 18:45:28,2026-08-20 05:19:09,2026-08-20 17:39:48,NG,Walmayo,2026-08-20 18:45:28.763516,18,2026-08-20,18:45:28,Thursday
panda,9.2624,7.8385,clouds,overcast clouds,stations,23.47,24.33,23.47,23.47,1015,94,1015,972,10000,1.67,347,1.58,99,2026-08-20 20:32:49,2026-08-20 05:20:32,2026-08-20 17:43:59,NG,Maitama,2026-08-20 20:32:49.817605,20,2026-08-20,20:32:49,Thursday
gurara,9.322,7.0232,clouds,overcast clouds,stations,23.66,24.54,23.66,23.66,1015,94,1015,974,10000,1.16,326,1.19,100,2026-08-20 20:32:49,2026-08-20 05:23:45,2026-08-20 17:47:18,NG,Suleja,2026-08-20 20:32:49.943466,20,2026-08-20,20:32:49,Thursday
bwari,9.2856,7.3787,clouds,overcast clouds,stations,22.41,23.19,22.41,22.41,1016,95,1016,953,10000,1.42,345,1.4,100,2026-08-20 20:32:50,2026-08-20 05:22:22,2026-08-20 17:45:51,NG,Maitama,2026-08-20 20:32:50.075306,20,2026-08-20,20:32:50,Thursday
gwagwalada,9.0764,6.9854,clouds,overcast clouds,stations,24.6,25.54,24.6,24.6,1014,93,1014,991,10000,1.44,281,2.29,100,2026-08-20 20:32:50,2026-08-20 05:24:07,2026-08-20 17:47:14,NG,Kwali,2026-08-20 20:32:50.207802,20,2026-08-20,20:32:50,Thursday
makurdi,7.7306,8.5361,rain,moderate rain,stations,24.46,25.39,24.46,24.46,1014,93,1014,1003,10000,1.06,289,1.05,74,2026-08-20 20:32:50,2026-08-20 05:19:09,2026-08-20 17:39:48,NG,Walmayo,2026-08-20 20:32:50.333074,20,2026-08-20,20:32:50,Thursday
panda,9.2624,7.8385,clouds,overcast clouds,stations,23.5,24.36,23.5,23.5,1015,94,1015,972,10000,0.7,281,0.68,98,2026-08-20 22:31:30,2026-08-20 05:20:32,2026-08-20 17:43:59,NG,Maitama,2026-08-20 22:31:30.691866,22,2026-08-20,22:31:30,Thursday
gurara,9.322,7.0232,clouds,overcast clouds,stations,23.53,24.39,23.53,23.53,1015,94,1015,974,10000,0.37,294,0.51,100,2026-08-20 22:31:30,2026-08-20 05:23:45,2026-08-20 17:47:18,NG,Suleja,2026-08-20 22:31:30.833370,22,2026-08-20,22:31:30,Thursday
bwari,9.2856,7.3787,clouds,overcast clouds,stations,22.13,22.88,22.13,22.13,1016,95,1016,953,10000,0.39,302,0.51,97,2026-08-20 22:31:30,2026-08-20 05:22:22,2026-08-20 17:45:51,NG,Maitama,2026-08-20 22:31:30.963164,22,2026-08-20,22:31:30,Thursday
gwagwalada,9.0764,6.9854,rain,light rain,stations,24.4,25.35,24.4,24.4,1015,94,1015,992,10000,0.66,219,0.73,100,2026-08-20 22:31:31,2026-08-20 05:24:07,2026-08-20 17:47:14,NG,Kwali,2026-08-20 22:31:31.102534,22,2026-08-20,22:31:31,Thursday
makurdi,7.7306,8.5361,clouds,broken clouds,stations,24.19,25.09,24.19,24.19,1014,93,1014,1003,10000,0.59,282,0.63,65,2026-08-20 22:31:31,2026-08-20 05:19:09,2026-08-20 17:39:48,NG,Walmayo,2026-08-20 22:31:31.254031,22,2026-08-20,22:31:31,Thursday
panda,9.2624,7.8385,clouds,overcast clouds,stations,22.58,23.37,22.58,22.58,1013,95,1013,970,10000,1.2,330,1.2,99,2026-08-21 01:37:36,2026-08-21 05:20:32,2026-08-21 17:43:31,NG,Maitama,2026-08-21 01:37:36.405913,1,2026-08-21,01:37:36,Friday
gurara,9.322,7.0232,clouds,overcast clouds,stations,22.77,23.61,22.77,22.77,1013,96,1013,972,10000,0.54,13,0.62,93,2026-08-21 01:37:36,2026-08-21 05:23:45,2026-08-21 17:46:50,NG,Suleja,2026-08-21 01:37:36.533517,1,2026-08-21,01:37:36,Friday
bwari,9.2856,7.3787,clouds,overcast clouds,stations,21.45,22.18,21.45,21.45,1014,97,1014,951,10000,1.16,323,1.21,87,2026-08-21 01:37:36,2026-08-21 05:22:21,2026-08-21 17:45:23,NG,Maitama,2026-08-21 01:37:36.675666,1,2026-08-21,01:37:36,Friday
gwagwalada,9.0764,6.9854,clouds,overcast clouds,stations,23.88,24.8,23.88,23.88,1013,95,1013,989,10000,0.78,10,0.84,99,2026-08-21 01:37:36,2026-08-21 05:24:07,2026-08-21 17:46:46,NG,Kwali,2026-08-21 01:37:36.865729,1,2026-08-21,01:37:36,Friday
makurdi,7.7306,8.5361,clouds,overcast clouds,stations,23.77,24.71,23.77,23.77,1013,96,1013,1001,10000,0.46,310,0.56,100,2026-08-21 01:37:36,2026-08-21 05:19:07,2026-08-21 17:39:22,NG,Walmayo,2026-08-21 01:37:36.977546,1,2026-08-21,01:37:36,Friday
panda,9.2624,7.8385,clouds,overcast clouds,stations,22.32,23.11,22.32,22.32,1014,96,1014,970,10000,1.24,339,1.24,99,2026-08-21 03:07:03,2026-08-21 05:20:32,2026-08-21 17:43:31,NG,Maitama,2026-08-21 03:07:04.002774,3,2026-08-21,03:07:03,Friday
gurara,9.322,7.0232,clouds,overcast clouds,stations,22.56,23.38,22.56,22.56,1013,96,1013,972,10000,1.18,5,1.16,95,2026-08-21 03:07:04,2026-08-21 05:23:45,2026-08-21 17:46:50,NG,Suleja,2026-08-21 03:07:04.054049,3,2026-08-21,03:07:04,Friday
bwari,9.2856,7.3787,clouds,overcast clouds,stations,21.33,22.05,21.33,21.33,1014,97,1014,951,10000,1.31,346,1.32,85,2026-08-21 03:07:04,2026-08-21 05:22:21,2026-08-21 17:45:23,NG,Maitama,2026-08-21 03:07:04.111960,3,2026-08-21,03:07:04,Friday
gwagwalada,9.0764,6.9854,rain,light rain,stations,23.73,24.64,23.73,23.73,1013,95,1013,990,10000,0.76,23,0.81,99,2026-08-21 03:07:04,2026-08-21 05:24:07,2026-08-21 17:46:46,NG,Kwali,2026-08-21 03:07:04.162272,3,2026-08-21,03:07:04,Friday
makurdi,7.7306,8.5361,clouds,overcast clouds,stations,23.58,24.5,23.58,23.58,1013,96,1013,1001,10000,0.63,311,0.68,96,2026-08-21 03:07:04,2026-08-21 05:19:07,2026-08-21 17:39:22,NG,Walmayo,2026-08-21 03:07:04.225878,3,2026-08-21,03:07:04,Friday
panda,9.2624,7.8385,rain,light rain,stations,22.08,22.85,22.08,22.08,1015,96,1015,971,10000,0.57,285,0.66,93,2026-08-21 04:41:59,2026-08-21 05:20:32,2026-08-21 17:43:31,NG,Maitama,2026-08-21 04:41:59.027243,4,2026-08-21,04:41:59,Friday
gurara,9.322,7.0232,rain,light rain,stations,22.55,23.37,22.55,22.55,1014,96,1014,973,10000,0.98,329,1.14,96,2026-08-21 04:41:59,2026-08-21 05:23:45,2026-08-21 17:46:50,NG,Suleja,2026-08-21 04:41:59.175071,4,2026-08-21,04:41:59,Friday
bwari,9.2856,7.3787,rain,moderate rain,stations,21.05,21.74,21.05,21.05,1015,97,1015,952,8911,0.52,31,0.71,88,2026-08-21 04:41:59,2026-08-21 05:22:21,2026-08-21 17:45:23,NG,Maitama,2026-08-21 04:41:59.335232,4,2026-08-21,04:41:59,Friday
gwagwalada,9.0764,6.9854,rain,moderate rain,stations,23.25,24.14,23.25,23.25,1014,96,1014,991,10000,0.4,261,1.04,99,2026-08-21 04:41:59,2026-08-21 05:24:07,2026-08-21 17:46:46,NG,Kwali,2026-08-21 04:41:59.476710,4,2026-08-21,04:41:59,Friday
makurdi,7.7306,8.5361,clouds,overcast clouds,stations,23.52,24.43,23.52,23.52,1014,96,1014,1002,10000,1.1,280,1.13,97,2026-08-21 04:41:59,2026-08-21 05:19:07,2026-08-21 17:39:22,NG,Walmayo,2026-08-21 04:41:59.639434,4,2026-08-21,04:41:59,Friday
panda,9.2624,7.8385,rain,light rain,stations,23.84,24.68,23.84,23.84,1015,92,1015,972,10000,1.07,346,2.05,100,2026-08-21 06:53:48,2026-08-21 05:20:32,2026-08-21 17:43:31,NG,Maitama,2026-08-21 06:53:48.366191,6,2026-08-21,06:53:48,Friday
gurara,9.322,7.0232,rain,moderate rain,stations,23.78,24.64,23.78,23.78,1015,93,1015,974,10000,1.45,323,4.53,98,2026-08-21 06:53:48,2026-08-21 05:23:45,2026-08-21 17:46:50,NG,Suleja,2026-08-21 06:53:48.420402,6,2026-08-21,06:53:48,Friday
bwari,9.2856,7.3787,rain,light rain,stations,23.34,24.13,23.34,23.34,1016,92,1016,953,10000,1.58,344,4.65,98,2026-08-21 06:53:48,2026-08-21 05:22:21,2026-08-21 17:45:23,NG,Maitama,2026-08-21 06:53:48.469070,6,2026-08-21,06:53:48,Friday
gwagwalada,9.0764,6.9854,rain,moderate rain,stations,24.29,25.2,24.29,24.29,1015,93,1015,992,7393,1.75,269,4.54,99,2026-08-21 06:53:48,2026-08-21 05:24:07,2026-08-21 17:46:46,NG,Kwali,2026-08-21 06:53:48.515938,6,2026-08-21,06:53:48,Friday
makurdi,7.7306,8.5361,rain,light rain,stations,24.99,25.95,24.99,24.99,1015,92,1015,1003,10000,0.7,152,0.91,100,2026-08-21 06:53:48,2026-08-21 05:19:07,2026-08-21 17:39:22,NG,Walmayo,2026-08-21 06:53:48.561139,6,2026-08-21,06:53:48,Friday
panda,9.2624,7.8385,rain,moderate rain,stations,25.65,26.52,25.65,25.65,1016,86,1016,972,7674,1.52,17,2.58,90,2026-08-21 08:45:47,2026-08-21 05:20:32,2026-08-21 17:43:31,NG,Maitama,2026-08-21 08:45:47.051882,8,2026-08-21,08:45:47,Friday
gurara,9.322,7.0232,rain,light rain,stations,24.86,25.75,24.86,24.86,1016,90,1016,975,10000,2.06,320,4.3,99,2026-08-21 08:45:47,2026-08-21 05:23:45,2026-08-21 17:46:50,NG,Suleja,2026-08-21 08:45:47.173796,8,2026-08-21,08:45:47,Friday
bwari,9.2856,7.3787,rain,moderate rain,stations,24.81,25.59,24.81,24.81,1016,86,1016,954,10000,1.75,336,2.96,95,2026-08-21 08:45:47,2026-08-21 05:22:21,2026-08-21 17:45:23,NG,Maitama,2026-08-21 08:45:47.328935,8,2026-08-21,08:45:47,Friday
gwagwalada,9.0764,6.9854,rain,moderate rain,stations,26.38,26.38,26.38,26.38,1015,87,1015,992,10000,2.49,312,4.37,99,2026-08-21 08:45:47,2026-08-21 05:24:07,2026-08-21 17:46:46,NG,Kwali,2026-08-21 08:45:47.480456,8,2026-08-21,08:45:47,Friday
makurdi,7.7306,8.5361,rain,moderate rain,stations,27.31,30.78,27.31,27.31,1015,83,1015,1004,7068,1.58,125,1.88,98,2026-08-21 08:45:47,2026-08-21 05:19:07,2026-08-21 17:39:22,NG,Walmayo,2026-08-21 08:45:47.637850,8,2026-08-21,08:45:47,Friday
panda,9.2624,7.8385,rain,moderate rain,stations,25.33,26.22,25.33,25.33,1015,88,1015,972,10000,0.54,79,1.27,94,2026-08-21 10:34:11,2026-08-21 05:20:32,2026-08-21 17:43:31,NG,Maitama,2026-08-21 10:34:11.313397,10,2026-08-21,10:34:11,Friday
gurara,9.322,7.0232,rain,light rain,stations,26.46,26.46,26.46,26.46,1015,81,1015,974,10000,2.44,350,3.64,99,2026-08-21 10:34:11,2026-08-21 05:23:45,2026-08-21 17:46:50,NG,Suleja,2026-08-21 10:34:11.377478,10,2026-08-21,10:34:11,Friday
bwari,9.2856,7.3787,rain,light rain,stations,24.08,24.87,24.08,24.08,1016,89,1016,953,10000,1.57,11,2.92,97,2026-08-21 10:34:11,2026-08-21 05:22:21,2026-08-21 17:45:23,NG,Maitama,2026-08-21 10:34:11.429989,10,2026-08-21,10:34:11,Friday
gwagwalada,9.0764,6.9854,rain,light rain,stations,28.45,32.55,28.45,28.45,1014,76,1014,992,10000,2.25,342,3.12,96,2026-08-21 10:34:11,2026-08-21 05:24:07,2026-08-21 17:46:46,NG,Kwali,2026-08-21 10:34:11.481747,10,2026-08-21,10:34:11,Friday
makurdi,7.7306,8.5361,rain,light rain,stations,27.33,30.83,27.33,27.33,1014,83,1014,1003,10000,0.64,44,0.89,98,2026-08-21 10:34:11,2026-08-21 05:19:07,2026-08-21 17:39:22,NG,Walmayo,2026-08-21 10:34:11.538827,10,2026-08-21,10:34:11,Friday
panda,9.2624,7.8385,clouds,overcast clouds,stations,24.74,25.62,24.74,24.74,1014,90,1014,970,10000,1.33,133,3.4,100,2026-08-21 12:55:33,2026-08-21 05:20:32,2026-08-21 17:43:31,NG,Maitama,2026-08-21 12:55:33.475587,12,2026-08-21,12:55:33,Friday
gurara,9.322,7.0232,clouds,overcast clouds,stations,24.94,25.84,24.94,24.94,1013,90,1013,972,10000,1.37,341,2.77,100,2026-08-21 12:55:33,2026-08-21 05:23:45,2026-08-21 17:46:50,NG,Suleja,2026-08-21 12:55:33.537760,12,2026-08-21,12:55:33,Friday
bwari,9.2856,7.3787,clouds,overcast clouds,stations,24.3,25.0,24.3,24.3,1014,85,1014,951,10000,1.18,71,2.6,100,2026-08-21 12:55:33,2026-08-21 05:22:21,2026-08-21 17:45:23,NG,Maitama,2026-08-21 12:55:33.593658,12,2026-08-21,12:55:33,Friday
gwagwalada,9.0764,6.9854,clouds,overcast clouds,stations,26.76,29.46,26.76,26.76,1013,83,1013,990,10000,1.79,339,2.94,98,2026-08-21 12:55:33,2026-08-21 05:24:07,2026-08-21 17:46:46,NG,Kwali,2026-08-21 12:55:33.650557,12,2026-08-21,12:55:33,Friday
makurdi,7.7306,8.5361,rain,light rain,stations,26.66,26.66,26.66,26.66,1013,87,1013,1002,10000,1.43,334,2.15,100,2026-08-21 12:55:33,2026-08-21 05:19:07,2026-08-21 17:39:22,NG,Walmayo,2026-08-21 12:55:33.711560,12,2026-08-21,12:55:33,Friday
panda,9.2624,7.8385,rain,light rain,stations,23.31,24.23,23.31,23.31,1013,97,1013,970,10000,1.45,128,3.4,100,2026-08-21 14:39:07,2026-08-21 05:20:32,2026-08-21 17:43:31,NG,Maitama,2026-08-21 14:39:07.507044,14,2026-08-21,14:39:07,Friday
gurara,9.322,7.0232,rain,light rain,stations,24.86,25.78,24.86,24.86,1012,91,1012,972,10000,0.56,42,2.08,100,2026-08-21 14:39:07,2026-08-21 05:23:45,2026-08-21 17:46:50,NG,Suleja,2026-08-21 14:39:07.606586,14,2026-08-21,14:39:07,Friday
bwari,9.2856,7.3787,rain,light rain,stations,23.38,24.12,23.38,23.38,1013,90,1013,950,10000,2.4,114,5.05,100,2026-08-21 14:39:07,2026-08-21 05:22:21,2026-08-21 17:45:23,NG,Maitama,2026-08-21 14:39:07.712788,14,2026-08-21,14:39:07,Friday
gwagwalada,9.0764,6.9854,rain,light rain,stations,25.62,26.59,25.62,25.62,1012,90,1012,989,9863,0.52,297,1.03,99,2026-08-21 14:39:07,2026-08-21 05:24:07,2026-08-21 17:46:46,NG,Kwali,2026-08-21 14:39:07.812308,14,2026-08-21,14:39:07,Friday
makurdi,7.7322,8.5391,clouds,overcast clouds,stations,26.75,29.36,26.75,26.75,1012,82,1012,1001,10000,2.15,6,2.54,100,2026-08-21 14:37:52,2026-08-21 05:19:06,2026-08-21 17:39:22,NG,Walmayo,2026-08-21 14:39:07.894675,14,2026-08-21,14:37:52,Friday
panda,9.2624,7.8385,rain,light rain,stations,22.83,23.73,22.83,22.83,1014,98,1014,970,10000,0.18,125,0.69,100,2026-08-21 16:38:55,2026-08-21 05:20:32,2026-08-21 17:43:31,NG,Maitama,2026-08-21 16:38:55.573114,16,2026-08-21,16:38:55,Friday
gurara,9.322,7.0232,rain,light rain,stations,23.47,24.3,23.47,23.47,1013,93,1013,972,10000,1.71,119,3.69,99,2026-08-21 16:38:55,2026-08-21 05:23:45,2026-08-21 17:46:50,NG,Suleja,2026-08-21 16:38:55.718636,16,2026-08-21,16:38:55,Friday
bwari,9.2856,7.3787,rain,light rain,stations,21.77,22.51,21.77,21.77,1014,96,1014,951,10000,2.11,109,5.73,100,2026-08-21 16:38:55,2026-08-21 05:22:21,2026-08-21 17:45:23,NG,Maitama,2026-08-21 16:38:55.861196,16,2026-08-21,16:38:55,Friday
gwagwalada,9.0764,6.9854,rain,light rain,stations,24.45,25.38,24.45,24.45,1013,93,1013,989,10000,1.43,137,2.11,99,2026-08-21 16:38:55,2026-08-21 05:24:07,2026-08-21 17:46:46,NG,Kwali,2026-08-21 16:38:55.980639,16,2026-08-21,16:38:55,Friday
makurdi,7.7306,8.5361,clouds,overcast clouds,stations,25.09,26.03,25.09,25.09,1012,91,1012,1001,10000,1.49,333,2.24,100,2026-08-21 16:38:56,2026-08-21 05:19:07,2026-08-21 17:39:22,NG,Walmayo,2026-08-21 16:38:56.140153,16,2026-08-21,16:38:56,Friday
panda,9.2624,7.8385,clouds,overcast clouds,stations,22.37,23.12,22.37,22.37,1014,94,1014,970,10000,1.33,353,1.57,100,2026-08-21 18:41:39,2026-08-21 05:20:32,2026-08-21 17:43:31,NG,Maitama,2026-08-21 18:41:39.972266,18,2026-08-21,18:41:39,Friday
gurara,9.322,7.0232,clouds,overcast clouds,stations,22.99,23.8,22.99,22.99,1014,94,1014,973,10000,1.32,58,1.63,100,2026-08-21 18:41:40,2026-08-21 05:23:45,2026-08-21 17:46:50,NG,Suleja,2026-08-21 18:41:40.104726,18,2026-08-21,18:41:40,Friday
bwari,9.2856,7.3787,clouds,overcast clouds,stations,21.59,22.29,21.59,21.59,1014,95,1014,951,10000,1.59,53,2.85,100,2026-08-21 18:41:40,2026-08-21 05:22:21,2026-08-21 17:45:23,NG,Maitama,2026-08-21 18:41:40.231050,18,2026-08-21,18:41:40,Friday
gwagwalada,9.0764,6.9854,clouds,overcast clouds,stations,24.01,24.95,24.01,24.01,1013,95,1013,990,10000,0.44,98,0.82,100,2026-08-21 18:41:40,2026-08-21 05:24:07,2026-08-21 17:46:46,NG,Kwali,2026-08-21 18:41:40.368945,18,2026-08-21,18:41:40,Friday
makurdi,7.7306,8.5361,clouds,overcast clouds,stations,25.97,25.97,25.97,25.97,1013,85,1013,1002,10000,0.5,322,0.75,100,2026-08-21 18:41:40,2026-08-21 05:19:07,2026-08-21 17:39:22,NG,Walmayo,2026-08-21 18:41:40.498919,18,2026-08-21,18:41:40,Friday
panda,9.2624,7.8385,clouds,overcast clouds,stations,22.4,23.1,22.4,22.4,1015,92,1015,971,10000,0.98,23,1.15,100,2026-08-21 20:29:58,2026-08-21 05:20:32,2026-08-21 17:43:31,NG,Maitama,2026-08-21 20:29:58.489450,20,2026-08-21,20:29:58,Friday
gurara,9.322,7.0232,clouds,overcast clouds,stations,22.79,23.58,22.79,22.79,1014,94,1014,973,10000,0.69,105,1.29,100,2026-08-21 20:29:58,2026-08-21 05:23:45,2026-08-21 17:46:50,NG,Suleja,2026-08-21 20:29:58.605227,20,2026-08-21,20:29:58,Friday
bwari,9.2856,7.3787,clouds,overcast clouds,stations,21.46,22.12,21.46,21.46,1015,94,1015,952,10000,0.73,78,1.0,100,2026-08-21 20:29:58,2026-08-21 05:22:21,2026-08-21 17:45:23,NG,Maitama,2026-08-21 20:29:58.723699,20,2026-08-21,20:29:58,Friday
gwagwalada,9.0764,6.9854,clouds,overcast clouds,stations,23.88,24.8,23.88,23.88,1014,95,1014,991,10000,0.57,162,0.69,100,2026-08-21 20:29:58,2026-08-21 05:24:07,2026-08-21 17:46:46,NG,Kwali,2026-08-21 20:29:58.886725,20,2026-08-21,20:29:58,Friday
makurdi,7.7306,8.5361,clouds,overcast clouds,stations,25.48,26.38,25.48,25.48,1014,88,1014,1003,10000,0.09,278,0.4,100,2026-08-21 20:29:58,2026-08-21 05:19:07,2026-08-21 17:39:22,NG,Walmayo,2026-08-21 20:29:58.999040,20,2026-08-21,20:29:58,Friday
panda,9.2624,7.8385,clouds,overcast clouds,stations,22.1,22.77,22.1,22.1,1015,92,1015,971,10000,0.21,41,0.38,100,2026-08-21 22:28:59,2026-08-21 05:20:32,2026-08-21 17:43:31,NG,Maitama,2026-08-21 22:28:59.033291,22,2026-08-21,22:28:59,Friday
gurara,9.322,7.0232,clouds,overcast clouds,stations,22.52,23.31,22.52,22.52,1015,95,1015,974,10000,0.87,95,0.87,99,2026-08-21 22:28:59,2026-08-21 05:23:45,2026-08-21 17:46:50,NG,Suleja,2026-08-21 22:28:59.093032,22,2026-08-21,22:28:59,Friday
bwari,9.2856,7.3787,clouds,overcast clouds,stations,21.27,21.85,21.27,21.27,1015,92,1015,952,10000,1.22,98,1.25,100,2026-08-21 22:28:59,2026-08-21 05:22:21,2026-08-21 17:45:23,NG,Maitama,2026-08-21 22:28:59.153667,22,2026-08-21,22:28:59,Friday
gwagwalada,9.0764,6.9854,clouds,overcast clouds,stations,23.7,24.61,23.7,23.7,1014,95,1014,991,10000,0.86,110,0.94,100,2026-08-21 22:28:59,2026-08-21 05:24:07,2026-08-21 17:46:46,NG,Kwali,2026-08-21 22:28:59.213613,22,2026-08-21,22:28:59,Friday
makurdi,7.7306,8.5361,clouds,overcast clouds,stations,24.73,25.63,24.73,24.73,1014,91,1014,1003,10000,0.94,198,0.96,89,2026-08-21 22:28:59,2026-08-21 05:19:07,2026-08-21 17:39:22,NG,Walmayo,2026-08-21 22:28:59.268209,22,2026-08-21,22:28:59,Friday
panda,9.2624,7.8385,clouds,overcast clouds,stations,21.46,22.14,21.46,21.46,1015,95,1015,971,10000,0.44,325,0.53,100,2026-08-22 01:26:03,2026-08-22 05:20:32,2026-08-22 17:43:03,NG,Maitama,2026-08-22 01:26:03.032308,1,2026-08-22,01:26:03,Saturday
gurara,9.322,7.0232,clouds,overcast clouds,stations,21.99,22.7,21.99,21.99,1014,94,1014,973,10000,1.02,110,1.06,100,2026-08-22 01:26:03,2026-08-22 05:23:44,2026-08-22 17:46:22,NG,Suleja,2026-08-22 01:26:03.090418,1,2026-08-22,01:26:03,Saturday
bwari,9.2856,7.3787,clouds,overcast clouds,stations,20.85,21.42,20.85,20.85,1015,93,1015,951,10000,0.9,117,0.96,100,2026-08-22 01:26:03,2026-08-22 05:22:21,2026-08-22 17:44:54,NG,Maitama,2026-08-22 01:26:03.155497,1,2026-08-22,01:26:03,Saturday
gwagwalada,9.0764,6.9854,clouds,overcast clouds,stations,22.94,23.77,22.94,22.94,1014,95,1014,990,10000,0.64,107,0.67,100,2026-08-22 01:26:03,2026-08-22 05:24:06,2026-08-22 17:46:18,NG,Kwali,2026-08-22 01:26:03.208172,1,2026-08-22,01:26:03,Saturday
makurdi,7.7306,8.5361,clouds,overcast clouds,stations,24.31,25.17,24.31,24.31,1013,91,1013,1002,10000,1.32,205,1.99,100,2026-08-22 01:26:03,2026-08-22 05:19:04,2026-08-22 17:38:56,NG,Walmayo,2026-08-22 01:26:03.298173,1,2026-08-22,01:26:03,Saturday
panda,9.2624,7.8385,clouds,overcast clouds,stations,21.38,22.03,21.38,21.38,1014,94,1014,970,10000,0.59,85,0.69,100,2026-08-22 02:57:27,2026-08-22 05:20:32,2026-08-22 17:43:03,NG,Maitama,2026-08-22 02:57:27.844786,2,2026-08-22,02:57:27,Saturday
gurara,9.322,7.0232,clouds,overcast clouds,stations,21.53,22.19,21.53,21.53,1014,94,1014,972,10000,1.29,120,1.28,100,2026-08-22 02:57:27,2026-08-22 05:23:44,2026-08-22 17:46:22,NG,Suleja,2026-08-22 02:57:27.903028,2,2026-08-22,02:57:27,Saturday
bwari,9.2856,7.3787,clouds,overcast clouds,stations,20.6,21.14,20.6,20.6,1014,93,1014,951,10000,1.19,130,1.23,98,2026-08-22 02:57:27,2026-08-22 05:22:21,2026-08-22 17:44:54,NG,Maitama,2026-08-22 02:57:27.950826,2,2026-08-22,02:57:27,Saturday
gwagwalada,9.0764,6.9854,clouds,overcast clouds,stations,22.5,23.29,22.5,22.5,1013,95,1013,990,10000,1.06,107,1.07,99,2026-08-22 02:57:27,2026-08-22 05:24:06,2026-08-22 17:46:18,NG,Kwali,2026-08-22 02:57:28.000114,2,2026-08-22,02:57:27,Saturday
makurdi,7.7306,8.5361,clouds,overcast clouds,stations,23.93,24.83,23.93,23.93,1013,94,1013,1002,10000,1.93,188,6.63,100,2026-08-22 02:57:28,2026-08-22 05:19:04,2026-08-22 17:38:56,NG,Walmayo,2026-08-22 02:57:28.051172,2,2026-08-22,02:57:28,Saturday
panda,9.2624,7.8385,clouds,overcast clouds,stations,21.19,21.85,21.19,21.19,1015,95,1015,971,10000,0.73,87,0.8,100,2026-08-22 04:36:54,2026-08-22 05:20:32,2026-08-22 17:43:03,NG,Maitama,2026-08-22 04:36:54.021154,4,2026-08-22,04:36:54,Saturday
gurara,9.322,7.0232,clouds,overcast clouds,stations,21.3,21.94,21.3,21.3,1015,94,1015,973,10000,1.17,130,1.18,98,2026-08-22 04:36:54,2026-08-22 05:23:44,2026-08-22 17:46:22,NG,Suleja,2026-08-22 04:36:54.072854,4,2026-08-22,04:36:54,Saturday
bwari,9.2856,7.3787,clouds,overcast clouds,stations,20.51,21.04,20.51,20.51,1015,93,1015,952,10000,1.46,130,1.47,99,2026-08-22 04:36:54,2026-08-22 05:22:21,2026-08-22 17:44:54,NG,Maitama,2026-08-22 04:36:54.140224,4,2026-08-22,04:36:54,Saturday
gwagwalada,9.0764,6.9854,clouds,overcast clouds,stations,22.45,23.26,22.45,22.45,1014,96,1014,991,10000,0.82,115,0.88,98,2026-08-22 04:36:54,2026-08-22 05:24:06,2026-08-22 17:46:18,NG,Kwali,2026-08-22 04:36:54.189857,4,2026-08-22,04:36:54,Saturday
makurdi,7.7306,8.5361,rain,light rain,stations,23.71,24.64,23.71,23.71,1014,96,1014,1003,10000,1.81,196,6.63,100,2026-08-22 04:36:54,2026-08-22 05:19:04,2026-08-22 17:38:56,NG,Walmayo,2026-08-22 04:36:54.242073,4,2026-08-22,04:36:54,Saturday
panda,9.2624,7.8385,clouds,broken clouds,stations,23.01,23.74,23.01,23.01,1016,91,1016,972,10000,1.06,153,2.02,67,2026-08-22 06:47:04,2026-08-22 05:20:32,2026-08-22 17:43:03,NG,Maitama,2026-08-22 06:47:04.189557,6,2026-08-22,06:47:04,Saturday
gurara,9.322,7.0232,clouds,scattered clouds,stations,23.23,23.98,23.23,23.23,1016,91,1016,975,10000,1.67,170,3.63,37,2026-08-22 06:47:04,2026-08-22 05:23:44,2026-08-22 17:46:22,NG,Suleja,2026-08-22 06:47:04.335628,6,2026-08-22,06:47:04,Saturday
bwari,9.2856,7.3787,clouds,scattered clouds,stations,22.34,23.01,22.34,22.34,1016,91,1016,953,10000,1.88,163,3.87,49,2026-08-22 06:47:04,2026-08-22 05:22:21,2026-08-22 17:44:54,NG,Maitama,2026-08-22 06:47:04.486071,6,2026-08-22,06:47:04,Saturday
gwagwalada,9.0764,6.9854,clouds,scattered clouds,stations,24.26,25.14,24.26,24.26,1016,92,1016,992,10000,1.2,171,2.62,37,2026-08-22 06:47:04,2026-08-22 05:24:06,2026-08-22 17:46:18,NG,Kwali,2026-08-22 06:47:04.643346,6,2026-08-22,06:47:04,Saturday
makurdi,7.7306,8.5361,clouds,broken clouds,stations,24.94,25.89,24.94,24.94,1016,92,1016,1004,10000,2.58,201,4.65,84,2026-08-22 06:47:04,2026-08-22 05:19:04,2026-08-22 17:38:56,NG,Walmayo,2026-08-22 06:47:04.766229,6,2026-08-22,06:47:04,Saturday
panda,9.2624,7.8385,clouds,scattered clouds,stations,26.61,26.61,26.61,26.61,1017,80,1017,973,10000,1.52,159,2.49,48,2026-08-22 08:34:34,2026-08-22 05:20:32,2026-08-22 17:43:03,NG,Maitama,2026-08-22 08:34:34.560914,8,2026-08-22,08:34:34,Saturday
gurara,9.322,7.0232,clouds,scattered clouds,stations,26.39,26.39,26.39,26.39,1016,80,1016,976,10000,2.06,178,3.24,41,2026-08-22 08:34:34,2026-08-22 05:23:44,2026-08-22 17:46:22,NG,Suleja,2026-08-22 08:34:34.656050,8,2026-08-22,08:34:34,Saturday
bwari,9.2856,7.3787,clouds,scattered clouds,stations,25.58,26.28,25.58,25.58,1017,80,1017,954,10000,1.93,186,2.98,46,2026-08-22 08:34:34,2026-08-22 05:22:21,2026-08-22 17:44:54,NG,Maitama,2026-08-22 08:34:34.761750,8,2026-08-22,08:34:34,Saturday
gwagwalada,9.0764,6.9854,rain,light rain,stations,27.19,30.27,27.19,27.19,1016,81,1016,993,10000,1.84,180,2.88,35,2026-08-22 08:34:34,2026-08-22 05:24:06,2026-08-22 17:46:18,NG,Kwali,2026-08-22 08:34:34.823819,8,2026-08-22,08:34:34,Saturday
makurdi,7.7306,8.5361,clouds,overcast clouds,stations,27.83,31.54,27.83,27.83,1016,79,1016,1005,10000,2.89,214,3.86,95,2026-08-22 08:34:34,2026-08-22 05:19:04,2026-08-22 17:38:56,NG,Walmayo,2026-08-22 08:34:34.892868,8,2026-08-22,08:34:34,Saturday
panda,9.2624,7.8385,clouds,broken clouds,stations,27.92,31.18,27.92,27.92,1016,75,1016,973,10000,1.55,156,2.11,52,2026-08-22 10:27:33,2026-08-22 05:20:32,2026-08-22 17:43:03,NG,Maitama,2026-08-22 10:27:33.575801,10,2026-08-22,10:27:33,Saturday
gurara,9.322,7.0232,rain,light rain,stations,27.34,30.17,27.34,27.34,1016,77,1016,975,10000,1.9,181,2.52,50,2026-08-22 10:27:33,2026-08-22 05:23:44,2026-08-22 17:46:22,NG,Suleja,2026-08-22 10:27:33.630490,10,2026-08-22,10:27:33,Saturday
bwari,9.2856,7.3787,rain,light rain,stations,26.87,29.03,26.87,26.87,1016,75,1016,954,10000,1.74,170,2.52,50,2026-08-22 10:27:33,2026-08-22 05:22:21,2026-08-22 17:44:54,NG,Maitama,2026-08-22 10:27:33.682644,10,2026-08-22,10:27:33,Saturday
gwagwalada,9.0764,6.9854,rain,light rain,stations,27.83,31.54,27.83,27.83,1015,79,1015,992,10000,1.83,185,2.44,45,2026-08-22 10:27:33,2026-08-22 05:24:06,2026-08-22 17:46:18,NG,Kwali,2026-08-22 10:27:33.759925,10,2026-08-22,10:27:33,Saturday
makurdi,7.7306,8.5361,rain,light rain,stations,28.82,33.25,28.82,28.82,1015,75,1015,1004,10000,2.56,216,3.23,96,2026-08-22 10:27:33,2026-08-22 05:19:04,2026-08-22 17:38:56,NG,Walmayo,2026-08-22 10:27:33.806358,10,2026-08-22,10:27:33,Saturday
panda,9.2624,7.8385,rain,light rain,stations,29.74,34.19,29.74,29.74,1013,69,1013,970,10000,2.37,146,3.12,47,2026-08-22 12:47:10,2026-08-22 05:20:32,2026-08-22 17:43:03,NG,Maitama,2026-08-22 12:47:10.271381,12,2026-08-22,12:47:10,Saturday
gurara,9.322,7.0232,rain,light rain,stations,28.0,31.95,28.0,28.0,1013,79,1013,972,10000,2.03,170,2.51,40,2026-08-22 12:47:10,2026-08-22 05:23:44,2026-08-22 17:46:22,NG,Suleja,2026-08-22 12:47:10.339183,12,2026-08-22,12:47:10,Saturday
bwari,9.2856,7.3787,rain,light rain,stations,27.49,30.5,27.49,27.49,1013,77,1013,951,10000,2.46,160,3.44,45,2026-08-22 12:47:10,2026-08-22 05:22:21,2026-08-22 17:44:54,NG,Maitama,2026-08-22 12:47:10.404262,12,2026-08-22,12:47:10,Saturday
gwagwalada,9.0764,6.9854,rain,light rain,stations,29.28,34.4,29.28,29.28,1012,75,1012,990,10000,1.49,167,1.85,48,2026-08-22 12:47:10,2026-08-22 05:24:06,2026-08-22 17:46:18,NG,Kwali,2026-08-22 12:47:10.469062,12,2026-08-22,12:47:10,Saturday
makurdi,7.7306,8.5361,rain,light rain,stations,30.88,35.87,30.88,30.88,1012,65,1012,1001,10000,1.73,221,1.88,99,2026-08-22 12:47:10,2026-08-22 05:19:04,2026-08-22 17:38:56,NG,Walmayo,2026-08-22 12:47:10.534402,12,2026-08-22,12:47:10,Saturday
panda,9.2624,7.8385,rain,light rain,stations,29.98,34.29,29.98,29.98,1012,67,1012,969,10000,2.45,144,3.32,45,2026-08-22 14:25:37,2026-08-22 05:20:32,2026-08-22 17:43:03,NG,Maitama,2026-08-22 14:25:37.394697,14,2026-08-22,14:25:37,Saturday
gurara,9.322,7.0232,rain,light rain,stations,28.36,32.5,28.36,28.36,1012,77,1012,972,10000,2.04,157,2.56,68,2026-08-22 14:25:37,2026-08-22 05:23:44,2026-08-22 17:46:22,NG,Suleja,2026-08-22 14:25:37.489753,14,2026-08-22,14:25:37,Saturday
bwari,9.2856,7.3787,rain,light rain,stations,27.57,30.55,27.57,27.57,1012,76,1012,950,10000,2.33,164,3.48,62,2026-08-22 14:25:37,2026-08-22 05:22:21,2026-08-22 17:44:54,NG,Maitama,2026-08-22 14:25:37.593347,14,2026-08-22,14:25:37,Saturday
gwagwalada,9.0764,6.9854,rain,light rain,stations,29.61,34.55,29.61,29.61,1012,72,1012,989,10000,1.77,144,2.21,74,2026-08-22 14:25:37,2026-08-22 05:24:06,2026-08-22 17:46:18,NG,Kwali,2026-08-22 14:25:37.685216,14,2026-08-22,14:25:37,Saturday
makurdi,7.7306,8.5361,rain,light rain,stations,30.84,36.05,30.84,30.84,1011,66,1011,1000,10000,1.32,215,1.53,99,2026-08-22 14:25:37,2026-08-22 05:19:04,2026-08-22 17:38:56,NG,Walmayo,2026-08-22 14:25:37.803111,14,2026-08-22,14:25:37,Saturday
panda,9.2624,7.8385,rain,moderate rain,stations,28.22,32.82,28.22,28.22,1012,81,1012,969,10000,2.13,162,3.49,62,2026-08-22 16:29:13,2026-08-22 05:20:32,2026-08-22 17:43:03,NG,Maitama,2026-08-22 16:29:13.300906,16,2026-08-22,16:29:13,Saturday
gurara,9.322,7.0232,rain,light rain,stations,28.03,31.87,28.03,28.03,1012,78,1012,971,10000,1.7,164,2.28,68,2026-08-22 16:29:13,2026-08-22 05:23:44,2026-08-22 17:46:22,NG,Suleja,2026-08-22 16:29:13.370818,16,2026-08-22,16:29:13,Saturday
bwari,9.2856,7.3787,rain,light rain,stations,26.47,26.47,26.47,26.47,1012,84,1012,950,10000,1.88,185,2.99,73,2026-08-22 16:29:13,2026-08-22 05:22:21,2026-08-22 17:44:54,NG,Maitama,2026-08-22 16:29:13.443325,16,2026-08-22,16:29:13,Saturday
gwagwalada,9.0764,6.9854,rain,light rain,stations,29.24,34.3,29.24,29.24,1011,75,1011,989,10000,1.6,164,2.06,70,2026-08-22 16:29:13,2026-08-22 05:24:06,2026-08-22 17:46:18,NG,Kwali,2026-08-22 16:29:13.509954,16,2026-08-22,16:29:13,Saturday
makurdi,7.7306,8.5361,rain,light rain,stations,29.45,35.3,29.45,29.45,1011,77,1011,1000,10000,2.34,188,2.9,97,2026-08-22 16:29:13,2026-08-22 05:19:04,2026-08-22 17:38:56,NG,Walmayo,2026-08-22 16:29:13.577607,16,2026-08-22,16:29:13,Saturday
panda,9.2624,7.8385,rain,light rain,stations,24.15,25.02,24.15,24.15,1014,92,1014,971,10000,0.83,161,0.94,100,2026-08-22 18:35:52,2026-08-22 05:20:32,2026-08-22 17:43:03,NG,Maitama,2026-08-22 18:35:52.356761,18,2026-08-22,18:35:52,Saturday
gurara,9.322,7.0232,rain,moderate rain,stations,24.14,25.06,24.14,24.14,1014,94,1014,973,10000,1.3,218,1.38,100,2026-08-22 18:35:52,2026-08-22 05:23:44,2026-08-22 17:46:22,NG,Suleja,2026-08-22 18:35:52.477194,18,2026-08-22,18:35:52,Saturday
bwari,9.2856,7.3787,rain,moderate rain,stations,23.13,23.93,23.13,23.13,1014,93,1014,951,10000,0.9,151,1.03,100,2026-08-22 18:35:52,2026-08-22 05:22:21,2026-08-22 17:44:54,NG,Maitama,2026-08-22 18:35:52.595234,18,2026-08-22,18:35:52,Saturday
gwagwalada,9.0764,6.9854,rain,moderate rain,stations,24.98,25.96,24.98,24.98,1013,93,1013,990,10000,1.28,227,1.32,100,2026-08-22 18:35:52,2026-08-22 05:24:06,2026-08-22 17:46:18,NG,Kwali,2026-08-22 18:35:52.772910,18,2026-08-22,18:35:52,Saturday
makurdi,7.7306,8.5361,rain,moderate rain,stations,25.35,26.32,25.35,25.35,1013,91,1013,1002,10000,1.48,173,1.53,100,2026-08-22 18:35:52,2026-08-22 05:19:04,2026-08-22 17:38:56,NG,Walmayo,2026-08-22 18:35:52.924424,18,2026-08-22,18:35:52,Saturday
panda,9.2624,7.8385,rain,light rain,stations,23.77,24.63,23.77,23.77,1015,93,1015,972,10000,1.01,139,1.16,100,2026-08-22 20:27:19,2026-08-22 05:20:32,2026-08-22 17:43:03,NG,Maitama,2026-08-22 20:27:19.047421,20,2026-08-22,20:27:19,Saturday
gurara,9.322,7.0232,rain,moderate rain,stations,24.0,24.88,24.0,24.0,1014,93,1014,974,10000,0.69,167,0.91,100,2026-08-22 20:27:19,2026-08-22 05:23:44,2026-08-22 17:46:22,NG,Suleja,2026-08-22 20:27:19.174981,20,2026-08-22,20:27:19,Saturday
bwari,9.2856,7.3787,rain,moderate rain,stations,22.63,23.38,22.63,22.63,1015,93,1015,952,10000,1.38,122,1.39,100,2026-08-22 20:27:19,2026-08-22 05:22:21,2026-08-22 17:44:54,NG,Maitama,2026-08-22 20:27:19.295897,20,2026-08-22,20:27:19,Saturday
gwagwalada,9.0764,6.9854,rain,moderate rain,stations,24.95,25.9,24.95,24.95,1014,92,1014,991,10000,0.89,214,1.08,100,2026-08-22 20:27:19,2026-08-22 05:24:06,2026-08-22 17:46:18,NG,Kwali,2026-08-22 20:27:19.418201,20,2026-08-22,20:27:19,Saturday
makurdi,7.7306,8.5361,rain,light rain,stations,25.51,26.44,25.51,25.51,1014,89,1014,1003,10000,1.27,205,1.29,100,2026-08-22 20:27:19,2026-08-22 05:19:04,2026-08-22 17:38:56,NG,Walmayo,2026-08-22 20:27:19.539225,20,2026-08-22,20:27:19,Saturday
panda,9.2624,7.8385,clouds,overcast clouds,stations,23.52,24.38,23.52,23.52,1016,94,1016,973,10000,0.49,79,0.6,100,2026-08-22 22:26:08,2026-08-22 05:20:32,2026-08-22 17:43:03,NG,Maitama,2026-08-22 22:26:08.951921,22,2026-08-22,22:26:08,Saturday
gurara,9.322,7.0232,clouds,overcast clouds,stations,24.01,24.84,24.01,24.01,1016,91,1016,975,10000,0.79,169,0.81,100,2026-08-22 22:26:09,2026-08-22 05:23:44,2026-08-22 17:46:22,NG,Suleja,2026-08-22 22:26:09.067171,22,2026-08-22,22:26:09,Saturday
bwari,9.2856,7.3787,clouds,overcast clouds,stations,22.71,23.41,22.71,22.71,1016,91,1016,953,10000,0.93,141,1.0,100,2026-08-22 22:26:09,2026-08-22 05:22:21,2026-08-22 17:44:54,NG,Maitama,2026-08-22 22:26:09.206340,22,2026-08-22,22:26:09,Saturday
gwagwalada,9.0764,6.9854,clouds,overcast clouds,stations,24.91,25.83,24.91,24.91,1015,91,1015,992,10000,0.33,175,0.37,100,2026-08-22 22:26:09,2026-08-22 05:24:06,2026-08-22 17:46:18,NG,Kwali,2026-08-22 22:26:09.344948,22,2026-08-22,22:26:09,Saturday
makurdi,7.7306,8.5361,clouds,overcast clouds,stations,24.61,25.53,24.61,24.61,1015,92,1015,1004,10000,1.89,191,2.29,100,2026-08-22 22:26:09,2026-08-22 05:19:04,2026-08-22 17:38:56,NG,Walmayo,2026-08-22 22:26:09.491042,22,2026-08-22,22:26:09,Saturday
panda,9.2624,7.8385,rain,light rain,stations,22.26,23.05,22.26,22.26,1014,96,1014,970,10000,0.64,10,0.74,100,2026-08-23 01:40:16,2026-08-23 05:20:31,2026-08-23 17:42:34,NG,Maitama,2026-08-23 01:40:16.424762,1,2026-08-23,01:40:16,Sunday
gurara,9.322,7.0232,rain,moderate rain,stations,22.46,23.29,22.46,22.46,1014,97,1014,973,10000,0.16,105,0.66,100,2026-08-23 01:40:16,2026-08-23 05:23:43,2026-08-23 17:45:53,NG,Suleja,2026-08-23 01:40:16.597985,1,2026-08-23,01:40:16,Sunday
bwari,9.2856,7.3787,rain,moderate rain,stations,21.42,22.1,21.42,21.42,1014,95,1014,951,10000,0.34,107,0.55,100,2026-08-23 01:40:16,2026-08-23 05:22:20,2026-08-23 17:44:25,NG,Maitama,2026-08-23 01:40:16.752807,1,2026-08-23,01:40:16,Sunday
gwagwalada,9.0764,6.9854,rain,moderate rain,stations,23.14,24.07,23.14,23.14,1014,98,1014,990,4359,1.09,188,2.63,100,2026-08-23 01:40:16,2026-08-23 05:24:05,2026-08-23 17:45:49,NG,Kwali,2026-08-23 01:40:16.877028,1,2026-08-23,01:40:16,Sunday
makurdi,7.7306,8.5361,clouds,overcast clouds,stations,23.52,24.43,23.52,23.52,1014,96,1014,1002,10000,2.64,210,9.18,100,2026-08-23 01:40:16,2026-08-23 05:19:01,2026-08-23 17:38:29,NG,Walmayo,2026-08-23 01:40:17.042051,1,2026-08-23,01:40:16,Sunday
panda,9.2624,7.8385,rain,light rain,stations,22.2,22.98,22.2,22.2,1014,96,1014,970,10000,0.36,116,0.43,100,2026-08-23 03:06:44,2026-08-23 05:20:31,2026-08-23 17:42:34,NG,Maitama,2026-08-23 03:06:44.537870,3,2026-08-23,03:06:44,Sunday
gurara,9.322,7.0232,rain,light rain,stations,22.41,23.24,22.41,22.41,1014,97,1014,973,10000,1.12,176,1.47,100,2026-08-23 03:06:44,2026-08-23 05:23:43,2026-08-23 17:45:53,NG,Suleja,2026-08-23 03:06:44.689579,3,2026-08-23,03:06:44,Sunday
bwari,9.2856,7.3787,rain,light rain,stations,21.34,22.01,21.34,21.34,1014,95,1014,951,10000,0.95,184,1.04,100,2026-08-23 03:06:44,2026-08-23 05:22:20,2026-08-23 17:44:25,NG,Maitama,2026-08-23 03:06:44.785740,3,2026-08-23,03:06:44,Sunday
gwagwalada,9.0764,6.9854,rain,moderate rain,stations,23.11,24.04,23.11,23.11,1014,98,1014,990,10000,1.9,194,5.35,100,2026-08-23 03:06:44,2026-08-23 05:24:05,2026-08-23 17:45:49,NG,Kwali,2026-08-23 03:06:44.874703,3,2026-08-23,03:06:44,Sunday
makurdi,7.7306,8.5361,clouds,overcast clouds,stations,23.52,24.43,23.52,23.52,1014,96,1014,1002,10000,2.48,203,8.74,100,2026-08-23 03:06:44,2026-08-23 05:19:01,2026-08-23 17:38:29,NG,Walmayo,2026-08-23 03:06:44.967670,3,2026-08-23,03:06:44,Sunday
panda,9.2624,7.8385,rain,light rain,stations,21.9,22.68,21.9,21.9,1016,97,1016,972,10000,0.65,148,0.69,100,2026-08-23 04:41:31,2026-08-23 05:20:31,2026-08-23 17:42:34,NG,Maitama,2026-08-23 04:41:31.749040,4,2026-08-23,04:41:31,Sunday
gurara,9.322,7.0232,clouds,overcast clouds,stations,22.02,22.86,22.02,22.02,1015,99,1015,974,10000,1.09,151,1.52,100,2026-08-23 04:41:31,2026-08-23 05:23:43,2026-08-23 17:45:53,NG,Suleja,2026-08-23 04:41:31.795588,4,2026-08-23,04:41:31,Sunday
bwari,9.2856,7.3787,clouds,overcast clouds,stations,21.01,21.7,21.01,21.01,1016,97,1016,952,10000,1.15,194,1.56,100,2026-08-23 04:41:31,2026-08-23 05:22:20,2026-08-23 17:44:25,NG,Maitama,2026-08-23 04:41:31.840859,4,2026-08-23,04:41:31,Sunday
gwagwalada,9.0764,6.9854,clouds,overcast clouds,stations,22.88,23.78,22.88,22.88,1015,98,1015,991,10000,0.82,133,0.92,100,2026-08-23 04:41:31,2026-08-23 05:24:05,2026-08-23 17:45:49,NG,Kwali,2026-08-23 04:41:31.884866,4,2026-08-23,04:41:31,Sunday
makurdi,7.7306,8.5361,clouds,overcast clouds,stations,23.04,23.93,23.04,23.04,1015,97,1015,1004,10000,1.74,202,5.75,100,2026-08-23 04:41:31,2026-08-23 05:19:01,2026-08-23 17:38:29,NG,Walmayo,2026-08-23 04:41:31.930447,4,2026-08-23,04:41:31,Sunday
panda,9.2624,7.8385,clouds,overcast clouds,stations,23.3,24.14,23.3,23.3,1016,94,1016,972,10000,0.45,132,0.63,100,2026-08-23 06:48:06,2026-08-23 05:20:31,2026-08-23 17:42:34,NG,Maitama,2026-08-23 06:48:06.339685,6,2026-08-23,06:48:06,Sunday
gurara,9.322,7.0232,clouds,overcast clouds,stations,23.48,24.39,23.48,23.48,1016,96,1016,975,10000,0.84,232,1.42,100,2026-08-23 06:48:06,2026-08-23 05:23:43,2026-08-23 17:45:53,NG,Suleja,2026-08-23 06:48:06.431202,6,2026-08-23,06:48:06,Sunday
bwari,9.2856,7.3787,clouds,overcast clouds,stations,22.65,23.45,22.65,22.65,1016,95,1016,953,10000,0.88,242,1.4,100,2026-08-23 06:48:06,2026-08-23 05:22:20,2026-08-23 17:44:25,NG,Maitama,2026-08-23 06:48:06.522034,6,2026-08-23,06:48:06,Sunday
gwagwalada,9.0764,6.9854,clouds,overcast clouds,stations,24.24,25.2,24.24,24.24,1016,95,1016,992,10000,0.82,237,1.49,100,2026-08-23 06:48:06,2026-08-23 05:24:05,2026-08-23 17:45:49,NG,Kwali,2026-08-23 06:48:06.615834,6,2026-08-23,06:48:06,Sunday
makurdi,7.7306,8.5361,clouds,overcast clouds,stations,24.54,25.5,24.54,24.54,1015,94,1015,1004,10000,2.15,209,5.04,100,2026-08-23 06:48:06,2026-08-23 05:19:01,2026-08-23 17:38:29,NG,Walmayo,2026-08-23 06:48:06.711731,6,2026-08-23,06:48:06,Sunday
panda,9.2624,7.8385,clouds,overcast clouds,stations,24.75,25.63,24.75,24.75,1017,90,1017,973,10000,0.48,164,0.91,100,2026-08-23 08:34:54,2026-08-23 05:20:31,2026-08-23 17:42:34,NG,Maitama,2026-08-23 08:34:54.446703,8,2026-08-23,08:34:54,Sunday
gurara,9.322,7.0232,clouds,overcast clouds,stations,24.54,25.43,24.54,24.54,1017,91,1017,976,10000,0.41,257,0.52,100,2026-08-23 08:34:54,2026-08-23 05:23:43,2026-08-23 17:45:53,NG,Suleja,2026-08-23 08:34:54.543958,8,2026-08-23,08:34:54,Sunday
bwari,9.2856,7.3787,clouds,overcast clouds,stations,23.08,23.9,23.08,23.08,1017,94,1017,954,10000,0.5,253,0.72,100,2026-08-23 08:34:54,2026-08-23 05:22:20,2026-08-23 17:44:25,NG,Maitama,2026-08-23 08:34:54.634576,8,2026-08-23,08:34:54,Sunday
gwagwalada,9.0764,6.9854,clouds,overcast clouds,stations,25.4,26.32,25.4,25.4,1016,89,1016,993,10000,0.26,236,0.34,100,2026-08-23 08:34:54,2026-08-23 05:24:05,2026-08-23 17:45:49,NG,Kwali,2026-08-23 08:34:54.749262,8,2026-08-23,08:34:54,Sunday
makurdi,7.7306,8.5361,clouds,overcast clouds,stations,26.31,26.31,26.31,26.31,1016,86,1016,1005,10000,2.32,222,3.9,100,2026-08-23 08:34:54,2026-08-23 05:19:01,2026-08-23 17:38:29,NG,Walmayo,2026-08-23 08:34:54.843581,8,2026-08-23,08:34:54,Sunday
panda,9.2624,7.8385,clouds,overcast clouds,stations,25.55,26.46,25.55,25.55,1017,88,1017,973,10000,0.47,149,0.68,100,2026-08-23 10:27:43,2026-08-23 05:20:31,2026-08-23 17:42:34,NG,Maitama,2026-08-23 10:27:43.156282,10,2026-08-23,10:27:43,Sunday
gurara,9.322,7.0232,rain,light rain,stations,25.8,26.68,25.8,25.8,1016,86,1016,975,10000,0.82,273,0.8,100,2026-08-23 10:27:43,2026-08-23 05:23:43,2026-08-23 17:45:53,NG,Suleja,2026-08-23 10:27:43.240927,10,2026-08-23,10:27:43,Sunday
bwari,9.2856,7.3787,clouds,overcast clouds,stations,25.68,26.5,25.68,25.68,1017,84,1017,954,10000,0.7,273,0.6,100,2026-08-23 10:27:43,2026-08-23 05:22:20,2026-08-23 17:44:25,NG,Maitama,2026-08-23 10:27:43.326504,10,2026-08-23,10:27:43,Sunday
gwagwalada,9.0764,6.9854,clouds,overcast clouds,stations,27.63,31.33,27.63,27.63,1016,81,1016,993,10000,0.81,278,0.76,100,2026-08-23 10:27:43,2026-08-23 05:24:05,2026-08-23 17:45:49,NG,Kwali,2026-08-23 10:27:43.412067,10,2026-08-23,10:27:43,Sunday
makurdi,7.7306,8.5361,rain,light rain,stations,28.01,31.82,28.01,28.01,1016,78,1016,1005,10000,2.35,226,3.01,100,2026-08-23 10:27:43,2026-08-23 05:19:01,2026-08-23 17:38:29,NG,Walmayo,2026-08-23 10:27:43.502894,10,2026-08-23,10:27:43,Sunday
panda,9.2624,7.8385,clouds,overcast clouds,stations,29.64,33.32,29.64,29.64,1013,66,1013,970,10000,0.89,137,1.56,100,2026-08-23 12:48:10,2026-08-23 05:20:31,2026-08-23 17:42:34,NG,Maitama,2026-08-23 12:48:10.665511,12,2026-08-23,12:48:10,Sunday
gurara,9.322,7.0232,clouds,overcast clouds,stations,29.03,32.79,29.03,29.03,1013,70,1013,973,10000,0.53,178,1.26,100,2026-08-23 12:48:10,2026-08-23 05:23:43,2026-08-23 17:45:53,NG,Suleja,2026-08-23 12:48:10.719383,12,2026-08-23,12:48:10,Sunday
bwari,9.2856,7.3787,clouds,overcast clouds,stations,28.56,31.32,28.56,28.56,1013,67,1013,952,10000,0.92,125,2.0,100,2026-08-23 12:48:10,2026-08-23 05:22:20,2026-08-23 17:44:25,NG,Maitama,2026-08-23 12:48:10.768356,12,2026-08-23,12:48:10,Sunday
gwagwalada,9.0764,6.9854,rain,light rain,stations,29.55,34.63,29.55,29.55,1013,73,1013,990,10000,0.52,158,0.96,100,2026-08-23 12:48:10,2026-08-23 05:24:05,2026-08-23 17:45:49,NG,Kwali,2026-08-23 12:48:10.828229,12,2026-08-23,12:48:10,Sunday
makurdi,7.7306,8.5361,clouds,overcast clouds,stations,30.19,34.77,30.19,30.19,1012,67,1012,1001,10000,2.33,231,2.24,100,2026-08-23 12:48:10,2026-08-23 05:19:01,2026-08-23 17:38:29,NG,Walmayo,2026-08-23 12:48:10.891498,12,2026-08-23,12:48:10,Sunday
